[19Dec2025 00:54:31.327] [main/INFO] [cpw.mods.modlauncher.Launcher/MODLAUNCHER]: ModLauncher running: args [--launchTarget, forgeserver, --fml.forgeVersion, 43.4.2, --fml.mcVersion, 1.19.2, --fml.forgeGroup, net.minecraftforge, --fml.mcpVersion, 20220805.130853, nogui]
[19Dec2025 00:54:31.333] [main/INFO] [cpw.mods.modlauncher.Launcher/MODLAUNCHER]: ModLauncher 10.0.8+10.0.8+main.0ef7e830 starting: java version 17.0.17 by Ubuntu; OS Linux arch amd64 version 6.8.0-1030-azure
[19Dec2025 00:54:31.355] [main/DEBUG] [cpw.mods.modlauncher.LaunchServiceHandler/MODLAUNCHER]: Found launch services [fmlclientdev,forgeclient,minecraft,forgegametestserverdev,fmlserveruserdev,fmlclient,fmldatauserdev,forgeserverdev,forgeserveruserdev,forgeclientdev,forgeclientuserdev,forgeserver,forgedatadev,fmlserver,fmlclientuserdev,fmlserverdev,forgedatauserdev,testharness,forgegametestserveruserdev]
[19Dec2025 00:54:31.365] [main/DEBUG] [cpw.mods.modlauncher.NameMappingServiceHandler/MODLAUNCHER]: Found naming services : [srgtomcp]
[19Dec2025 00:54:31.379] [main/DEBUG] [cpw.mods.modlauncher.LaunchPluginHandler/MODLAUNCHER]: Found launch plugins: [mixin,eventbus,slf4jfixer,object_holder_definalize,runtime_enum_extender,capability_token_subclass,accesstransformer,runtimedistcleaner]
[19Dec2025 00:54:31.391] [main/DEBUG] [cpw.mods.modlauncher.TransformationServicesHandler/MODLAUNCHER]: Discovering transformation services
[19Dec2025 00:54:36.770] [main/DEBUG] [cpw.mods.modlauncher.TransformationServicesHandler/MODLAUNCHER]: Found additional transformation services from discovery services: 
[19Dec2025 00:54:36.780] [main/DEBUG] [cpw.mods.modlauncher.TransformationServicesHandler/MODLAUNCHER]: Found transformer services : [mixin,fml]
[19Dec2025 00:54:36.780] [main/DEBUG] [cpw.mods.modlauncher.TransformationServicesHandler/MODLAUNCHER]: Transformation services loading
[19Dec2025 00:54:36.781] [main/DEBUG] [cpw.mods.modlauncher.TransformationServiceDecorator/MODLAUNCHER]: Loading service mixin
[19Dec2025 00:54:36.781] [main/DEBUG] [cpw.mods.modlauncher.TransformationServiceDecorator/MODLAUNCHER]: Loaded service mixin
[19Dec2025 00:54:36.782] [main/DEBUG] [cpw.mods.modlauncher.TransformationServiceDecorator/MODLAUNCHER]: Loading service fml
[19Dec2025 00:54:36.783] [main/DEBUG] [net.minecraftforge.fml.loading.LauncherVersion/CORE]: Found FMLLauncher version 1.0
[19Dec2025 00:54:36.784] [main/DEBUG] [net.minecraftforge.fml.loading.FMLLoader/CORE]: FML 1.0 loading
[19Dec2025 00:54:36.784] [main/DEBUG] [net.minecraftforge.fml.loading.FMLLoader/CORE]: FML found ModLauncher version : 10.0.8+10.0.8+main.0ef7e830
[19Dec2025 00:54:36.784] [main/DEBUG] [net.minecraftforge.fml.loading.FMLLoader/CORE]: FML found AccessTransformer version : 8.0.4+66+master.c09db6d7
[19Dec2025 00:54:36.785] [main/DEBUG] [net.minecraftforge.fml.loading.FMLLoader/CORE]: FML found EventBus version : 6.0.3+6.0.3+master.039e4ea9
[19Dec2025 00:54:36.785] [main/DEBUG] [net.minecraftforge.fml.loading.FMLLoader/CORE]: Found Runtime Dist Cleaner
[19Dec2025 00:54:36.786] [main/DEBUG] [net.minecraftforge.fml.loading.FMLLoader/CORE]: FML found CoreMod version : 5.0.1+15+master.dc5a2922
[19Dec2025 00:54:36.787] [main/DEBUG] [net.minecraftforge.fml.loading.FMLLoader/CORE]: Found ForgeSPI package implementation version 6.0.0+6.0.0+master.42474703
[19Dec2025 00:54:36.787] [main/DEBUG] [net.minecraftforge.fml.loading.FMLLoader/CORE]: Found ForgeSPI package specification 5
[19Dec2025 00:54:36.788] [main/DEBUG] [cpw.mods.modlauncher.TransformationServiceDecorator/MODLAUNCHER]: Loaded service fml
[19Dec2025 00:54:36.789] [main/DEBUG] [cpw.mods.modlauncher.TransformationServicesHandler/MODLAUNCHER]: Configuring option handling for services
[19Dec2025 00:54:36.795] [main/DEBUG] [cpw.mods.modlauncher.TransformationServicesHandler/MODLAUNCHER]: Transformation services initializing
[19Dec2025 00:54:36.795] [main/DEBUG] [cpw.mods.modlauncher.TransformationServiceDecorator/MODLAUNCHER]: Initializing transformation service mixin
[19Dec2025 00:54:36.808] [main/DEBUG] [mixin/]: MixinService [ModLauncher] was successfully booted in cpw.mods.cl.ModuleClassLoader@27a8c74e
[19Dec2025 00:54:36.858] [main/INFO] [mixin/]: SpongePowered MIXIN Subsystem Version=0.8.5 Source=union:/workspaces/symmetrical-octo-engine/servidor_minecraft/libraries/org/spongepowered/mixin/0.8.5/mixin-0.8.5.jar%2363!/ Service=ModLauncher Env=SERVER
[19Dec2025 00:54:36.861] [main/DEBUG] [mixin/]: Initialising Mixin Platform Manager
[19Dec2025 00:54:36.862] [main/DEBUG] [mixin/]: Adding mixin platform agents for container ModLauncher Root Container(ModLauncher:4f56a0a2)
[19Dec2025 00:54:36.862] [main/DEBUG] [mixin/]: Instancing new MixinPlatformAgentMinecraftForge for ModLauncher Root Container(ModLauncher:4f56a0a2)
[19Dec2025 00:54:36.863] [main/DEBUG] [mixin/]: MixinPlatformAgentMinecraftForge rejected container ModLauncher Root Container(ModLauncher:4f56a0a2)
[19Dec2025 00:54:36.863] [main/DEBUG] [mixin/]: Instancing new MixinPlatformAgentDefault for ModLauncher Root Container(ModLauncher:4f56a0a2)
[19Dec2025 00:54:36.863] [main/DEBUG] [mixin/]: MixinPlatformAgentDefault accepted container ModLauncher Root Container(ModLauncher:4f56a0a2)
[19Dec2025 00:54:36.866] [main/DEBUG] [cpw.mods.modlauncher.TransformationServiceDecorator/MODLAUNCHER]: Initialized transformation service mixin
[19Dec2025 00:54:36.866] [main/DEBUG] [cpw.mods.modlauncher.TransformationServiceDecorator/MODLAUNCHER]: Initializing transformation service fml
[19Dec2025 00:54:36.866] [main/DEBUG] [net.minecraftforge.fml.loading.FMLServiceProvider/CORE]: Setting up basic FML game directories
[19Dec2025 00:54:36.867] [main/DEBUG] [net.minecraftforge.fml.loading.FileUtils/CORE]: Found existing GAMEDIR directory : /workspaces/symmetrical-octo-engine/servidor_minecraft
[19Dec2025 00:54:36.868] [main/DEBUG] [net.minecraftforge.fml.loading.FMLPaths/CORE]: Path GAMEDIR is /workspaces/symmetrical-octo-engine/servidor_minecraft
[19Dec2025 00:54:36.868] [main/DEBUG] [net.minecraftforge.fml.loading.FileUtils/CORE]: Found existing MODSDIR directory : /workspaces/symmetrical-octo-engine/servidor_minecraft/mods
[19Dec2025 00:54:36.868] [main/DEBUG] [net.minecraftforge.fml.loading.FMLPaths/CORE]: Path MODSDIR is /workspaces/symmetrical-octo-engine/servidor_minecraft/mods
[19Dec2025 00:54:36.868] [main/DEBUG] [net.minecraftforge.fml.loading.FileUtils/CORE]: Found existing CONFIGDIR directory : /workspaces/symmetrical-octo-engine/servidor_minecraft/config
[19Dec2025 00:54:36.868] [main/DEBUG] [net.minecraftforge.fml.loading.FMLPaths/CORE]: Path CONFIGDIR is /workspaces/symmetrical-octo-engine/servidor_minecraft/config
[19Dec2025 00:54:36.868] [main/DEBUG] [net.minecraftforge.fml.loading.FMLPaths/CORE]: Path FMLCONFIG is /workspaces/symmetrical-octo-engine/servidor_minecraft/config/fml.toml
[19Dec2025 00:54:36.868] [main/DEBUG] [net.minecraftforge.fml.loading.FMLServiceProvider/CORE]: Loading configuration
[19Dec2025 00:54:36.900] [main/DEBUG] [net.minecraftforge.fml.loading.FileUtils/CORE]: Found existing default config directory directory : /workspaces/symmetrical-octo-engine/servidor_minecraft/defaultconfigs
[19Dec2025 00:54:36.900] [main/DEBUG] [net.minecraftforge.fml.loading.FMLServiceProvider/CORE]: Preparing ModFile
[19Dec2025 00:54:36.903] [main/DEBUG] [net.minecraftforge.fml.loading.FMLServiceProvider/CORE]: Preparing launch handler
[19Dec2025 00:54:36.903] [main/DEBUG] [net.minecraftforge.fml.loading.FMLLoader/CORE]: Using forgeserver as launch service
[19Dec2025 00:54:36.921] [main/DEBUG] [net.minecraftforge.fml.loading.FMLLoader/CORE]: Received command line version data  : VersionInfo[forgeVersion=43.4.2, mcVersion=1.19.2, mcpVersion=20220805.130853, forgeGroup=net.minecraftforge]
[19Dec2025 00:54:36.922] [main/DEBUG] [cpw.mods.modlauncher.TransformationServiceDecorator/MODLAUNCHER]: Initialized transformation service fml
[19Dec2025 00:54:36.923] [main/DEBUG] [cpw.mods.modlauncher.NameMappingServiceHandler/MODLAUNCHER]: Current naming domain is 'srg'
[19Dec2025 00:54:36.923] [main/DEBUG] [cpw.mods.modlauncher.NameMappingServiceHandler/MODLAUNCHER]: Identified name mapping providers {}
[19Dec2025 00:54:36.924] [main/DEBUG] [cpw.mods.modlauncher.TransformationServicesHandler/MODLAUNCHER]: Transformation services begin scanning
[19Dec2025 00:54:36.924] [main/DEBUG] [cpw.mods.modlauncher.TransformationServiceDecorator/MODLAUNCHER]: Beginning scan trigger - transformation service mixin
[19Dec2025 00:54:36.925] [main/DEBUG] [cpw.mods.modlauncher.TransformationServiceDecorator/MODLAUNCHER]: End scan trigger - transformation service mixin
[19Dec2025 00:54:36.925] [main/DEBUG] [cpw.mods.modlauncher.TransformationServiceDecorator/MODLAUNCHER]: Beginning scan trigger - transformation service fml
[19Dec2025 00:54:36.925] [main/DEBUG] [net.minecraftforge.fml.loading.FMLServiceProvider/CORE]: Initiating mod scan
[19Dec2025 00:54:36.934] [main/DEBUG] [net.minecraftforge.fml.loading.moddiscovery.ModListHandler/CORE]: Found mod coordinates from lists: []
[19Dec2025 00:54:36.937] [main/DEBUG] [net.minecraftforge.fml.loading.moddiscovery.ModDiscoverer/CORE]: Found Mod Locators : (mods folder:null),(maven libs:null),(exploded directory:null),(minecraft:null),(userdev classpath:null)
[19Dec2025 00:54:36.937] [main/DEBUG] [net.minecraftforge.fml.loading.moddiscovery.ModDiscoverer/CORE]: Found Dependency Locators : (JarInJar:null)
[19Dec2025 00:54:36.944] [main/DEBUG] [net.minecraftforge.fml.loading.moddiscovery.ModFileParser/LOADING]: Considering mod file candidate /workspaces/symmetrical-octo-engine/servidor_minecraft/mods/AdvancementPlaques-1.19.2-1.4.7.jar
[19Dec2025 00:54:36.986] [main/DEBUG] [net.minecraftforge.fml.loading.moddiscovery.ModFileInfo/LOADING]: Found valid mod file AdvancementPlaques-1.19.2-1.4.7.jar with {advancementplaques} mods - versions {1.4.7}
[19Dec2025 00:54:36.987] [main/DEBUG] [net.minecraftforge.fml.loading.moddiscovery.ModFileParser/LOADING]: Considering mod file candidate /workspaces/symmetrical-octo-engine/servidor_minecraft/mods/Apollyon v1.1.0 (Forge 1.19.2).jar
[19Dec2025 00:54:36.988] [main/DEBUG] [net.minecraftforge.fml.loading.moddiscovery.ModFileInfo/LOADING]: Found valid mod file Apollyon v1.1.0 (Forge 1.19.2).jar with {apollyon} mods - versions {1.1.0}
[19Dec2025 00:54:36.989] [main/DEBUG] [net.minecraftforge.fml.loading.moddiscovery.ModFileParser/LOADING]: Considering mod file candidate /workspaces/symmetrical-octo-engine/servidor_minecraft/mods/architectury-6.6.92-forge.jar
[19Dec2025 00:54:36.990] [main/DEBUG] [net.minecraftforge.fml.loading.moddiscovery.ModFileInfo/LOADING]: Found valid mod file architectury-6.6.92-forge.jar with {architectury} mods - versions {6.6.92}
[19Dec2025 00:54:36.991] [main/DEBUG] [net.minecraftforge.fml.loading.moddiscovery.ModFileParser/LOADING]: Considering mod file candidate /workspaces/symmetrical-octo-engine/servidor_minecraft/mods/ArPhEx-3.2.4-forge-1.19.2.jar
[19Dec2025 00:54:36.992] [main/DEBUG] [net.minecraftforge.fml.loading.moddiscovery.ModFileInfo/LOADING]: Found valid mod file ArPhEx-3.2.4-forge-1.19.2.jar with {arphex} mods - versions {3.2.4}
[19Dec2025 00:54:36.993] [main/DEBUG] [net.minecraftforge.fml.loading.moddiscovery.ModFileParser/LOADING]: Considering mod file candidate /workspaces/symmetrical-octo-engine/servidor_minecraft/mods/BadMobs-1.19.2-16.1.3.jar
[19Dec2025 00:54:36.994] [main/DEBUG] [net.minecraftforge.fml.loading.moddiscovery.ModFileInfo/LOADING]: Found valid mod file BadMobs-1.19.2-16.1.3.jar with {badmobs} mods - versions {16.1.3}
[19Dec2025 00:54:36.995] [main/DEBUG] [net.minecraftforge.fml.loading.moddiscovery.ModFileParser/LOADING]: Considering mod file candidate /workspaces/symmetrical-octo-engine/servidor_minecraft/mods/balm-forge-1.19.2-4.6.0.jar
[19Dec2025 00:54:36.996] [main/DEBUG] [net.minecraftforge.fml.loading.moddiscovery.ModFileInfo/LOADING]: Found valid mod file balm-forge-1.19.2-4.6.0.jar with {balm} mods - versions {4.6.0}
[19Dec2025 00:54:36.997] [main/DEBUG] [net.minecraftforge.fml.loading.moddiscovery.ModFileParser/LOADING]: Considering mod file candidate /workspaces/symmetrical-octo-engine/servidor_minecraft/mods/beautifiedchatserver-1.19.2-2.5.jar
[19Dec2025 00:54:36.999] [main/DEBUG] [net.minecraftforge.fml.loading.moddiscovery.ModFileInfo/LOADING]: Found valid mod file beautifiedchatserver-1.19.2-2.5.jar with {beautifiedchatserver} mods - versions {2.5}
[19Dec2025 00:54:36.999] [main/DEBUG] [net.minecraftforge.fml.loading.moddiscovery.ModFileParser/LOADING]: Considering mod file candidate /workspaces/symmetrical-octo-engine/servidor_minecraft/mods/BetterAdvancements-1.19.2-0.2.2.142.jar
[19Dec2025 00:54:37.001] [main/DEBUG] [net.minecraftforge.fml.loading.moddiscovery.ModFileInfo/LOADING]: Found valid mod file BetterAdvancements-1.19.2-0.2.2.142.jar with {betteradvancements} mods - versions {0.2.2.142}
[19Dec2025 00:54:37.001] [main/DEBUG] [net.minecraftforge.fml.loading.moddiscovery.ModFileParser/LOADING]: Considering mod file candidate /workspaces/symmetrical-octo-engine/servidor_minecraft/mods/betterchunkloading-1.19.2-4.2.jar
[19Dec2025 00:54:37.003] [main/DEBUG] [net.minecraftforge.fml.loading.moddiscovery.ModFileInfo/LOADING]: Found valid mod file betterchunkloading-1.19.2-4.2.jar with {betterchunkloading} mods - versions {1.19.2-4.2}
[19Dec2025 00:54:37.004] [main/DEBUG] [net.minecraftforge.fml.loading.moddiscovery.ModFileParser/LOADING]: Considering mod file candidate /workspaces/symmetrical-octo-engine/servidor_minecraft/mods/bettercombat-forge-1.7.1+1.19.jar
[19Dec2025 00:54:37.006] [main/DEBUG] [net.minecraftforge.fml.loading.moddiscovery.ModFileInfo/LOADING]: Found valid mod file bettercombat-forge-1.7.1+1.19.jar with {bettercombat} mods - versions {1.7.1+1.19}
[19Dec2025 00:54:37.006] [main/DEBUG] [net.minecraftforge.fml.loading.moddiscovery.ModFileParser/LOADING]: Considering mod file candidate /workspaces/symmetrical-octo-engine/servidor_minecraft/mods/BetterCompatibilityChecker-1.0.10-build.50+mc1.19.2.jar
[19Dec2025 00:54:37.007] [main/DEBUG] [net.minecraftforge.fml.loading.moddiscovery.ModFileInfo/LOADING]: Found valid mod file BetterCompatibilityChecker-1.0.10-build.50+mc1.19.2.jar with {bcc} mods - versions {1.0.10-build.50+mc1.19.2}
[19Dec2025 00:54:37.008] [main/DEBUG] [net.minecraftforge.fml.loading.moddiscovery.ModFileParser/LOADING]: Considering mod file candidate /workspaces/symmetrical-octo-engine/servidor_minecraft/mods/Beware-1.19.2-2.3.4.jar
[19Dec2025 00:54:37.008] [main/DEBUG] [net.minecraftforge.fml.loading.moddiscovery.ModFileInfo/LOADING]: Found valid mod file Beware-1.19.2-2.3.4.jar with {bwrtherain} mods - versions {2.3.4}
[19Dec2025 00:54:37.009] [main/DEBUG] [net.minecraftforge.fml.loading.moddiscovery.ModFileParser/LOADING]: Considering mod file candidate /workspaces/symmetrical-octo-engine/servidor_minecraft/mods/BlanketGhost-forge-1.19.2-1.2.jar
[19Dec2025 00:54:37.009] [main/DEBUG] [net.minecraftforge.fml.loading.moddiscovery.ModFileInfo/LOADING]: Found valid mod file BlanketGhost-forge-1.19.2-1.2.jar with {blanketghost} mods - versions {1.0.0}
[19Dec2025 00:54:37.010] [main/DEBUG] [net.minecraftforge.fml.loading.moddiscovery.ModFileParser/LOADING]: Considering mod file candidate /workspaces/symmetrical-octo-engine/servidor_minecraft/mods/BuilderBear-forge-1.19.2-1.1.jar
[19Dec2025 00:54:37.011] [main/DEBUG] [net.minecraftforge.fml.loading.moddiscovery.ModFileInfo/LOADING]: Found valid mod file BuilderBear-forge-1.19.2-1.1.jar with {builder_bear} mods - versions {1.0.0}
[19Dec2025 00:54:37.011] [main/DEBUG] [net.minecraftforge.fml.loading.moddiscovery.ModFileParser/LOADING]: Considering mod file candidate /workspaces/symmetrical-octo-engine/servidor_minecraft/mods/canary-mc1.19.2-0.3.3.jar
[19Dec2025 00:54:37.012] [main/DEBUG] [net.minecraftforge.fml.loading.moddiscovery.ModFileInfo/LOADING]: Found valid mod file canary-mc1.19.2-0.3.3.jar with {canary} mods - versions {0.3.3}
[19Dec2025 00:54:37.013] [main/DEBUG] [net.minecraftforge.fml.loading.moddiscovery.ModFileParser/LOADING]: Considering mod file candidate /workspaces/symmetrical-octo-engine/servidor_minecraft/mods/cartoon_dweller-1.19.2-1.8.0.jar
[19Dec2025 00:54:37.014] [main/DEBUG] [net.minecraftforge.fml.loading.moddiscovery.ModFileInfo/LOADING]: Found valid mod file cartoon_dweller-1.19.2-1.8.0.jar with {cartoon_dweller} mods - versions {1.7.0}
[19Dec2025 00:54:37.014] [main/DEBUG] [net.minecraftforge.fml.loading.moddiscovery.ModFileParser/LOADING]: Considering mod file candidate /workspaces/symmetrical-octo-engine/servidor_minecraft/mods/Cave Dweller Reimagined.jar
[19Dec2025 00:54:37.015] [main/DEBUG] [net.minecraftforge.fml.loading.moddiscovery.ModFileInfo/LOADING]: Found valid mod file Cave Dweller Reimagined.jar with {cave_dweller} mods - versions {1.6.4}
[19Dec2025 00:54:37.016] [main/DEBUG] [net.minecraftforge.fml.loading.moddiscovery.ModFileParser/LOADING]: Considering mod file candidate /workspaces/symmetrical-octo-engine/servidor_minecraft/mods/chunksending-1.19.2-2.8.jar
[19Dec2025 00:54:37.017] [main/DEBUG] [net.minecraftforge.fml.loading.moddiscovery.ModFileInfo/LOADING]: Found valid mod file chunksending-1.19.2-2.8.jar with {chunksending} mods - versions {1.19.2-2.8}
[19Dec2025 00:54:37.018] [main/DEBUG] [net.minecraftforge.fml.loading.moddiscovery.ModFileParser/LOADING]: Considering mod file candidate /workspaces/symmetrical-octo-engine/servidor_minecraft/mods/Chunky-1.3.38.jar
[19Dec2025 00:54:37.018] [main/DEBUG] [net.minecraftforge.fml.loading.moddiscovery.ModFileInfo/LOADING]: Found valid mod file Chunky-1.3.38.jar with {chunky} mods - versions {1.3.38}
[19Dec2025 00:54:37.019] [main/DEBUG] [net.minecraftforge.fml.loading.moddiscovery.ModFileParser/LOADING]: Considering mod file candidate /workspaces/symmetrical-octo-engine/servidor_minecraft/mods/clockworklib-1.19.2-1.0.0.jar
[19Dec2025 00:54:37.020] [main/DEBUG] [net.minecraftforge.fml.loading.moddiscovery.ModFileInfo/LOADING]: Found valid mod file clockworklib-1.19.2-1.0.0.jar with {clockwork} mods - versions {1.19.2-1.0.0}
[19Dec2025 00:54:37.021] [main/DEBUG] [net.minecraftforge.fml.loading.moddiscovery.ModFileParser/LOADING]: Considering mod file candidate /workspaces/symmetrical-octo-engine/servidor_minecraft/mods/cloth-config-8.3.134-forge.jar
[19Dec2025 00:54:37.021] [main/DEBUG] [net.minecraftforge.fml.loading.moddiscovery.ModFileInfo/LOADING]: Found valid mod file cloth-config-8.3.134-forge.jar with {cloth_config} mods - versions {8.3.134}
[19Dec2025 00:54:37.022] [main/DEBUG] [net.minecraftforge.fml.loading.moddiscovery.ModFileParser/LOADING]: Considering mod file candidate /workspaces/symmetrical-octo-engine/servidor_minecraft/mods/Clumps-forge-1.19.2-9.0.0+14.jar
[19Dec2025 00:54:37.023] [main/DEBUG] [net.minecraftforge.fml.loading.moddiscovery.ModFileInfo/LOADING]: Found valid mod file Clumps-forge-1.19.2-9.0.0+14.jar with {clumps} mods - versions {9.0.0+14}
[19Dec2025 00:54:37.023] [main/DEBUG] [net.minecraftforge.fml.loading.moddiscovery.ModFileParser/LOADING]: Considering mod file candidate /workspaces/symmetrical-octo-engine/servidor_minecraft/mods/collective-1.19.2-7.64.jar
[19Dec2025 00:54:37.024] [main/DEBUG] [net.minecraftforge.fml.loading.moddiscovery.ModFileInfo/LOADING]: Found valid mod file collective-1.19.2-7.64.jar with {collective} mods - versions {7.64}
[19Dec2025 00:54:37.024] [main/DEBUG] [net.minecraftforge.fml.loading.moddiscovery.ModFileParser/LOADING]: Considering mod file candidate /workspaces/symmetrical-octo-engine/servidor_minecraft/mods/connectivity-1.19.2-4.6.jar
[19Dec2025 00:54:37.025] [main/DEBUG] [net.minecraftforge.fml.loading.moddiscovery.ModFileInfo/LOADING]: Found valid mod file connectivity-1.19.2-4.6.jar with {connectivity} mods - versions {1.19.2-4.6}
[19Dec2025 00:54:37.026] [main/DEBUG] [net.minecraftforge.fml.loading.moddiscovery.ModFileParser/LOADING]: Considering mod file candidate /workspaces/symmetrical-octo-engine/servidor_minecraft/mods/coroutil-forge-1.19.2-1.3.6.jar
[19Dec2025 00:54:37.026] [main/DEBUG] [net.minecraftforge.fml.loading.moddiscovery.ModFileInfo/LOADING]: Found valid mod file coroutil-forge-1.19.2-1.3.6.jar with {coroutil} mods - versions {1.19.2-1.3.6}
[19Dec2025 00:54:37.027] [main/DEBUG] [net.minecraftforge.fml.loading.moddiscovery.ModFileParser/LOADING]: Considering mod file candidate /workspaces/symmetrical-octo-engine/servidor_minecraft/mods/craftingtweaks-forge-1.19.2-15.1.9.jar
[19Dec2025 00:54:37.027] [main/DEBUG] [net.minecraftforge.fml.loading.moddiscovery.ModFileInfo/LOADING]: Found valid mod file craftingtweaks-forge-1.19.2-15.1.9.jar with {craftingtweaks} mods - versions {15.1.9}
[19Dec2025 00:54:37.028] [main/DEBUG] [net.minecraftforge.fml.loading.moddiscovery.ModFileParser/LOADING]: Considering mod file candidate /workspaces/symmetrical-octo-engine/servidor_minecraft/mods/CuckooClock-forge-1.19.2-1.8.jar
[19Dec2025 00:54:37.029] [main/DEBUG] [net.minecraftforge.fml.loading.moddiscovery.ModFileInfo/LOADING]: Found valid mod file CuckooClock-forge-1.19.2-1.8.jar with {the_cuckoo_clock} mods - versions {1.0.0}
[19Dec2025 00:54:37.029] [main/DEBUG] [net.minecraftforge.fml.loading.moddiscovery.ModFileParser/LOADING]: Considering mod file candidate /workspaces/symmetrical-octo-engine/servidor_minecraft/mods/cupboard-1.19.2-2.6.jar
[19Dec2025 00:54:37.030] [main/DEBUG] [net.minecraftforge.fml.loading.moddiscovery.ModFileInfo/LOADING]: Found valid mod file cupboard-1.19.2-2.6.jar with {cupboard} mods - versions {1.19.2-2.6}
[19Dec2025 00:54:37.031] [main/DEBUG] [net.minecraftforge.fml.loading.moddiscovery.ModFileParser/LOADING]: Considering mod file candidate /workspaces/symmetrical-octo-engine/servidor_minecraft/mods/demonic_watcher-1.19.2-4.6.0.jar
[19Dec2025 00:54:37.031] [main/DEBUG] [net.minecraftforge.fml.loading.moddiscovery.ModFileInfo/LOADING]: Found valid mod file demonic_watcher-1.19.2-4.6.0.jar with {demonic_watcher} mods - versions {1.7.0}
[19Dec2025 00:54:37.041] [main/DEBUG] [net.minecraftforge.fml.loading.moddiscovery.ModFileParser/LOADING]: Considering mod file candidate /workspaces/symmetrical-octo-engine/servidor_minecraft/mods/Emojiful-Forge-1.19.2-4.0.5-all.jar
[19Dec2025 00:54:37.042] [main/DEBUG] [net.minecraftforge.fml.loading.moddiscovery.ModFileInfo/LOADING]: Found valid mod file Emojiful-Forge-1.19.2-4.0.5-all.jar with {emojiful} mods - versions {4.0.5}
[19Dec2025 00:54:37.043] [main/DEBUG] [net.minecraftforge.fml.loading.moddiscovery.ModFileParser/LOADING]: Considering mod file candidate /workspaces/symmetrical-octo-engine/servidor_minecraft/mods/emotecraft-for-MC1.19.2-2.2.5-forge.jar
[19Dec2025 00:54:37.043] [main/DEBUG] [net.minecraftforge.fml.loading.moddiscovery.ModFileInfo/LOADING]: Found valid mod file emotecraft-for-MC1.19.2-2.2.5-forge.jar with {emotecraft} mods - versions {2.2.5}
[19Dec2025 00:54:37.044] [main/DEBUG] [net.minecraftforge.fml.loading.moddiscovery.ModFileParser/LOADING]: Considering mod file candidate /workspaces/symmetrical-octo-engine/servidor_minecraft/mods/endertrigon-1.0.jar
[19Dec2025 00:54:37.045] [main/DEBUG] [net.minecraftforge.fml.loading.moddiscovery.ModFileInfo/LOADING]: Found valid mod file endertrigon-1.0.jar with {endertrigon} mods - versions {1.0}
[19Dec2025 00:54:37.046] [main/DEBUG] [net.minecraftforge.fml.loading.moddiscovery.ModFileParser/LOADING]: Considering mod file candidate /workspaces/symmetrical-octo-engine/servidor_minecraft/mods/endofherobrine-1.19.2-1.0.8.2.jar
[19Dec2025 00:54:37.046] [main/DEBUG] [net.minecraftforge.fml.loading.moddiscovery.ModFileInfo/LOADING]: Found valid mod file endofherobrine-1.19.2-1.0.8.2.jar with {endofherobrine} mods - versions {1.19.2-1.0.8.2}
[19Dec2025 00:54:37.047] [main/DEBUG] [net.minecraftforge.fml.loading.moddiscovery.ModFileParser/LOADING]: Considering mod file candidate /workspaces/symmetrical-octo-engine/servidor_minecraft/mods/EnhancedAI-1.8.7-mc1.19.2.jar
[19Dec2025 00:54:37.047] [main/DEBUG] [net.minecraftforge.fml.loading.moddiscovery.ModFileInfo/LOADING]: Found valid mod file EnhancedAI-1.8.7-mc1.19.2.jar with {enhancedai} mods - versions {1.8.7}
[19Dec2025 00:54:37.048] [main/DEBUG] [net.minecraftforge.fml.loading.moddiscovery.ModFileParser/LOADING]: Considering mod file candidate /workspaces/symmetrical-octo-engine/servidor_minecraft/mods/EyesInTheDark-forge-1.19.2-1.0.jar
[19Dec2025 00:54:37.048] [main/DEBUG] [net.minecraftforge.fml.loading.moddiscovery.ModFileInfo/LOADING]: Found valid mod file EyesInTheDark-forge-1.19.2-1.0.jar with {eyesinthedark} mods - versions {1.0.0}
[19Dec2025 00:54:37.049] [main/DEBUG] [net.minecraftforge.fml.loading.moddiscovery.ModFileParser/LOADING]: Considering mod file candidate /workspaces/symmetrical-octo-engine/servidor_minecraft/mods/farsighted-mobs-forge-1.1-1.19.jar
[19Dec2025 00:54:37.050] [main/DEBUG] [net.minecraftforge.fml.loading.moddiscovery.ModFileInfo/LOADING]: Found valid mod file farsighted-mobs-forge-1.1-1.19.jar with {farsightedmobs} mods - versions {1.1}
[19Dec2025 00:54:37.050] [main/DEBUG] [net.minecraftforge.fml.loading.moddiscovery.ModFileParser/LOADING]: Considering mod file candidate /workspaces/symmetrical-octo-engine/servidor_minecraft/mods/FastFurnace-1.19.2-7.0.0.jar
[19Dec2025 00:54:37.051] [main/DEBUG] [net.minecraftforge.fml.loading.moddiscovery.ModFileInfo/LOADING]: Found valid mod file FastFurnace-1.19.2-7.0.0.jar with {fastfurnace} mods - versions {7.0.0}
[19Dec2025 00:54:37.051] [main/DEBUG] [net.minecraftforge.fml.loading.moddiscovery.ModFileParser/LOADING]: Considering mod file candidate /workspaces/symmetrical-octo-engine/servidor_minecraft/mods/Fastload-Reforged-mc1.19.2-3.4.0.jar
[19Dec2025 00:54:37.052] [main/DEBUG] [net.minecraftforge.fml.loading.moddiscovery.ModFileInfo/LOADING]: Found valid mod file Fastload-Reforged-mc1.19.2-3.4.0.jar with {fastload} mods - versions {3.4.0}
[19Dec2025 00:54:37.052] [main/DEBUG] [net.minecraftforge.fml.loading.moddiscovery.ModFileParser/LOADING]: Considering mod file candidate /workspaces/symmetrical-octo-engine/servidor_minecraft/mods/fastpaintings-1.19-1.1.3.jar
[19Dec2025 00:54:37.053] [main/DEBUG] [net.minecraftforge.fml.loading.moddiscovery.ModFileInfo/LOADING]: Found valid mod file fastpaintings-1.19-1.1.3.jar with {fastpaintings} mods - versions {1.19-1.1.3}
[19Dec2025 00:54:37.053] [main/DEBUG] [net.minecraftforge.fml.loading.moddiscovery.ModFileParser/LOADING]: Considering mod file candidate /workspaces/symmetrical-octo-engine/servidor_minecraft/mods/FastSuite-1.19.2-4.1.1.jar
[19Dec2025 00:54:37.054] [main/DEBUG] [net.minecraftforge.fml.loading.moddiscovery.ModFileInfo/LOADING]: Found valid mod file FastSuite-1.19.2-4.1.1.jar with {fastsuite} mods - versions {4.1.1}
[19Dec2025 00:54:37.057] [main/DEBUG] [net.minecraftforge.fml.loading.moddiscovery.ModFileParser/LOADING]: Considering mod file candidate /workspaces/symmetrical-octo-engine/servidor_minecraft/mods/ferritecore-5.0.3-forge.jar
[19Dec2025 00:54:37.058] [main/DEBUG] [net.minecraftforge.fml.loading.moddiscovery.ModFileInfo/LOADING]: Found valid mod file ferritecore-5.0.3-forge.jar with {ferritecore} mods - versions {5.0.3}
[19Dec2025 00:54:37.059] [main/DEBUG] [net.minecraftforge.fml.loading.moddiscovery.ModFileParser/LOADING]: Considering mod file candidate /workspaces/symmetrical-octo-engine/servidor_minecraft/mods/From-The-Fog-1.19-v1.9.1-Forge-Fabric.jar
[19Dec2025 00:54:37.060] [main/DEBUG] [net.minecraftforge.fml.loading.moddiscovery.ModFileInfo/LOADING]: Found valid mod file From-The-Fog-1.19-v1.9.1-Forge-Fabric.jar with {watching} mods - versions {1.9.1}
[19Dec2025 00:54:37.061] [main/DEBUG] [net.minecraftforge.fml.loading.moddiscovery.ModFileParser/LOADING]: Considering mod file candidate /workspaces/symmetrical-octo-engine/servidor_minecraft/mods/geckolib-forge-1.19-3.1.40.jar
[19Dec2025 00:54:37.062] [main/DEBUG] [net.minecraftforge.fml.loading.moddiscovery.ModFileInfo/LOADING]: Found valid mod file geckolib-forge-1.19-3.1.40.jar with {geckolib3} mods - versions {3.1.40}
[19Dec2025 00:54:37.063] [main/DEBUG] [net.minecraftforge.fml.loading.moddiscovery.ModFileParser/LOADING]: Considering mod file candidate /workspaces/symmetrical-octo-engine/servidor_minecraft/mods/Iceberg-1.19.2-forge-1.1.4.jar
[19Dec2025 00:54:37.064] [main/DEBUG] [net.minecraftforge.fml.loading.moddiscovery.ModFileInfo/LOADING]: Found valid mod file Iceberg-1.19.2-forge-1.1.4.jar with {iceberg} mods - versions {1.1.4}
[19Dec2025 00:54:37.064] [main/DEBUG] [net.minecraftforge.fml.loading.moddiscovery.ModFileParser/LOADING]: Considering mod file candidate /workspaces/symmetrical-octo-engine/servidor_minecraft/mods/ImmediatelyFast-Forge-1.3.3+1.19.2.jar
[19Dec2025 00:54:37.066] [main/DEBUG] [net.minecraftforge.fml.loading.moddiscovery.ModFileInfo/LOADING]: Found valid mod file ImmediatelyFast-Forge-1.3.3+1.19.2.jar with {immediatelyfast} mods - versions {1.3.3+1.19.2}
[19Dec2025 00:54:37.067] [main/DEBUG] [net.minecraftforge.fml.loading.moddiscovery.ModFileParser/LOADING]: Considering mod file candidate /workspaces/symmetrical-octo-engine/servidor_minecraft/mods/immersive_armors-1.5.6+1.19.2-forge.jar
[19Dec2025 00:54:37.067] [main/DEBUG] [net.minecraftforge.fml.loading.moddiscovery.ModFileInfo/LOADING]: Found valid mod file immersive_armors-1.5.6+1.19.2-forge.jar with {immersive_armors} mods - versions {1.5.6+1.19.2}
[19Dec2025 00:54:37.068] [main/DEBUG] [net.minecraftforge.fml.loading.moddiscovery.ModFileParser/LOADING]: Considering mod file candidate /workspaces/symmetrical-octo-engine/servidor_minecraft/mods/InsaneLib-1.7.5-mc1.19.2.jar
[19Dec2025 00:54:37.068] [main/DEBUG] [net.minecraftforge.fml.loading.moddiscovery.ModFileInfo/LOADING]: Found valid mod file InsaneLib-1.7.5-mc1.19.2.jar with {insanelib} mods - versions {1.7.5}
[19Dec2025 00:54:37.069] [main/DEBUG] [net.minecraftforge.fml.loading.moddiscovery.ModFileParser/LOADING]: Considering mod file candidate /workspaces/symmetrical-octo-engine/servidor_minecraft/mods/inventorysorter-1.19.2-21.0.4.jar
[19Dec2025 00:54:37.069] [main/DEBUG] [net.minecraftforge.fml.loading.moddiscovery.ModFileInfo/LOADING]: Found valid mod file inventorysorter-1.19.2-21.0.4.jar with {inventorysorter} mods - versions {21.0.4}
[19Dec2025 00:54:37.070] [main/DEBUG] [net.minecraftforge.fml.loading.moddiscovery.ModFileParser/LOADING]: Considering mod file candidate /workspaces/symmetrical-octo-engine/servidor_minecraft/mods/Item-Obliterator-Forge-1.19.2-2.2.1.jar
[19Dec2025 00:54:37.070] [main/DEBUG] [net.minecraftforge.fml.loading.moddiscovery.ModFileInfo/LOADING]: Found valid mod file Item-Obliterator-Forge-1.19.2-2.2.1.jar with {item_obliterator} mods - versions {2.2.1}
[19Dec2025 00:54:37.071] [main/DEBUG] [net.minecraftforge.fml.loading.moddiscovery.ModFileParser/LOADING]: Considering mod file candidate /workspaces/symmetrical-octo-engine/servidor_minecraft/mods/jei-1.19.2-forge-11.6.0.1019.jar
[19Dec2025 00:54:37.072] [main/DEBUG] [net.minecraftforge.fml.loading.moddiscovery.ModFileInfo/LOADING]: Found valid mod file jei-1.19.2-forge-11.6.0.1019.jar with {jei} mods - versions {11.6.0.1019}
[19Dec2025 00:54:37.073] [main/DEBUG] [net.minecraftforge.fml.loading.moddiscovery.ModFileParser/LOADING]: Considering mod file candidate /workspaces/symmetrical-octo-engine/servidor_minecraft/mods/jei-1.19.2-forge-11.8.1.1034.jar
[19Dec2025 00:54:37.073] [main/DEBUG] [net.minecraftforge.fml.loading.moddiscovery.ModFileInfo/LOADING]: Found valid mod file jei-1.19.2-forge-11.8.1.1034.jar with {jei} mods - versions {11.8.1.1034}
[19Dec2025 00:54:37.074] [main/DEBUG] [net.minecraftforge.fml.loading.moddiscovery.ModFileParser/LOADING]: Considering mod file candidate /workspaces/symmetrical-octo-engine/servidor_minecraft/mods/kim_dweller-1.19.2-1.7.0 (1).jar
[19Dec2025 00:54:37.074] [main/DEBUG] [net.minecraftforge.fml.loading.moddiscovery.ModFileInfo/LOADING]: Found valid mod file kim_dweller-1.19.2-1.7.0 (1).jar with {kim_dweller} mods - versions {1.7.0}
[19Dec2025 00:54:37.075] [main/DEBUG] [net.minecraftforge.fml.loading.moddiscovery.ModFileParser/LOADING]: Considering mod file candidate /workspaces/symmetrical-octo-engine/servidor_minecraft/mods/kubejs-forge-1902.6.2-build.73.jar
[19Dec2025 00:54:37.076] [main/DEBUG] [net.minecraftforge.fml.loading.moddiscovery.ModFileInfo/LOADING]: Found valid mod file kubejs-forge-1902.6.2-build.73.jar with {kubejs} mods - versions {1902.6.2-build.73}
[19Dec2025 00:54:37.076] [main/DEBUG] [net.minecraftforge.fml.loading.moddiscovery.ModFileParser/LOADING]: Considering mod file candidate /workspaces/symmetrical-octo-engine/servidor_minecraft/mods/lazydfu-1.19-1.0.2.jar
[19Dec2025 00:54:37.077] [main/DEBUG] [net.minecraftforge.fml.loading.moddiscovery.ModFileInfo/LOADING]: Found valid mod file lazydfu-1.19-1.0.2.jar with {lazydfu} mods - versions {0.1.3}
[19Dec2025 00:54:37.077] [main/DEBUG] [net.minecraftforge.fml.loading.moddiscovery.ModFileParser/LOADING]: Considering mod file candidate /workspaces/symmetrical-octo-engine/servidor_minecraft/mods/Log-Begone-Forge-1.19-1.0.6.jar
[19Dec2025 00:54:37.078] [main/DEBUG] [net.minecraftforge.fml.loading.moddiscovery.ModFileInfo/LOADING]: Found valid mod file Log-Begone-Forge-1.19-1.0.6.jar with {logbegone} mods - versions {1.0.6}
[19Dec2025 00:54:37.078] [main/DEBUG] [net.minecraftforge.fml.loading.moddiscovery.ModFileParser/LOADING]: Considering mod file candidate /workspaces/symmetrical-octo-engine/servidor_minecraft/mods/logprot-1.19.2-1.9.jar
[19Dec2025 00:54:37.079] [main/DEBUG] [net.minecraftforge.fml.loading.moddiscovery.ModFileInfo/LOADING]: Found valid mod file logprot-1.19.2-1.9.jar with {logprot} mods - versions {1.4}
[19Dec2025 00:54:37.079] [main/DEBUG] [net.minecraftforge.fml.loading.moddiscovery.ModFileParser/LOADING]: Considering mod file candidate /workspaces/symmetrical-octo-engine/servidor_minecraft/mods/majrusz-library-forge-1.19.2-7.0.5-backport.1.jar
[19Dec2025 00:54:37.080] [main/DEBUG] [net.minecraftforge.fml.loading.moddiscovery.ModFileInfo/LOADING]: Found valid mod file majrusz-library-forge-1.19.2-7.0.5-backport.1.jar with {majruszlibrary} mods - versions {7.0.5-backport.1}
[19Dec2025 00:54:37.080] [main/DEBUG] [net.minecraftforge.fml.loading.moddiscovery.ModFileParser/LOADING]: Considering mod file candidate /workspaces/symmetrical-octo-engine/servidor_minecraft/mods/Minechosis v0.1.3 (Forge 1.19.2).jar
[19Dec2025 00:54:37.081] [main/DEBUG] [net.minecraftforge.fml.loading.moddiscovery.ModFileInfo/LOADING]: Found valid mod file Minechosis v0.1.3 (Forge 1.19.2).jar with {minechosis} mods - versions {0.1.3}
[19Dec2025 00:54:37.081] [main/DEBUG] [net.minecraftforge.fml.loading.moddiscovery.ModFileParser/LOADING]: Considering mod file candidate /workspaces/symmetrical-octo-engine/servidor_minecraft/mods/mobsunscreen-forge-1.19.2-3.0.9.jar
[19Dec2025 00:54:37.082] [main/DEBUG] [net.minecraftforge.fml.loading.moddiscovery.ModFileInfo/LOADING]: Found valid mod file mobsunscreen-forge-1.19.2-3.0.9.jar with {mobsunscreen} mods - versions {3.0.9}
[19Dec2025 00:54:37.082] [main/DEBUG] [net.minecraftforge.fml.loading.moddiscovery.ModFileParser/LOADING]: Considering mod file candidate /workspaces/symmetrical-octo-engine/servidor_minecraft/mods/modernfix-forge-5.18.1+mc1.19.2.jar
[19Dec2025 00:54:37.084] [main/DEBUG] [net.minecraftforge.fml.loading.moddiscovery.ModFileInfo/LOADING]: Found valid mod file modernfix-forge-5.18.1+mc1.19.2.jar with {modernfix} mods - versions {5.18.1+mc1.19.2}
[19Dec2025 00:54:37.085] [main/DEBUG] [net.minecraftforge.fml.loading.moddiscovery.ModFileParser/LOADING]: Considering mod file candidate /workspaces/symmetrical-octo-engine/servidor_minecraft/mods/mokey-1.19.2-1.7.0.jar
[19Dec2025 00:54:37.085] [main/DEBUG] [net.minecraftforge.fml.loading.moddiscovery.ModFileInfo/LOADING]: Found valid mod file mokey-1.19.2-1.7.0.jar with {mokey} mods - versions {1.7.0}
[19Dec2025 00:54:37.086] [main/DEBUG] [net.minecraftforge.fml.loading.moddiscovery.ModFileParser/LOADING]: Considering mod file candidate /workspaces/symmetrical-octo-engine/servidor_minecraft/mods/moonlight-1.19.2-2.3.7-forge.jar
[19Dec2025 00:54:37.087] [main/DEBUG] [net.minecraftforge.fml.loading.moddiscovery.ModFileInfo/LOADING]: Found valid mod file moonlight-1.19.2-2.3.7-forge.jar with {moonlight} mods - versions {1.19.2-2.3.7}
[19Dec2025 00:54:37.087] [main/DEBUG] [net.minecraftforge.fml.loading.moddiscovery.ModFileParser/LOADING]: Considering mod file candidate /workspaces/symmetrical-octo-engine/servidor_minecraft/mods/Necronomicon-Forge-1.4.2.jar
[19Dec2025 00:54:37.088] [main/DEBUG] [net.minecraftforge.fml.loading.moddiscovery.ModFileInfo/LOADING]: Found valid mod file Necronomicon-Forge-1.4.2.jar with {necronomicon} mods - versions {1.4.2}
[19Dec2025 00:54:37.088] [main/DEBUG] [net.minecraftforge.fml.loading.moddiscovery.ModFileParser/LOADING]: Considering mod file candidate /workspaces/symmetrical-octo-engine/servidor_minecraft/mods/notenoughcrashes-5.0.0+1.19.2-forge.jar
[19Dec2025 00:54:37.089] [main/DEBUG] [net.minecraftforge.fml.loading.moddiscovery.ModFileInfo/LOADING]: Found valid mod file notenoughcrashes-5.0.0+1.19.2-forge.jar with {notenoughcrashes} mods - versions {5.0.0+1.19.2}
[19Dec2025 00:54:37.089] [main/DEBUG] [net.minecraftforge.fml.loading.moddiscovery.ModFileParser/LOADING]: Considering mod file candidate /workspaces/symmetrical-octo-engine/servidor_minecraft/mods/novillagerdm-1.19-4.0.0.jar
[19Dec2025 00:54:37.090] [main/DEBUG] [net.minecraftforge.fml.loading.moddiscovery.ModFileInfo/LOADING]: Found valid mod file novillagerdm-1.19-4.0.0.jar with {novillagerdm} mods - versions {4.0.0}
[19Dec2025 00:54:37.090] [main/DEBUG] [net.minecraftforge.fml.loading.moddiscovery.ModFileParser/LOADING]: Considering mod file candidate /workspaces/symmetrical-octo-engine/servidor_minecraft/mods/packetfixer-forge-1.4.2-1.19-to-1.20.1.jar
[19Dec2025 00:54:37.091] [main/DEBUG] [net.minecraftforge.fml.loading.moddiscovery.ModFileInfo/LOADING]: Found valid mod file packetfixer-forge-1.4.2-1.19-to-1.20.1.jar with {packetfixer} mods - versions {1.4.2}
[19Dec2025 00:54:37.091] [main/DEBUG] [net.minecraftforge.fml.loading.moddiscovery.ModFileParser/LOADING]: Considering mod file candidate /workspaces/symmetrical-octo-engine/servidor_minecraft/mods/Placebo-1.19.2-7.4.0.jar
[19Dec2025 00:54:37.092] [main/DEBUG] [net.minecraftforge.fml.loading.moddiscovery.ModFileInfo/LOADING]: Found valid mod file Placebo-1.19.2-7.4.0.jar with {placebo} mods - versions {7.4.0}
[19Dec2025 00:54:37.092] [main/DEBUG] [net.minecraftforge.fml.loading.moddiscovery.ModFileParser/LOADING]: Considering mod file candidate /workspaces/symmetrical-octo-engine/servidor_minecraft/mods/player-animation-lib-forge-1.0.2.jar
[19Dec2025 00:54:37.093] [main/DEBUG] [net.minecraftforge.fml.loading.moddiscovery.ModFileInfo/LOADING]: Found valid mod file player-animation-lib-forge-1.0.2.jar with {playeranimator} mods - versions {1.0.2}
[19Dec2025 00:54:37.093] [main/DEBUG] [net.minecraftforge.fml.loading.moddiscovery.ModFileParser/LOADING]: Considering mod file candidate /workspaces/symmetrical-octo-engine/servidor_minecraft/mods/polymorph-forge-0.46.6+1.19.2.jar
[19Dec2025 00:54:37.094] [main/DEBUG] [net.minecraftforge.fml.loading.moddiscovery.ModFileInfo/LOADING]: Found valid mod file polymorph-forge-0.46.6+1.19.2.jar with {polymorph} mods - versions {0.46.6+1.19.2}
[19Dec2025 00:54:37.095] [main/DEBUG] [net.minecraftforge.fml.loading.moddiscovery.ModFileParser/LOADING]: Considering mod file candidate /workspaces/symmetrical-octo-engine/servidor_minecraft/mods/PossessiveMask-forge-1.19.2-1.2.jar
[19Dec2025 00:54:37.095] [main/DEBUG] [net.minecraftforge.fml.loading.moddiscovery.ModFileInfo/LOADING]: Found valid mod file PossessiveMask-forge-1.19.2-1.2.jar with {thepossessivemask} mods - versions {1.0.0}
[19Dec2025 00:54:37.098] [main/DEBUG] [net.minecraftforge.fml.loading.moddiscovery.ModFileParser/LOADING]: Considering mod file candidate /workspaces/symmetrical-octo-engine/servidor_minecraft/mods/PuzzlesLib-v4.4.3-1.19.2-Forge.jar
[19Dec2025 00:54:37.099] [main/DEBUG] [net.minecraftforge.fml.loading.moddiscovery.ModFileInfo/LOADING]: Found valid mod file PuzzlesLib-v4.4.3-1.19.2-Forge.jar with {puzzleslib} mods - versions {4.4.3}
[19Dec2025 00:54:37.099] [main/DEBUG] [net.minecraftforge.fml.loading.moddiscovery.ModFileParser/LOADING]: Considering mod file candidate /workspaces/symmetrical-octo-engine/servidor_minecraft/mods/RealisticTorches-1.19.2-3.1.5.jar
[19Dec2025 00:54:37.100] [main/DEBUG] [net.minecraftforge.fml.loading.moddiscovery.ModFileInfo/LOADING]: Found valid mod file RealisticTorches-1.19.2-3.1.5.jar with {realistictorches} mods - versions {1.19.2-3.1.5}
[19Dec2025 00:54:37.100] [main/DEBUG] [net.minecraftforge.fml.loading.moddiscovery.ModFileParser/LOADING]: Considering mod file candidate /workspaces/symmetrical-octo-engine/servidor_minecraft/mods/responsiveshields-2.3-mc1.18-19-20.x.jar
[19Dec2025 00:54:37.101] [main/DEBUG] [net.minecraftforge.fml.loading.moddiscovery.ModFileInfo/LOADING]: Found valid mod file responsiveshields-2.3-mc1.18-19-20.x.jar with {responsiveshields} mods - versions {2.3}
[19Dec2025 00:54:37.102] [main/DEBUG] [net.minecraftforge.fml.loading.moddiscovery.ModFileParser/LOADING]: Considering mod file candidate /workspaces/symmetrical-octo-engine/servidor_minecraft/mods/rhino-forge-1902.2.3-build.284.jar
[19Dec2025 00:54:37.103] [main/DEBUG] [net.minecraftforge.fml.loading.moddiscovery.ModFileInfo/LOADING]: Found valid mod file rhino-forge-1902.2.3-build.284.jar with {rhino} mods - versions {1902.2.3-build.284}
[19Dec2025 00:54:37.103] [main/DEBUG] [net.minecraftforge.fml.loading.moddiscovery.ModFileParser/LOADING]: Considering mod file candidate /workspaces/symmetrical-octo-engine/servidor_minecraft/mods/right-click-harvest-3.2.3+1.19.2-forge.jar
[19Dec2025 00:54:37.103] [main/DEBUG] [net.minecraftforge.fml.loading.moddiscovery.ModFileInfo/LOADING]: Found valid mod file right-click-harvest-3.2.3+1.19.2-forge.jar with {rightclickharvest} mods - versions {3.2.3+1.19.2-forge}
[19Dec2025 00:54:37.104] [main/DEBUG] [net.minecraftforge.fml.loading.moddiscovery.ModFileParser/LOADING]: Considering mod file candidate /workspaces/symmetrical-octo-engine/servidor_minecraft/mods/Sculpture-forge-1.19.2-1.7.1.jar
[19Dec2025 00:54:37.104] [main/DEBUG] [net.minecraftforge.fml.loading.moddiscovery.ModFileInfo/LOADING]: Found valid mod file Sculpture-forge-1.19.2-1.7.1.jar with {the_sculpture} mods - versions {1.0.0}
[19Dec2025 00:54:37.105] [main/DEBUG] [net.minecraftforge.fml.loading.moddiscovery.ModFileParser/LOADING]: Considering mod file candidate /workspaces/symmetrical-octo-engine/servidor_minecraft/mods/shutupexperimentalsettings-1.0.5.jar
[19Dec2025 00:54:37.105] [main/DEBUG] [net.minecraftforge.fml.loading.moddiscovery.ModFileInfo/LOADING]: Found valid mod file shutupexperimentalsettings-1.0.5.jar with {shutupexperimentalsettings} mods - versions {1.0.5}
[19Dec2025 00:54:37.106] [main/DEBUG] [net.minecraftforge.fml.loading.moddiscovery.ModFileParser/LOADING]: Considering mod file candidate /workspaces/symmetrical-octo-engine/servidor_minecraft/mods/ShyGuy-forge-1.19.2-2.1.jar
[19Dec2025 00:54:37.107] [main/DEBUG] [net.minecraftforge.fml.loading.moddiscovery.ModFileInfo/LOADING]: Found valid mod file ShyGuy-forge-1.19.2-2.1.jar with {shy_guy} mods - versions {1.0.0}
[19Dec2025 00:54:37.107] [main/DEBUG] [net.minecraftforge.fml.loading.moddiscovery.ModFileParser/LOADING]: Considering mod file candidate /workspaces/symmetrical-octo-engine/servidor_minecraft/mods/SimpleBackups-1.19.1-2.1.11.jar
[19Dec2025 00:54:37.108] [main/DEBUG] [net.minecraftforge.fml.loading.moddiscovery.ModFileInfo/LOADING]: Found valid mod file SimpleBackups-1.19.1-2.1.11.jar with {simplebackups} mods - versions {1.19.1-2.1.11}
[19Dec2025 00:54:37.110] [main/DEBUG] [net.minecraftforge.fml.loading.moddiscovery.ModFileParser/LOADING]: Considering mod file candidate /workspaces/symmetrical-octo-engine/servidor_minecraft/mods/simplyswords-forge-1.47.0-1.19.2.jar
[19Dec2025 00:54:37.152] [main/DEBUG] [net.minecraftforge.fml.loading.moddiscovery.ModFileInfo/LOADING]: Found valid mod file simplyswords-forge-1.47.0-1.19.2.jar with {simplyswords} mods - versions {1.47.0-1.19.2}
[19Dec2025 00:54:37.153] [main/DEBUG] [net.minecraftforge.fml.loading.moddiscovery.ModFileParser/LOADING]: Considering mod file candidate /workspaces/symmetrical-octo-engine/servidor_minecraft/mods/Sleepnt 1.19.2.jar
[19Dec2025 00:54:37.154] [main/DEBUG] [net.minecraftforge.fml.loading.moddiscovery.ModFileInfo/LOADING]: Found valid mod file Sleepnt 1.19.2.jar with {sleepnt_mod} mods - versions {1.0.0}
[19Dec2025 00:54:37.154] [main/DEBUG] [net.minecraftforge.fml.loading.moddiscovery.ModFileParser/LOADING]: Considering mod file candidate /workspaces/symmetrical-octo-engine/servidor_minecraft/mods/smoothchunk-1.19.2-3.5.jar
[19Dec2025 00:54:37.155] [main/DEBUG] [net.minecraftforge.fml.loading.moddiscovery.ModFileInfo/LOADING]: Found valid mod file smoothchunk-1.19.2-3.5.jar with {smoothchunk} mods - versions {1.19.2-3.5}
[19Dec2025 00:54:37.156] [main/DEBUG] [net.minecraftforge.fml.loading.moddiscovery.ModFileParser/LOADING]: Considering mod file candidate /workspaces/symmetrical-octo-engine/servidor_minecraft/mods/spark-1.10.37-forge.jar
[19Dec2025 00:54:37.157] [main/DEBUG] [net.minecraftforge.fml.loading.moddiscovery.ModFileInfo/LOADING]: Found valid mod file spark-1.10.37-forge.jar with {spark} mods - versions {1.10.37}
[19Dec2025 00:54:37.158] [main/DEBUG] [net.minecraftforge.fml.loading.moddiscovery.ModFileParser/LOADING]: Considering mod file candidate /workspaces/symmetrical-octo-engine/servidor_minecraft/mods/spartanshields-1.19.2-3.0.1.jar
[19Dec2025 00:54:37.159] [main/DEBUG] [net.minecraftforge.fml.loading.moddiscovery.ModFileInfo/LOADING]: Found valid mod file spartanshields-1.19.2-3.0.1.jar with {spartanshields} mods - versions {3.0.1}
[19Dec2025 00:54:37.159] [main/DEBUG] [net.minecraftforge.fml.loading.moddiscovery.ModFileParser/LOADING]: Considering mod file candidate /workspaces/symmetrical-octo-engine/servidor_minecraft/mods/spiderstpo-1.19.2-2.0.4.jar
[19Dec2025 00:54:37.160] [main/DEBUG] [net.minecraftforge.fml.loading.moddiscovery.ModFileInfo/LOADING]: Found valid mod file spiderstpo-1.19.2-2.0.4.jar with {spiderstpo} mods - versions {2.0.4}
[19Dec2025 00:54:37.160] [main/DEBUG] [net.minecraftforge.fml.loading.moddiscovery.ModFileParser/LOADING]: Considering mod file candidate /workspaces/symmetrical-octo-engine/servidor_minecraft/mods/steve_dweller-1.19.2-1.7.0.jar
[19Dec2025 00:54:37.161] [main/DEBUG] [net.minecraftforge.fml.loading.moddiscovery.ModFileInfo/LOADING]: Found valid mod file steve_dweller-1.19.2-1.7.0.jar with {steve_dweller} mods - versions {1.7.0}
[19Dec2025 00:54:37.161] [main/DEBUG] [net.minecraftforge.fml.loading.moddiscovery.ModFileParser/LOADING]: Considering mod file candidate /workspaces/symmetrical-octo-engine/servidor_minecraft/mods/The Rolling Giant v1.0.4 1.19.2.jar
[19Dec2025 00:54:37.162] [main/DEBUG] [net.minecraftforge.fml.loading.moddiscovery.ModFileInfo/LOADING]: Found valid mod file The Rolling Giant v1.0.4 1.19.2.jar with {rolling_giant} mods - versions {1.0.4}
[19Dec2025 00:54:37.163] [main/DEBUG] [net.minecraftforge.fml.loading.moddiscovery.ModFileParser/LOADING]: Considering mod file candidate /workspaces/symmetrical-octo-engine/servidor_minecraft/mods/The-Man-From-The-Fog-1.3-1.19.2.jar
[19Dec2025 00:54:37.163] [main/DEBUG] [net.minecraftforge.fml.loading.moddiscovery.ModFileInfo/LOADING]: Found valid mod file The-Man-From-The-Fog-1.3-1.19.2.jar with {man} mods - versions {1.3}
[19Dec2025 00:54:37.164] [main/DEBUG] [net.minecraftforge.fml.loading.moddiscovery.ModFileParser/LOADING]: Considering mod file candidate /workspaces/symmetrical-octo-engine/servidor_minecraft/mods/the_knocker-1.4.0-forge-1.19.2.jar
[19Dec2025 00:54:37.164] [main/DEBUG] [net.minecraftforge.fml.loading.moddiscovery.ModFileInfo/LOADING]: Found valid mod file the_knocker-1.4.0-forge-1.19.2.jar with {the_knocker} mods - versions {1.4.0}
[19Dec2025 00:54:37.165] [main/DEBUG] [net.minecraftforge.fml.loading.moddiscovery.ModFileParser/LOADING]: Considering mod file candidate /workspaces/symmetrical-octo-engine/servidor_minecraft/mods/the_rake-1.19.2 by-proddexx.jar
[19Dec2025 00:54:37.165] [main/DEBUG] [net.minecraftforge.fml.loading.moddiscovery.ModFileInfo/LOADING]: Found valid mod file the_rake-1.19.2 by-proddexx.jar with {the_rake} mods - versions {1.7.0}
[19Dec2025 00:54:37.166] [main/DEBUG] [net.minecraftforge.fml.loading.moddiscovery.ModFileParser/LOADING]: Considering mod file candidate /workspaces/symmetrical-octo-engine/servidor_minecraft/mods/TheOneWhoWatches-V1.4.2-1.19.2.jar
[19Dec2025 00:54:37.166] [main/DEBUG] [net.minecraftforge.fml.loading.moddiscovery.ModFileInfo/LOADING]: Found valid mod file TheOneWhoWatches-V1.4.2-1.19.2.jar with {the_one_who_watches} mods - versions {1.4.2}
[19Dec2025 00:54:37.167] [main/DEBUG] [net.minecraftforge.fml.loading.moddiscovery.ModFileParser/LOADING]: Considering mod file candidate /workspaces/symmetrical-octo-engine/servidor_minecraft/mods/toofast-1.19-0.2.2.4.jar
[19Dec2025 00:54:37.167] [main/DEBUG] [net.minecraftforge.fml.loading.moddiscovery.ModFileInfo/LOADING]: Found valid mod file toofast-1.19-0.2.2.4.jar with {toofast} mods - versions {0.2.2.4}
[19Dec2025 00:54:37.168] [main/DEBUG] [net.minecraftforge.fml.loading.moddiscovery.ModFileParser/LOADING]: Considering mod file candidate /workspaces/symmetrical-octo-engine/servidor_minecraft/mods/torture-1.19.2.jar
[19Dec2025 00:54:37.168] [main/DEBUG] [net.minecraftforge.fml.loading.moddiscovery.ModFileInfo/LOADING]: Found valid mod file torture-1.19.2.jar with {torture} mods - versions {1.7.0}
[19Dec2025 00:54:37.169] [main/DEBUG] [net.minecraftforge.fml.loading.moddiscovery.ModFileParser/LOADING]: Considering mod file candidate /workspaces/symmetrical-octo-engine/servidor_minecraft/mods/TrueHerobrine_1.1+1.19.2.jar
[19Dec2025 00:54:37.169] [main/DEBUG] [net.minecraftforge.fml.loading.moddiscovery.ModFileInfo/LOADING]: Found valid mod file TrueHerobrine_1.1+1.19.2.jar with {true_herobrine} mods - versions {1.1}
[19Dec2025 00:54:37.170] [main/DEBUG] [net.minecraftforge.fml.loading.moddiscovery.ModFileParser/LOADING]: Considering mod file candidate /workspaces/symmetrical-octo-engine/servidor_minecraft/mods/twm-1.19.2-1.11.4.jar
[19Dec2025 00:54:37.171] [main/DEBUG] [net.minecraftforge.fml.loading.moddiscovery.ModFileInfo/LOADING]: Found valid mod file twm-1.19.2-1.11.4.jar with {twm} mods - versions {1.0.0}
[19Dec2025 00:54:37.173] [main/DEBUG] [net.minecraftforge.fml.loading.moddiscovery.ModFileParser/LOADING]: Considering mod file candidate /workspaces/symmetrical-octo-engine/servidor_minecraft/mods/VisualWorkbench-v4.2.4-1.19.2-Forge.jar
[19Dec2025 00:54:37.174] [main/DEBUG] [net.minecraftforge.fml.loading.moddiscovery.ModFileInfo/LOADING]: Found valid mod file VisualWorkbench-v4.2.4-1.19.2-Forge.jar with {visualworkbench} mods - versions {4.2.4}
[19Dec2025 00:54:37.174] [main/DEBUG] [net.minecraftforge.fml.loading.moddiscovery.ModFileParser/LOADING]: Considering mod file candidate /workspaces/symmetrical-octo-engine/servidor_minecraft/mods/vivilly_dweller-1.19.2-1.7.0.jar
[19Dec2025 00:54:37.175] [main/DEBUG] [net.minecraftforge.fml.loading.moddiscovery.ModFileInfo/LOADING]: Found valid mod file vivilly_dweller-1.19.2-1.7.0.jar with {vivilly_dweller} mods - versions {1.7.0}
[19Dec2025 00:54:37.175] [main/DEBUG] [net.minecraftforge.fml.loading.moddiscovery.ModFileParser/LOADING]: Considering mod file candidate /workspaces/symmetrical-octo-engine/servidor_minecraft/mods/watut-forge-1.19.2-1.0.14.jar
[19Dec2025 00:54:37.175] [main/DEBUG] [net.minecraftforge.fml.loading.moddiscovery.ModFileInfo/LOADING]: Found valid mod file watut-forge-1.19.2-1.0.14.jar with {watut} mods - versions {1.19.2-1.0.14}
[19Dec2025 00:54:37.176] [main/DEBUG] [net.minecraftforge.fml.loading.moddiscovery.ModFileParser/LOADING]: Considering mod file candidate /workspaces/symmetrical-octo-engine/servidor_minecraft/mods/zombieawareness-1.19.2-1.12.3.jar
[19Dec2025 00:54:37.177] [main/DEBUG] [net.minecraftforge.fml.loading.moddiscovery.ModFileInfo/LOADING]: Found valid mod file zombieawareness-1.19.2-1.12.3.jar with {zombieawareness} mods - versions {1.19.2-1.12.3}
[19Dec2025 00:54:37.177] [main/DEBUG] [net.minecraftforge.fml.loading.moddiscovery.ModFileParser/LOADING]: Considering mod file candidate /workspaces/symmetrical-octo-engine/servidor_minecraft/mods/zombies_reworked-1.19.2-1.1.5.jar
[19Dec2025 00:54:37.178] [main/DEBUG] [net.minecraftforge.fml.loading.moddiscovery.ModFileInfo/LOADING]: Found valid mod file zombies_reworked-1.19.2-1.1.5.jar with {zombies_reworked} mods - versions {1.19.2-1.1.5}
[19Dec2025 00:54:37.459] [main/DEBUG] [net.minecraftforge.fml.loading.moddiscovery.ModFileInfo/LOADING]: Found valid mod file server-1.19.2-20220805.130853-srg.jar with {minecraft} mods - versions {1.19.2}
[19Dec2025 00:54:37.507] [main/DEBUG] [net.minecraftforge.fml.loading.moddiscovery.ModFileParser/LOADING]: Considering mod file candidate /workspaces/symmetrical-octo-engine/servidor_minecraft/libraries/net/minecraftforge/fmlcore/1.19.2-43.4.2/fmlcore-1.19.2-43.4.2.jar
[19Dec2025 00:54:37.507] [main/WARN] [net.minecraftforge.fml.loading.moddiscovery.ModFileParser/LOADING]: Mod file /workspaces/symmetrical-octo-engine/servidor_minecraft/libraries/net/minecraftforge/fmlcore/1.19.2-43.4.2/fmlcore-1.19.2-43.4.2.jar is missing mods.toml file
[19Dec2025 00:54:37.508] [main/DEBUG] [net.minecraftforge.fml.loading.moddiscovery.ModFileParser/LOADING]: Considering mod file candidate /workspaces/symmetrical-octo-engine/servidor_minecraft/libraries/net/minecraftforge/javafmllanguage/1.19.2-43.4.2/javafmllanguage-1.19.2-43.4.2.jar
[19Dec2025 00:54:37.508] [main/WARN] [net.minecraftforge.fml.loading.moddiscovery.ModFileParser/LOADING]: Mod file /workspaces/symmetrical-octo-engine/servidor_minecraft/libraries/net/minecraftforge/javafmllanguage/1.19.2-43.4.2/javafmllanguage-1.19.2-43.4.2.jar is missing mods.toml file
[19Dec2025 00:54:37.509] [main/DEBUG] [net.minecraftforge.fml.loading.moddiscovery.ModFileParser/LOADING]: Considering mod file candidate /workspaces/symmetrical-octo-engine/servidor_minecraft/libraries/net/minecraftforge/lowcodelanguage/1.19.2-43.4.2/lowcodelanguage-1.19.2-43.4.2.jar
[19Dec2025 00:54:37.509] [main/WARN] [net.minecraftforge.fml.loading.moddiscovery.ModFileParser/LOADING]: Mod file /workspaces/symmetrical-octo-engine/servidor_minecraft/libraries/net/minecraftforge/lowcodelanguage/1.19.2-43.4.2/lowcodelanguage-1.19.2-43.4.2.jar is missing mods.toml file
[19Dec2025 00:54:37.510] [main/DEBUG] [net.minecraftforge.fml.loading.moddiscovery.ModFileParser/LOADING]: Considering mod file candidate /workspaces/symmetrical-octo-engine/servidor_minecraft/libraries/net/minecraftforge/mclanguage/1.19.2-43.4.2/mclanguage-1.19.2-43.4.2.jar
[19Dec2025 00:54:37.510] [main/WARN] [net.minecraftforge.fml.loading.moddiscovery.ModFileParser/LOADING]: Mod file /workspaces/symmetrical-octo-engine/servidor_minecraft/libraries/net/minecraftforge/mclanguage/1.19.2-43.4.2/mclanguage-1.19.2-43.4.2.jar is missing mods.toml file
[19Dec2025 00:54:37.643] [main/DEBUG] [net.minecraftforge.fml.loading.moddiscovery.ModFileParser/LOADING]: Considering mod file candidate /workspaces/symmetrical-octo-engine/servidor_minecraft/libraries/net/minecraftforge/forge/1.19.2-43.4.2/forge-1.19.2-43.4.2-universal.jar
[19Dec2025 00:54:37.644] [main/DEBUG] [net.minecraftforge.fml.loading.moddiscovery.ModFileInfo/LOADING]: Found valid mod file forge-1.19.2-43.4.2-universal.jar with {forge} mods - versions {43.4.2}
[19Dec2025 00:54:37.651] [main/DEBUG] [net.minecraftforge.fml.loading.UniqueModListBuilder/]: Found 2 mods for first modid jei, selecting most recent based on version data
[19Dec2025 00:54:37.652] [main/DEBUG] [net.minecraftforge.fml.loading.UniqueModListBuilder/]: Selected file jei-1.19.2-forge-11.8.1.1034.jar for modid jei with version 11.8.1.1034
[19Dec2025 00:54:37.658] [main/DEBUG] [net.minecraftforge.fml.loading.moddiscovery.AbstractJarFileDependencyLocator/]: Failed to load resource META-INF/jarjar/metadata.json from notenoughcrashes-5.0.0+1.19.2-forge.jar, it does not contain dependency information.
[19Dec2025 00:54:37.659] [main/DEBUG] [net.minecraftforge.fml.loading.moddiscovery.AbstractJarFileDependencyLocator/]: Failed to load resource META-INF/jarjar/metadata.json from player-animation-lib-forge-1.0.2.jar, it does not contain dependency information.
[19Dec2025 00:54:37.659] [main/DEBUG] [net.minecraftforge.fml.loading.moddiscovery.AbstractJarFileDependencyLocator/]: Failed to load resource META-INF/jarjar/metadata.json from The Rolling Giant v1.0.4 1.19.2.jar, it does not contain dependency information.
[19Dec2025 00:54:37.659] [main/DEBUG] [net.minecraftforge.fml.loading.moddiscovery.AbstractJarFileDependencyLocator/]: Failed to load resource META-INF/jarjar/metadata.json from connectivity-1.19.2-4.6.jar, it does not contain dependency information.
[19Dec2025 00:54:37.659] [main/DEBUG] [net.minecraftforge.fml.loading.moddiscovery.AbstractJarFileDependencyLocator/]: Failed to load resource META-INF/jarjar/metadata.json from BlanketGhost-forge-1.19.2-1.2.jar, it does not contain dependency information.
[19Dec2025 00:54:37.659] [main/DEBUG] [net.minecraftforge.fml.loading.moddiscovery.AbstractJarFileDependencyLocator/]: Failed to load resource META-INF/jarjar/metadata.json from InsaneLib-1.7.5-mc1.19.2.jar, it does not contain dependency information.
[19Dec2025 00:54:37.659] [main/DEBUG] [net.minecraftforge.fml.loading.moddiscovery.AbstractJarFileDependencyLocator/]: Failed to load resource META-INF/jarjar/metadata.json from Placebo-1.19.2-7.4.0.jar, it does not contain dependency information.
[19Dec2025 00:54:37.660] [main/DEBUG] [net.minecraftforge.fml.loading.moddiscovery.AbstractJarFileDependencyLocator/]: Failed to load resource META-INF/jarjar/metadata.json from zombieawareness-1.19.2-1.12.3.jar, it does not contain dependency information.
[19Dec2025 00:54:37.660] [main/DEBUG] [net.minecraftforge.fml.loading.moddiscovery.AbstractJarFileDependencyLocator/]: Failed to load resource META-INF/jarjar/metadata.json from Item-Obliterator-Forge-1.19.2-2.2.1.jar, it does not contain dependency information.
[19Dec2025 00:54:37.660] [main/DEBUG] [net.minecraftforge.fml.loading.moddiscovery.AbstractJarFileDependencyLocator/]: Failed to load resource META-INF/jarjar/metadata.json from Cave Dweller Reimagined.jar, it does not contain dependency information.
[19Dec2025 00:54:37.660] [main/DEBUG] [net.minecraftforge.fml.loading.moddiscovery.AbstractJarFileDependencyLocator/]: Failed to load resource META-INF/jarjar/metadata.json from Sleepnt 1.19.2.jar, it does not contain dependency information.
[19Dec2025 00:54:37.660] [main/DEBUG] [net.minecraftforge.fml.loading.moddiscovery.AbstractJarFileDependencyLocator/]: Failed to load resource META-INF/jarjar/metadata.json from balm-forge-1.19.2-4.6.0.jar, it does not contain dependency information.
[19Dec2025 00:54:37.660] [main/DEBUG] [net.minecraftforge.fml.loading.moddiscovery.AbstractJarFileDependencyLocator/]: Failed to load resource META-INF/jarjar/metadata.json from immersive_armors-1.5.6+1.19.2-forge.jar, it does not contain dependency information.
[19Dec2025 00:54:37.660] [main/DEBUG] [net.minecraftforge.fml.loading.moddiscovery.AbstractJarFileDependencyLocator/]: Failed to load resource META-INF/jarjar/metadata.json from steve_dweller-1.19.2-1.7.0.jar, it does not contain dependency information.
[19Dec2025 00:54:37.660] [main/DEBUG] [net.minecraftforge.fml.loading.moddiscovery.AbstractJarFileDependencyLocator/]: Failed to load resource META-INF/jarjar/metadata.json from cloth-config-8.3.134-forge.jar, it does not contain dependency information.
[19Dec2025 00:54:37.661] [main/DEBUG] [net.minecraftforge.fml.loading.moddiscovery.AbstractJarFileDependencyLocator/]: Failed to load resource META-INF/jarjar/metadata.json from Emojiful-Forge-1.19.2-4.0.5-all.jar, it does not contain dependency information.
[19Dec2025 00:54:37.661] [main/DEBUG] [net.minecraftforge.fml.loading.moddiscovery.AbstractJarFileDependencyLocator/]: Failed to load resource META-INF/jarjar/metadata.json from novillagerdm-1.19-4.0.0.jar, it does not contain dependency information.
[19Dec2025 00:54:37.661] [main/DEBUG] [net.minecraftforge.fml.loading.moddiscovery.AbstractJarFileDependencyLocator/]: Failed to load resource META-INF/jarjar/metadata.json from TheOneWhoWatches-V1.4.2-1.19.2.jar, it does not contain dependency information.
[19Dec2025 00:54:37.661] [main/DEBUG] [net.minecraftforge.fml.loading.moddiscovery.AbstractJarFileDependencyLocator/]: Failed to load resource META-INF/jarjar/metadata.json from AdvancementPlaques-1.19.2-1.4.7.jar, it does not contain dependency information.
[19Dec2025 00:54:37.661] [main/DEBUG] [net.minecraftforge.fml.loading.moddiscovery.AbstractJarFileDependencyLocator/]: Failed to load resource META-INF/jarjar/metadata.json from BetterCompatibilityChecker-1.0.10-build.50+mc1.19.2.jar, it does not contain dependency information.
[19Dec2025 00:54:37.661] [main/DEBUG] [net.minecraftforge.fml.loading.moddiscovery.AbstractJarFileDependencyLocator/]: Failed to load resource META-INF/jarjar/metadata.json from mokey-1.19.2-1.7.0.jar, it does not contain dependency information.
[19Dec2025 00:54:37.661] [main/DEBUG] [net.minecraftforge.fml.loading.moddiscovery.AbstractJarFileDependencyLocator/]: Failed to load resource META-INF/jarjar/metadata.json from twm-1.19.2-1.11.4.jar, it does not contain dependency information.
[19Dec2025 00:54:37.661] [main/DEBUG] [net.minecraftforge.fml.loading.moddiscovery.AbstractJarFileDependencyLocator/]: Failed to load resource META-INF/jarjar/metadata.json from clockworklib-1.19.2-1.0.0.jar, it does not contain dependency information.
[19Dec2025 00:54:37.661] [main/DEBUG] [net.minecraftforge.fml.loading.moddiscovery.AbstractJarFileDependencyLocator/]: Failed to load resource META-INF/jarjar/metadata.json from demonic_watcher-1.19.2-4.6.0.jar, it does not contain dependency information.
[19Dec2025 00:54:37.662] [main/DEBUG] [net.minecraftforge.fml.loading.moddiscovery.AbstractJarFileDependencyLocator/]: Failed to load resource META-INF/jarjar/metadata.json from Chunky-1.3.38.jar, it does not contain dependency information.
[19Dec2025 00:54:37.662] [main/DEBUG] [net.minecraftforge.fml.loading.moddiscovery.AbstractJarFileDependencyLocator/]: Failed to load resource META-INF/jarjar/metadata.json from spark-1.10.37-forge.jar, it does not contain dependency information.
[19Dec2025 00:54:37.662] [main/DEBUG] [net.minecraftforge.fml.loading.moddiscovery.AbstractJarFileDependencyLocator/]: Failed to load resource META-INF/jarjar/metadata.json from right-click-harvest-3.2.3+1.19.2-forge.jar, it does not contain dependency information.
[19Dec2025 00:54:37.662] [main/DEBUG] [net.minecraftforge.fml.loading.moddiscovery.AbstractJarFileDependencyLocator/]: Failed to load resource META-INF/jarjar/metadata.json from The-Man-From-The-Fog-1.3-1.19.2.jar, it does not contain dependency information.
[19Dec2025 00:54:37.662] [main/DEBUG] [net.minecraftforge.fml.loading.moddiscovery.AbstractJarFileDependencyLocator/]: Failed to load resource META-INF/jarjar/metadata.json from collective-1.19.2-7.64.jar, it does not contain dependency information.
[19Dec2025 00:54:37.662] [main/DEBUG] [net.minecraftforge.fml.loading.moddiscovery.AbstractJarFileDependencyLocator/]: Failed to load resource META-INF/jarjar/metadata.json from ArPhEx-3.2.4-forge-1.19.2.jar, it does not contain dependency information.
[19Dec2025 00:54:37.662] [main/DEBUG] [net.minecraftforge.fml.loading.moddiscovery.AbstractJarFileDependencyLocator/]: Failed to load resource META-INF/jarjar/metadata.json from zombies_reworked-1.19.2-1.1.5.jar, it does not contain dependency information.
[19Dec2025 00:54:37.663] [main/DEBUG] [net.minecraftforge.fml.loading.moddiscovery.AbstractJarFileDependencyLocator/]: Failed to load resource META-INF/jarjar/metadata.json from architectury-6.6.92-forge.jar, it does not contain dependency information.
[19Dec2025 00:54:37.663] [main/DEBUG] [net.minecraftforge.fml.loading.moddiscovery.AbstractJarFileDependencyLocator/]: Failed to load resource META-INF/jarjar/metadata.json from cupboard-1.19.2-2.6.jar, it does not contain dependency information.
[19Dec2025 00:54:37.663] [main/DEBUG] [net.minecraftforge.fml.loading.moddiscovery.AbstractJarFileDependencyLocator/]: Failed to load resource META-INF/jarjar/metadata.json from EnhancedAI-1.8.7-mc1.19.2.jar, it does not contain dependency information.
[19Dec2025 00:54:37.663] [main/DEBUG] [net.minecraftforge.fml.loading.moddiscovery.AbstractJarFileDependencyLocator/]: Failed to load resource META-INF/jarjar/metadata.json from torture-1.19.2.jar, it does not contain dependency information.
[19Dec2025 00:54:37.663] [main/DEBUG] [net.minecraftforge.fml.loading.moddiscovery.AbstractJarFileDependencyLocator/]: Failed to load resource META-INF/jarjar/metadata.json from geckolib-forge-1.19-3.1.40.jar, it does not contain dependency information.
[19Dec2025 00:54:37.663] [main/DEBUG] [net.minecraftforge.fml.loading.moddiscovery.AbstractJarFileDependencyLocator/]: Failed to load resource META-INF/jarjar/metadata.json from majrusz-library-forge-1.19.2-7.0.5-backport.1.jar, it does not contain dependency information.
[19Dec2025 00:54:37.663] [main/DEBUG] [net.minecraftforge.fml.loading.moddiscovery.AbstractJarFileDependencyLocator/]: Failed to load resource META-INF/jarjar/metadata.json from BetterAdvancements-1.19.2-0.2.2.142.jar, it does not contain dependency information.
[19Dec2025 00:54:37.663] [main/DEBUG] [net.minecraftforge.fml.loading.moddiscovery.AbstractJarFileDependencyLocator/]: Failed to load resource META-INF/jarjar/metadata.json from inventorysorter-1.19.2-21.0.4.jar, it does not contain dependency information.
[19Dec2025 00:54:37.663] [main/DEBUG] [net.minecraftforge.fml.loading.moddiscovery.AbstractJarFileDependencyLocator/]: Failed to load resource META-INF/jarjar/metadata.json from rhino-forge-1902.2.3-build.284.jar, it does not contain dependency information.
[19Dec2025 00:54:37.664] [main/DEBUG] [net.minecraftforge.fml.loading.moddiscovery.AbstractJarFileDependencyLocator/]: Failed to load resource META-INF/jarjar/metadata.json from Fastload-Reforged-mc1.19.2-3.4.0.jar, it does not contain dependency information.
[19Dec2025 00:54:37.664] [main/DEBUG] [net.minecraftforge.fml.loading.moddiscovery.AbstractJarFileDependencyLocator/]: Failed to load resource META-INF/jarjar/metadata.json from endertrigon-1.0.jar, it does not contain dependency information.
[19Dec2025 00:54:37.664] [main/DEBUG] [net.minecraftforge.fml.loading.moddiscovery.AbstractJarFileDependencyLocator/]: Failed to load resource META-INF/jarjar/metadata.json from spiderstpo-1.19.2-2.0.4.jar, it does not contain dependency information.
[19Dec2025 00:54:37.664] [main/DEBUG] [net.minecraftforge.fml.loading.moddiscovery.AbstractJarFileDependencyLocator/]: Failed to load resource META-INF/jarjar/metadata.json from the_rake-1.19.2 by-proddexx.jar, it does not contain dependency information.
[19Dec2025 00:54:37.664] [main/DEBUG] [net.minecraftforge.fml.loading.moddiscovery.AbstractJarFileDependencyLocator/]: Failed to load resource META-INF/jarjar/metadata.json from jei-1.19.2-forge-11.8.1.1034.jar, it does not contain dependency information.
[19Dec2025 00:54:37.664] [main/DEBUG] [net.minecraftforge.fml.loading.moddiscovery.AbstractJarFileDependencyLocator/]: Failed to load resource META-INF/jarjar/metadata.json from VisualWorkbench-v4.2.4-1.19.2-Forge.jar, it does not contain dependency information.
[19Dec2025 00:54:37.664] [main/DEBUG] [net.minecraftforge.fml.loading.moddiscovery.AbstractJarFileDependencyLocator/]: Failed to load resource META-INF/jarjar/metadata.json from BuilderBear-forge-1.19.2-1.1.jar, it does not contain dependency information.
[19Dec2025 00:54:37.664] [main/DEBUG] [net.minecraftforge.fml.loading.moddiscovery.AbstractJarFileDependencyLocator/]: Failed to load resource META-INF/jarjar/metadata.json from CuckooClock-forge-1.19.2-1.8.jar, it does not contain dependency information.
[19Dec2025 00:54:37.665] [main/DEBUG] [net.minecraftforge.fml.loading.moddiscovery.AbstractJarFileDependencyLocator/]: Failed to load resource META-INF/jarjar/metadata.json from FastSuite-1.19.2-4.1.1.jar, it does not contain dependency information.
[19Dec2025 00:54:37.665] [main/DEBUG] [net.minecraftforge.fml.loading.moddiscovery.AbstractJarFileDependencyLocator/]: Failed to load resource META-INF/jarjar/metadata.json from Clumps-forge-1.19.2-9.0.0+14.jar, it does not contain dependency information.
[19Dec2025 00:54:37.665] [main/DEBUG] [net.minecraftforge.fml.loading.moddiscovery.AbstractJarFileDependencyLocator/]: Failed to load resource META-INF/jarjar/metadata.json from shutupexperimentalsettings-1.0.5.jar, it does not contain dependency information.
[19Dec2025 00:54:37.665] [main/DEBUG] [net.minecraftforge.fml.loading.moddiscovery.AbstractJarFileDependencyLocator/]: Failed to load resource META-INF/jarjar/metadata.json from BadMobs-1.19.2-16.1.3.jar, it does not contain dependency information.
[19Dec2025 00:54:37.665] [main/DEBUG] [net.minecraftforge.fml.loading.moddiscovery.AbstractJarFileDependencyLocator/]: Failed to load resource META-INF/jarjar/metadata.json from farsighted-mobs-forge-1.1-1.19.jar, it does not contain dependency information.
[19Dec2025 00:54:37.665] [main/DEBUG] [net.minecraftforge.fml.loading.moddiscovery.AbstractJarFileDependencyLocator/]: Failed to load resource META-INF/jarjar/metadata.json from beautifiedchatserver-1.19.2-2.5.jar, it does not contain dependency information.
[19Dec2025 00:54:37.665] [main/DEBUG] [net.minecraftforge.fml.loading.moddiscovery.AbstractJarFileDependencyLocator/]: Failed to load resource META-INF/jarjar/metadata.json from RealisticTorches-1.19.2-3.1.5.jar, it does not contain dependency information.
[19Dec2025 00:54:37.665] [main/DEBUG] [net.minecraftforge.fml.loading.moddiscovery.AbstractJarFileDependencyLocator/]: Failed to load resource META-INF/jarjar/metadata.json from lazydfu-1.19-1.0.2.jar, it does not contain dependency information.
[19Dec2025 00:54:37.665] [main/DEBUG] [net.minecraftforge.fml.loading.moddiscovery.AbstractJarFileDependencyLocator/]: Failed to load resource META-INF/jarjar/metadata.json from Sculpture-forge-1.19.2-1.7.1.jar, it does not contain dependency information.
[19Dec2025 00:54:37.666] [main/DEBUG] [net.minecraftforge.fml.loading.moddiscovery.AbstractJarFileDependencyLocator/]: Failed to load resource META-INF/jarjar/metadata.json from watut-forge-1.19.2-1.0.14.jar, it does not contain dependency information.
[19Dec2025 00:54:37.666] [main/DEBUG] [net.minecraftforge.fml.loading.moddiscovery.AbstractJarFileDependencyLocator/]: Failed to load resource META-INF/jarjar/metadata.json from forge-1.19.2-43.4.2-universal.jar, it does not contain dependency information.
[19Dec2025 00:54:37.666] [main/DEBUG] [net.minecraftforge.fml.loading.moddiscovery.AbstractJarFileDependencyLocator/]: Failed to load resource META-INF/jarjar/metadata.json from PossessiveMask-forge-1.19.2-1.2.jar, it does not contain dependency information.
[19Dec2025 00:54:37.666] [main/DEBUG] [net.minecraftforge.fml.loading.moddiscovery.AbstractJarFileDependencyLocator/]: Failed to load resource META-INF/jarjar/metadata.json from toofast-1.19-0.2.2.4.jar, it does not contain dependency information.
[19Dec2025 00:54:37.666] [main/DEBUG] [net.minecraftforge.fml.loading.moddiscovery.AbstractJarFileDependencyLocator/]: Failed to load resource META-INF/jarjar/metadata.json from Log-Begone-Forge-1.19-1.0.6.jar, it does not contain dependency information.
[19Dec2025 00:54:37.666] [main/DEBUG] [net.minecraftforge.fml.loading.moddiscovery.AbstractJarFileDependencyLocator/]: Failed to load resource META-INF/jarjar/metadata.json from EyesInTheDark-forge-1.19.2-1.0.jar, it does not contain dependency information.
[19Dec2025 00:54:37.666] [main/DEBUG] [net.minecraftforge.fml.loading.moddiscovery.AbstractJarFileDependencyLocator/]: Failed to load resource META-INF/jarjar/metadata.json from emotecraft-for-MC1.19.2-2.2.5-forge.jar, it does not contain dependency information.
[19Dec2025 00:54:37.666] [main/DEBUG] [net.minecraftforge.fml.loading.moddiscovery.AbstractJarFileDependencyLocator/]: Failed to load resource META-INF/jarjar/metadata.json from craftingtweaks-forge-1.19.2-15.1.9.jar, it does not contain dependency information.
[19Dec2025 00:54:37.667] [main/DEBUG] [net.minecraftforge.fml.loading.moddiscovery.AbstractJarFileDependencyLocator/]: Failed to load resource META-INF/jarjar/metadata.json from server-1.19.2-20220805.130853-srg.jar, it does not contain dependency information.
[19Dec2025 00:54:37.667] [main/DEBUG] [net.minecraftforge.fml.loading.moddiscovery.AbstractJarFileDependencyLocator/]: Failed to load resource META-INF/jarjar/metadata.json from smoothchunk-1.19.2-3.5.jar, it does not contain dependency information.
[19Dec2025 00:54:37.667] [main/DEBUG] [net.minecraftforge.fml.loading.moddiscovery.AbstractJarFileDependencyLocator/]: Failed to load resource META-INF/jarjar/metadata.json from logprot-1.19.2-1.9.jar, it does not contain dependency information.
[19Dec2025 00:54:37.667] [main/DEBUG] [net.minecraftforge.fml.loading.moddiscovery.AbstractJarFileDependencyLocator/]: Failed to load resource META-INF/jarjar/metadata.json from SimpleBackups-1.19.1-2.1.11.jar, it does not contain dependency information.
[19Dec2025 00:54:37.667] [main/DEBUG] [net.minecraftforge.fml.loading.moddiscovery.AbstractJarFileDependencyLocator/]: Failed to load resource META-INF/jarjar/metadata.json from simplyswords-forge-1.47.0-1.19.2.jar, it does not contain dependency information.
[19Dec2025 00:54:37.667] [main/DEBUG] [net.minecraftforge.fml.loading.moddiscovery.AbstractJarFileDependencyLocator/]: Failed to load resource META-INF/jarjar/metadata.json from moonlight-1.19.2-2.3.7-forge.jar, it does not contain dependency information.
[19Dec2025 00:54:37.667] [main/DEBUG] [net.minecraftforge.fml.loading.moddiscovery.AbstractJarFileDependencyLocator/]: Failed to load resource META-INF/jarjar/metadata.json from kim_dweller-1.19.2-1.7.0 (1).jar, it does not contain dependency information.
[19Dec2025 00:54:37.667] [main/DEBUG] [net.minecraftforge.fml.loading.moddiscovery.AbstractJarFileDependencyLocator/]: Failed to load resource META-INF/jarjar/metadata.json from bettercombat-forge-1.7.1+1.19.jar, it does not contain dependency information.
[19Dec2025 00:54:37.668] [main/DEBUG] [net.minecraftforge.fml.loading.moddiscovery.AbstractJarFileDependencyLocator/]: Failed to load resource META-INF/jarjar/metadata.json from Necronomicon-Forge-1.4.2.jar, it does not contain dependency information.
[19Dec2025 00:54:37.668] [main/DEBUG] [net.minecraftforge.fml.loading.moddiscovery.AbstractJarFileDependencyLocator/]: Failed to load resource META-INF/jarjar/metadata.json from Minechosis v0.1.3 (Forge 1.19.2).jar, it does not contain dependency information.
[19Dec2025 00:54:37.668] [main/DEBUG] [net.minecraftforge.fml.loading.moddiscovery.AbstractJarFileDependencyLocator/]: Failed to load resource META-INF/jarjar/metadata.json from From-The-Fog-1.19-v1.9.1-Forge-Fabric.jar, it does not contain dependency information.
[19Dec2025 00:54:37.668] [main/DEBUG] [net.minecraftforge.fml.loading.moddiscovery.AbstractJarFileDependencyLocator/]: Failed to load resource META-INF/jarjar/metadata.json from vivilly_dweller-1.19.2-1.7.0.jar, it does not contain dependency information.
[19Dec2025 00:54:37.668] [main/DEBUG] [net.minecraftforge.fml.loading.moddiscovery.AbstractJarFileDependencyLocator/]: Failed to load resource META-INF/jarjar/metadata.json from TrueHerobrine_1.1+1.19.2.jar, it does not contain dependency information.
[19Dec2025 00:54:37.668] [main/DEBUG] [net.minecraftforge.fml.loading.moddiscovery.AbstractJarFileDependencyLocator/]: Failed to load resource META-INF/jarjar/metadata.json from Iceberg-1.19.2-forge-1.1.4.jar, it does not contain dependency information.
[19Dec2025 00:54:37.668] [main/DEBUG] [net.minecraftforge.fml.loading.moddiscovery.AbstractJarFileDependencyLocator/]: Failed to load resource META-INF/jarjar/metadata.json from spartanshields-1.19.2-3.0.1.jar, it does not contain dependency information.
[19Dec2025 00:54:37.668] [main/DEBUG] [net.minecraftforge.fml.loading.moddiscovery.AbstractJarFileDependencyLocator/]: Failed to load resource META-INF/jarjar/metadata.json from mobsunscreen-forge-1.19.2-3.0.9.jar, it does not contain dependency information.
[19Dec2025 00:54:37.669] [main/DEBUG] [net.minecraftforge.fml.loading.moddiscovery.AbstractJarFileDependencyLocator/]: Failed to load resource META-INF/jarjar/metadata.json from canary-mc1.19.2-0.3.3.jar, it does not contain dependency information.
[19Dec2025 00:54:37.669] [main/DEBUG] [net.minecraftforge.fml.loading.moddiscovery.AbstractJarFileDependencyLocator/]: Failed to load resource META-INF/jarjar/metadata.json from betterchunkloading-1.19.2-4.2.jar, it does not contain dependency information.
[19Dec2025 00:54:37.669] [main/DEBUG] [net.minecraftforge.fml.loading.moddiscovery.AbstractJarFileDependencyLocator/]: Failed to load resource META-INF/jarjar/metadata.json from Apollyon v1.1.0 (Forge 1.19.2).jar, it does not contain dependency information.
[19Dec2025 00:54:37.669] [main/DEBUG] [net.minecraftforge.fml.loading.moddiscovery.AbstractJarFileDependencyLocator/]: Failed to load resource META-INF/jarjar/metadata.json from coroutil-forge-1.19.2-1.3.6.jar, it does not contain dependency information.
[19Dec2025 00:54:37.669] [main/DEBUG] [net.minecraftforge.fml.loading.moddiscovery.AbstractJarFileDependencyLocator/]: Failed to load resource META-INF/jarjar/metadata.json from FastFurnace-1.19.2-7.0.0.jar, it does not contain dependency information.
[19Dec2025 00:54:37.669] [main/DEBUG] [net.minecraftforge.fml.loading.moddiscovery.AbstractJarFileDependencyLocator/]: Failed to load resource META-INF/jarjar/metadata.json from endofherobrine-1.19.2-1.0.8.2.jar, it does not contain dependency information.
[19Dec2025 00:54:37.669] [main/DEBUG] [net.minecraftforge.fml.loading.moddiscovery.AbstractJarFileDependencyLocator/]: Failed to load resource META-INF/jarjar/metadata.json from ShyGuy-forge-1.19.2-2.1.jar, it does not contain dependency information.
[19Dec2025 00:54:37.670] [main/DEBUG] [net.minecraftforge.fml.loading.moddiscovery.AbstractJarFileDependencyLocator/]: Failed to load resource META-INF/jarjar/metadata.json from Beware-1.19.2-2.3.4.jar, it does not contain dependency information.
[19Dec2025 00:54:37.670] [main/DEBUG] [net.minecraftforge.fml.loading.moddiscovery.AbstractJarFileDependencyLocator/]: Failed to load resource META-INF/jarjar/metadata.json from ferritecore-5.0.3-forge.jar, it does not contain dependency information.
[19Dec2025 00:54:37.670] [main/DEBUG] [net.minecraftforge.fml.loading.moddiscovery.AbstractJarFileDependencyLocator/]: Failed to load resource META-INF/jarjar/metadata.json from PuzzlesLib-v4.4.3-1.19.2-Forge.jar, it does not contain dependency information.
[19Dec2025 00:54:37.670] [main/DEBUG] [net.minecraftforge.fml.loading.moddiscovery.AbstractJarFileDependencyLocator/]: Failed to load resource META-INF/jarjar/metadata.json from the_knocker-1.4.0-forge-1.19.2.jar, it does not contain dependency information.
[19Dec2025 00:54:37.670] [main/DEBUG] [net.minecraftforge.fml.loading.moddiscovery.AbstractJarFileDependencyLocator/]: Failed to load resource META-INF/jarjar/metadata.json from packetfixer-forge-1.4.2-1.19-to-1.20.1.jar, it does not contain dependency information.
[19Dec2025 00:54:37.670] [main/DEBUG] [net.minecraftforge.fml.loading.moddiscovery.AbstractJarFileDependencyLocator/]: Failed to load resource META-INF/jarjar/metadata.json from cartoon_dweller-1.19.2-1.8.0.jar, it does not contain dependency information.
[19Dec2025 00:54:37.670] [main/DEBUG] [net.minecraftforge.fml.loading.moddiscovery.AbstractJarFileDependencyLocator/]: Failed to load resource META-INF/jarjar/metadata.json from chunksending-1.19.2-2.8.jar, it does not contain dependency information.
[19Dec2025 00:54:37.670] [main/DEBUG] [net.minecraftforge.fml.loading.moddiscovery.AbstractJarFileDependencyLocator/]: Failed to load resource META-INF/jarjar/metadata.json from responsiveshields-2.3-mc1.18-19-20.x.jar, it does not contain dependency information.
[19Dec2025 00:54:37.670] [main/DEBUG] [net.minecraftforge.fml.loading.moddiscovery.AbstractJarFileDependencyLocator/]: Failed to load resource META-INF/jarjar/metadata.json from mclanguage-1.19.2-43.4.2.jar, it does not contain dependency information.
[19Dec2025 00:54:37.670] [main/DEBUG] [net.minecraftforge.fml.loading.moddiscovery.AbstractJarFileDependencyLocator/]: Failed to load resource META-INF/jarjar/metadata.json from javafmllanguage-1.19.2-43.4.2.jar, it does not contain dependency information.
[19Dec2025 00:54:37.671] [main/DEBUG] [net.minecraftforge.fml.loading.moddiscovery.AbstractJarFileDependencyLocator/]: Failed to load resource META-INF/jarjar/metadata.json from fmlcore-1.19.2-43.4.2.jar, it does not contain dependency information.
[19Dec2025 00:54:37.671] [main/DEBUG] [net.minecraftforge.fml.loading.moddiscovery.AbstractJarFileDependencyLocator/]: Failed to load resource META-INF/jarjar/metadata.json from lowcodelanguage-1.19.2-43.4.2.jar, it does not contain dependency information.
[19Dec2025 00:54:37.901] [main/DEBUG] [net.minecraftforge.fml.loading.moddiscovery.ModFileParser/LOADING]: Considering mod file candidate 
[19Dec2025 00:54:37.902] [main/DEBUG] [net.minecraftforge.fml.loading.moddiscovery.ModFileInfo/LOADING]: Found valid mod file mixinextras-forge-0.3.6.jar with {mixinextras} mods - versions {0.3.6}
[19Dec2025 00:54:37.912] [main/DEBUG] [net.minecraftforge.fml.loading.moddiscovery.ModFileParser/LOADING]: Considering mod file candidate 
[19Dec2025 00:54:37.913] [main/DEBUG] [net.minecraftforge.fml.loading.moddiscovery.ModFileInfo/LOADING]: Found valid mod file spectrelib-forge-0.12.8+1.19.2.jar with {spectrelib} mods - versions {0.12.8+1.19.2}
[19Dec2025 00:54:37.916] [main/DEBUG] [net.minecraftforge.fml.loading.moddiscovery.ModFileParser/LOADING]: Considering mod file candidate 
[19Dec2025 00:54:37.917] [main/DEBUG] [net.minecraftforge.fml.loading.moddiscovery.ModFileInfo/LOADING]: Found valid mod file mixinextras-forge-0.2.1-beta.2.jar with {mixinextras} mods - versions {0.2.1-beta.2}
[19Dec2025 00:54:37.918] [main/DEBUG] [net.minecraftforge.fml.loading.moddiscovery.ModFileParser/LOADING]: Considering mod file candidate 
[19Dec2025 00:54:37.919] [main/DEBUG] [net.minecraftforge.fml.loading.moddiscovery.ModFileInfo/LOADING]: Found valid mod file mixinextras-forge-0.2.0-rc.2.jar with {mixinextras} mods - versions {0.2.0-rc.2}
[19Dec2025 00:54:37.921] [main/DEBUG] [net.minecraftforge.fml.loading.moddiscovery.ModFileParser/LOADING]: Considering mod file candidate 
[19Dec2025 00:54:37.921] [main/DEBUG] [net.minecraftforge.fml.loading.moddiscovery.ModFileInfo/LOADING]: Found valid mod file mixinextras-forge-0.3.2.jar with {mixinextras} mods - versions {0.3.2}
[19Dec2025 00:54:37.928] [main/DEBUG] [net.minecraftforge.fml.loading.moddiscovery.AbstractJarFileDependencyLocator/]: Failed to load resource META-INF/jarjar/metadata.json from Reflect-1.3.4.jar, it does not contain dependency information.
[19Dec2025 00:54:37.928] [main/DEBUG] [net.minecraftforge.fml.loading.moddiscovery.AbstractJarFileDependencyLocator/]: Failed to load resource META-INF/jarjar/metadata.json from spectrelib-forge-0.12.8+1.19.2.jar, it does not contain dependency information.
[19Dec2025 00:54:37.941] [main/DEBUG] [net.minecraftforge.fml.loading.moddiscovery.AbstractJarFileDependencyLocator/]: Failed to load resource META-INF/jarjar/metadata.json from MixinExtras-0.3.6.jar, it does not contain dependency information.
[19Dec2025 00:54:37.941] [main/DEBUG] [net.minecraftforge.fml.loading.moddiscovery.AbstractJarFileDependencyLocator/]: Failed to load resource META-INF/jarjar/metadata.json from MixinExtras-0.2.1-beta.2.jar, it does not contain dependency information.
[19Dec2025 00:54:37.941] [main/DEBUG] [net.minecraftforge.fml.loading.moddiscovery.AbstractJarFileDependencyLocator/]: Failed to load resource META-INF/jarjar/metadata.json from MixinExtras-0.2.0-rc.2.jar, it does not contain dependency information.
[19Dec2025 00:54:37.941] [main/DEBUG] [net.minecraftforge.fml.loading.moddiscovery.AbstractJarFileDependencyLocator/]: Failed to load resource META-INF/jarjar/metadata.json from MixinExtras-0.3.2.jar, it does not contain dependency information.
[19Dec2025 00:54:37.969] [main/DEBUG] [net.minecraftforge.fml.loading.moddiscovery.ModFileParser/LOADING]: Considering mod file candidate 
[19Dec2025 00:54:37.970] [main/DEBUG] [net.minecraftforge.fml.loading.moddiscovery.ModFileInfo/LOADING]: Found valid mod file mixinextras-forge-0.3.6.jar with {mixinextras} mods - versions {0.3.6}
[19Dec2025 00:54:37.971] [main/DEBUG] [net.minecraftforge.fml.loading.moddiscovery.ModFileParser/LOADING]: Considering mod file candidate 
[19Dec2025 00:54:37.972] [main/DEBUG] [net.minecraftforge.fml.loading.moddiscovery.ModFileInfo/LOADING]: Found valid mod file spectrelib-forge-0.12.8+1.19.2.jar with {spectrelib} mods - versions {0.12.8+1.19.2}
[19Dec2025 00:54:37.975] [main/INFO] [net.minecraftforge.fml.loading.moddiscovery.JarInJarDependencyLocator/]: Found 4 dependencies adding them to mods collection
[19Dec2025 00:54:37.977] [main/DEBUG] [net.minecraftforge.fml.loading.moddiscovery.ModFileParser/LOADING]: Considering mod file candidate /workspaces/symmetrical-octo-engine/servidor_minecraft/mods/kubejs-forge-1902.6.2-build.73.jar
[19Dec2025 00:54:37.977] [main/DEBUG] [net.minecraftforge.fml.loading.moddiscovery.ModFileInfo/LOADING]: Found valid mod file kubejs-forge-1902.6.2-build.73.jar with {kubejs} mods - versions {1902.6.2-build.73}
[19Dec2025 00:54:37.981] [main/DEBUG] [net.minecraftforge.fml.loading.moddiscovery.ModFile/LOADING]: Loading mod file /workspaces/symmetrical-octo-engine/servidor_minecraft/mods/kubejs-forge-1902.6.2-build.73.jar with languages [LanguageSpec[languageName=javafml, acceptedVersions=[40,)]]
[19Dec2025 00:54:37.982] [main/DEBUG] [net.minecraftforge.fml.loading.moddiscovery.ModFileParser/LOADING]: Considering mod file candidate /workspaces/symmetrical-octo-engine/servidor_minecraft/mods/notenoughcrashes-5.0.0+1.19.2-forge.jar
[19Dec2025 00:54:37.982] [main/DEBUG] [net.minecraftforge.fml.loading.moddiscovery.ModFileInfo/LOADING]: Found valid mod file notenoughcrashes-5.0.0+1.19.2-forge.jar with {notenoughcrashes} mods - versions {5.0.0+1.19.2}
[19Dec2025 00:54:37.982] [main/DEBUG] [net.minecraftforge.fml.loading.moddiscovery.ModFile/LOADING]: Loading mod file /workspaces/symmetrical-octo-engine/servidor_minecraft/mods/notenoughcrashes-5.0.0+1.19.2-forge.jar with languages [LanguageSpec[languageName=javafml, acceptedVersions=[35,)]]
[19Dec2025 00:54:37.982] [main/DEBUG] [net.minecraftforge.fml.loading.moddiscovery.ModFileParser/LOADING]: Considering mod file candidate /workspaces/symmetrical-octo-engine/servidor_minecraft/mods/player-animation-lib-forge-1.0.2.jar
[19Dec2025 00:54:37.983] [main/DEBUG] [net.minecraftforge.fml.loading.moddiscovery.ModFileInfo/LOADING]: Found valid mod file player-animation-lib-forge-1.0.2.jar with {playeranimator} mods - versions {1.0.2}
[19Dec2025 00:54:37.983] [main/DEBUG] [net.minecraftforge.fml.loading.moddiscovery.ModFile/LOADING]: Loading mod file /workspaces/symmetrical-octo-engine/servidor_minecraft/mods/player-animation-lib-forge-1.0.2.jar with languages [LanguageSpec[languageName=javafml, acceptedVersions=[37.1.1,)]]
[19Dec2025 00:54:37.983] [main/DEBUG] [net.minecraftforge.fml.loading.moddiscovery.ModFileParser/LOADING]: Considering mod file candidate /workspaces/symmetrical-octo-engine/servidor_minecraft/mods/The Rolling Giant v1.0.4 1.19.2.jar
[19Dec2025 00:54:37.983] [main/DEBUG] [net.minecraftforge.fml.loading.moddiscovery.ModFileInfo/LOADING]: Found valid mod file The Rolling Giant v1.0.4 1.19.2.jar with {rolling_giant} mods - versions {1.0.4}
[19Dec2025 00:54:37.983] [main/DEBUG] [net.minecraftforge.fml.loading.moddiscovery.ModFile/LOADING]: Loading mod file /workspaces/symmetrical-octo-engine/servidor_minecraft/mods/The Rolling Giant v1.0.4 1.19.2.jar with languages [LanguageSpec[languageName=javafml, acceptedVersions=[43,)]]
[19Dec2025 00:54:37.984] [main/DEBUG] [net.minecraftforge.fml.loading.moddiscovery.ModFileParser/LOADING]: Considering mod file candidate /workspaces/symmetrical-octo-engine/servidor_minecraft/mods/connectivity-1.19.2-4.6.jar
[19Dec2025 00:54:37.984] [main/DEBUG] [net.minecraftforge.fml.loading.moddiscovery.ModFileInfo/LOADING]: Found valid mod file connectivity-1.19.2-4.6.jar with {connectivity} mods - versions {1.19.2-4.6}
[19Dec2025 00:54:37.984] [main/DEBUG] [net.minecraftforge.fml.loading.moddiscovery.ModFile/LOADING]: Loading mod file /workspaces/symmetrical-octo-engine/servidor_minecraft/mods/connectivity-1.19.2-4.6.jar with languages [LanguageSpec[languageName=javafml, acceptedVersions=[28,)]]
[19Dec2025 00:54:37.984] [main/DEBUG] [net.minecraftforge.fml.loading.moddiscovery.ModFileParser/LOADING]: Considering mod file candidate /workspaces/symmetrical-octo-engine/servidor_minecraft/mods/BlanketGhost-forge-1.19.2-1.2.jar
[19Dec2025 00:54:37.985] [main/DEBUG] [net.minecraftforge.fml.loading.moddiscovery.ModFileInfo/LOADING]: Found valid mod file BlanketGhost-forge-1.19.2-1.2.jar with {blanketghost} mods - versions {1.0.0}
[19Dec2025 00:54:37.985] [main/DEBUG] [net.minecraftforge.fml.loading.moddiscovery.ModFile/LOADING]: Loading mod file /workspaces/symmetrical-octo-engine/servidor_minecraft/mods/BlanketGhost-forge-1.19.2-1.2.jar with languages [LanguageSpec[languageName=javafml, acceptedVersions=[43,)]]
[19Dec2025 00:54:37.985] [main/DEBUG] [net.minecraftforge.fml.loading.moddiscovery.ModFileParser/LOADING]: Considering mod file candidate /workspaces/symmetrical-octo-engine/servidor_minecraft/mods/InsaneLib-1.7.5-mc1.19.2.jar
[19Dec2025 00:54:37.985] [main/DEBUG] [net.minecraftforge.fml.loading.moddiscovery.ModFileInfo/LOADING]: Found valid mod file InsaneLib-1.7.5-mc1.19.2.jar with {insanelib} mods - versions {1.7.5}
[19Dec2025 00:54:37.986] [main/DEBUG] [net.minecraftforge.fml.loading.moddiscovery.ModFile/LOADING]: Loading mod file /workspaces/symmetrical-octo-engine/servidor_minecraft/mods/InsaneLib-1.7.5-mc1.19.2.jar with languages [LanguageSpec[languageName=javafml, acceptedVersions=[42,)]]
[19Dec2025 00:54:37.986] [main/DEBUG] [net.minecraftforge.fml.loading.moddiscovery.ModFileParser/LOADING]: Considering mod file candidate /workspaces/symmetrical-octo-engine/servidor_minecraft/mods/modernfix-forge-5.18.1+mc1.19.2.jar
[19Dec2025 00:54:37.986] [main/DEBUG] [net.minecraftforge.fml.loading.moddiscovery.ModFileInfo/LOADING]: Found valid mod file modernfix-forge-5.18.1+mc1.19.2.jar with {modernfix} mods - versions {5.18.1+mc1.19.2}
[19Dec2025 00:54:37.986] [main/DEBUG] [net.minecraftforge.fml.loading.moddiscovery.ModFile/LOADING]: Loading mod file /workspaces/symmetrical-octo-engine/servidor_minecraft/mods/modernfix-forge-5.18.1+mc1.19.2.jar with languages [LanguageSpec[languageName=javafml, acceptedVersions=[43,)]]
[19Dec2025 00:54:37.986] [main/DEBUG] [net.minecraftforge.fml.loading.moddiscovery.ModFileParser/LOADING]: Considering mod file candidate /workspaces/symmetrical-octo-engine/servidor_minecraft/mods/Placebo-1.19.2-7.4.0.jar
[19Dec2025 00:54:37.987] [main/DEBUG] [net.minecraftforge.fml.loading.moddiscovery.ModFileInfo/LOADING]: Found valid mod file Placebo-1.19.2-7.4.0.jar with {placebo} mods - versions {7.4.0}
[19Dec2025 00:54:37.987] [main/DEBUG] [net.minecraftforge.fml.loading.moddiscovery.ModFile/LOADING]: Loading mod file /workspaces/symmetrical-octo-engine/servidor_minecraft/mods/Placebo-1.19.2-7.4.0.jar with languages [LanguageSpec[languageName=javafml, acceptedVersions=[32,)]]
[19Dec2025 00:54:37.989] [main/DEBUG] [net.minecraftforge.fml.loading.moddiscovery.ModFileParser/LOADING]: Found coremod placebo_get_ench_level_event with Javascript path coremods/get_ench_level_event.js
[19Dec2025 00:54:37.989] [main/DEBUG] [net.minecraftforge.fml.loading.moddiscovery.ModFileParser/LOADING]: Found coremod placebo_get_ench_level_event_specific with Javascript path coremods/get_ench_level_event_specific.js
[19Dec2025 00:54:37.989] [main/DEBUG] [net.minecraftforge.fml.loading.moddiscovery.ModFile/LOADING]: Found coremod coremods/get_ench_level_event.js
[19Dec2025 00:54:37.989] [main/DEBUG] [net.minecraftforge.fml.loading.moddiscovery.ModFile/LOADING]: Found coremod coremods/get_ench_level_event_specific.js
[19Dec2025 00:54:37.989] [main/DEBUG] [net.minecraftforge.fml.loading.moddiscovery.ModFileParser/LOADING]: Considering mod file candidate /workspaces/symmetrical-octo-engine/servidor_minecraft/mods/zombieawareness-1.19.2-1.12.3.jar
[19Dec2025 00:54:37.990] [main/DEBUG] [net.minecraftforge.fml.loading.moddiscovery.ModFileInfo/LOADING]: Found valid mod file zombieawareness-1.19.2-1.12.3.jar with {zombieawareness} mods - versions {1.19.2-1.12.3}
[19Dec2025 00:54:37.990] [main/DEBUG] [net.minecraftforge.fml.loading.moddiscovery.ModFile/LOADING]: Loading mod file /workspaces/symmetrical-octo-engine/servidor_minecraft/mods/zombieawareness-1.19.2-1.12.3.jar with languages [LanguageSpec[languageName=javafml, acceptedVersions=[43,)]]
[19Dec2025 00:54:37.990] [main/DEBUG] [net.minecraftforge.fml.loading.moddiscovery.ModFileParser/LOADING]: Considering mod file candidate /workspaces/symmetrical-octo-engine/servidor_minecraft/mods/Item-Obliterator-Forge-1.19.2-2.2.1.jar
[19Dec2025 00:54:37.990] [main/DEBUG] [net.minecraftforge.fml.loading.moddiscovery.ModFileInfo/LOADING]: Found valid mod file Item-Obliterator-Forge-1.19.2-2.2.1.jar with {item_obliterator} mods - versions {2.2.1}
[19Dec2025 00:54:37.991] [main/DEBUG] [net.minecraftforge.fml.loading.moddiscovery.ModFile/LOADING]: Loading mod file /workspaces/symmetrical-octo-engine/servidor_minecraft/mods/Item-Obliterator-Forge-1.19.2-2.2.1.jar with languages [LanguageSpec[languageName=javafml, acceptedVersions=[43,)]]
[19Dec2025 00:54:37.991] [main/DEBUG] [net.minecraftforge.fml.loading.moddiscovery.ModFileParser/LOADING]: Considering mod file candidate /workspaces/symmetrical-octo-engine/servidor_minecraft/mods/Cave Dweller Reimagined.jar
[19Dec2025 00:54:37.991] [main/DEBUG] [net.minecraftforge.fml.loading.moddiscovery.ModFileInfo/LOADING]: Found valid mod file Cave Dweller Reimagined.jar with {cave_dweller} mods - versions {1.6.4}
[19Dec2025 00:54:37.991] [main/DEBUG] [net.minecraftforge.fml.loading.moddiscovery.ModFile/LOADING]: Loading mod file /workspaces/symmetrical-octo-engine/servidor_minecraft/mods/Cave Dweller Reimagined.jar with languages [LanguageSpec[languageName=javafml, acceptedVersions=[43,)]]
[19Dec2025 00:54:37.991] [main/DEBUG] [net.minecraftforge.fml.loading.moddiscovery.ModFileParser/LOADING]: Considering mod file candidate /workspaces/symmetrical-octo-engine/servidor_minecraft/mods/Sleepnt 1.19.2.jar
[19Dec2025 00:54:37.992] [main/DEBUG] [net.minecraftforge.fml.loading.moddiscovery.ModFileInfo/LOADING]: Found valid mod file Sleepnt 1.19.2.jar with {sleepnt_mod} mods - versions {1.0.0}
[19Dec2025 00:54:37.992] [main/DEBUG] [net.minecraftforge.fml.loading.moddiscovery.ModFile/LOADING]: Loading mod file /workspaces/symmetrical-octo-engine/servidor_minecraft/mods/Sleepnt 1.19.2.jar with languages [LanguageSpec[languageName=javafml, acceptedVersions=[43,)]]
[19Dec2025 00:54:37.992] [main/DEBUG] [net.minecraftforge.fml.loading.moddiscovery.ModFileParser/LOADING]: Considering mod file candidate /workspaces/symmetrical-octo-engine/servidor_minecraft/mods/balm-forge-1.19.2-4.6.0.jar
[19Dec2025 00:54:37.992] [main/DEBUG] [net.minecraftforge.fml.loading.moddiscovery.ModFileInfo/LOADING]: Found valid mod file balm-forge-1.19.2-4.6.0.jar with {balm} mods - versions {4.6.0}
[19Dec2025 00:54:37.992] [main/DEBUG] [net.minecraftforge.fml.loading.moddiscovery.ModFile/LOADING]: Loading mod file /workspaces/symmetrical-octo-engine/servidor_minecraft/mods/balm-forge-1.19.2-4.6.0.jar with languages [LanguageSpec[languageName=javafml, acceptedVersions=[41,)]]
[19Dec2025 00:54:37.993] [main/DEBUG] [net.minecraftforge.fml.loading.moddiscovery.ModFileParser/LOADING]: Considering mod file candidate /workspaces/symmetrical-octo-engine/servidor_minecraft/mods/immersive_armors-1.5.6+1.19.2-forge.jar
[19Dec2025 00:54:37.993] [main/DEBUG] [net.minecraftforge.fml.loading.moddiscovery.ModFileInfo/LOADING]: Found valid mod file immersive_armors-1.5.6+1.19.2-forge.jar with {immersive_armors} mods - versions {1.5.6+1.19.2}
[19Dec2025 00:54:37.993] [main/DEBUG] [net.minecraftforge.fml.loading.moddiscovery.ModFile/LOADING]: Loading mod file /workspaces/symmetrical-octo-engine/servidor_minecraft/mods/immersive_armors-1.5.6+1.19.2-forge.jar with languages [LanguageSpec[languageName=javafml, acceptedVersions=[43,)]]
[19Dec2025 00:54:37.993] [main/DEBUG] [net.minecraftforge.fml.loading.moddiscovery.ModFileParser/LOADING]: Considering mod file candidate /workspaces/symmetrical-octo-engine/servidor_minecraft/mods/steve_dweller-1.19.2-1.7.0.jar
[19Dec2025 00:54:37.994] [main/DEBUG] [net.minecraftforge.fml.loading.moddiscovery.ModFileInfo/LOADING]: Found valid mod file steve_dweller-1.19.2-1.7.0.jar with {steve_dweller} mods - versions {1.7.0}
[19Dec2025 00:54:37.994] [main/DEBUG] [net.minecraftforge.fml.loading.moddiscovery.ModFile/LOADING]: Loading mod file /workspaces/symmetrical-octo-engine/servidor_minecraft/mods/steve_dweller-1.19.2-1.7.0.jar with languages [LanguageSpec[languageName=javafml, acceptedVersions=[43,)]]
[19Dec2025 00:54:37.994] [main/DEBUG] [net.minecraftforge.fml.loading.moddiscovery.ModFileParser/LOADING]: Considering mod file candidate /workspaces/symmetrical-octo-engine/servidor_minecraft/mods/cloth-config-8.3.134-forge.jar
[19Dec2025 00:54:37.994] [main/DEBUG] [net.minecraftforge.fml.loading.moddiscovery.ModFileInfo/LOADING]: Found valid mod file cloth-config-8.3.134-forge.jar with {cloth_config} mods - versions {8.3.134}
[19Dec2025 00:54:37.994] [main/DEBUG] [net.minecraftforge.fml.loading.moddiscovery.ModFile/LOADING]: Loading mod file /workspaces/symmetrical-octo-engine/servidor_minecraft/mods/cloth-config-8.3.134-forge.jar with languages [LanguageSpec[languageName=javafml, acceptedVersions=[34,)]]
[19Dec2025 00:54:37.994] [main/DEBUG] [net.minecraftforge.fml.loading.moddiscovery.ModFileParser/LOADING]: Considering mod file candidate /workspaces/symmetrical-octo-engine/servidor_minecraft/mods/Emojiful-Forge-1.19.2-4.0.5-all.jar
[19Dec2025 00:54:37.995] [main/DEBUG] [net.minecraftforge.fml.loading.moddiscovery.ModFileInfo/LOADING]: Found valid mod file Emojiful-Forge-1.19.2-4.0.5-all.jar with {emojiful} mods - versions {4.0.5}
[19Dec2025 00:54:37.995] [main/DEBUG] [net.minecraftforge.fml.loading.moddiscovery.ModFile/LOADING]: Loading mod file /workspaces/symmetrical-octo-engine/servidor_minecraft/mods/Emojiful-Forge-1.19.2-4.0.5-all.jar with languages [LanguageSpec[languageName=javafml, acceptedVersions=[43,)]]
[19Dec2025 00:54:37.995] [main/DEBUG] [net.minecraftforge.fml.loading.moddiscovery.ModFileParser/LOADING]: Considering mod file candidate /workspaces/symmetrical-octo-engine/servidor_minecraft/mods/novillagerdm-1.19-4.0.0.jar
[19Dec2025 00:54:37.996] [main/DEBUG] [net.minecraftforge.fml.loading.moddiscovery.ModFileInfo/LOADING]: Found valid mod file novillagerdm-1.19-4.0.0.jar with {novillagerdm} mods - versions {4.0.0}
[19Dec2025 00:54:37.996] [main/DEBUG] [net.minecraftforge.fml.loading.moddiscovery.ModFile/LOADING]: Loading mod file /workspaces/symmetrical-octo-engine/servidor_minecraft/mods/novillagerdm-1.19-4.0.0.jar with languages [LanguageSpec[languageName=javafml, acceptedVersions=[41,)]]
[19Dec2025 00:54:37.996] [main/DEBUG] [net.minecraftforge.fml.loading.moddiscovery.ModFileParser/LOADING]: Considering mod file candidate /workspaces/symmetrical-octo-engine/servidor_minecraft/mods/TheOneWhoWatches-V1.4.2-1.19.2.jar
[19Dec2025 00:54:37.996] [main/DEBUG] [net.minecraftforge.fml.loading.moddiscovery.ModFileInfo/LOADING]: Found valid mod file TheOneWhoWatches-V1.4.2-1.19.2.jar with {the_one_who_watches} mods - versions {1.4.2}
[19Dec2025 00:54:37.996] [main/DEBUG] [net.minecraftforge.fml.loading.moddiscovery.ModFile/LOADING]: Loading mod file /workspaces/symmetrical-octo-engine/servidor_minecraft/mods/TheOneWhoWatches-V1.4.2-1.19.2.jar with languages [LanguageSpec[languageName=javafml, acceptedVersions=[43,)]]
[19Dec2025 00:54:37.996] [main/DEBUG] [net.minecraftforge.fml.loading.moddiscovery.ModFileParser/LOADING]: Considering mod file candidate /workspaces/symmetrical-octo-engine/servidor_minecraft/mods/AdvancementPlaques-1.19.2-1.4.7.jar
[19Dec2025 00:54:37.997] [main/DEBUG] [net.minecraftforge.fml.loading.moddiscovery.ModFileInfo/LOADING]: Found valid mod file AdvancementPlaques-1.19.2-1.4.7.jar with {advancementplaques} mods - versions {1.4.7}
[19Dec2025 00:54:37.997] [main/DEBUG] [net.minecraftforge.fml.loading.moddiscovery.ModFile/LOADING]: Loading mod file /workspaces/symmetrical-octo-engine/servidor_minecraft/mods/AdvancementPlaques-1.19.2-1.4.7.jar with languages [LanguageSpec[languageName=javafml, acceptedVersions=[41,)]]
[19Dec2025 00:54:37.997] [main/DEBUG] [net.minecraftforge.fml.loading.moddiscovery.ModFileParser/LOADING]: Considering mod file candidate /workspaces/symmetrical-octo-engine/servidor_minecraft/mods/BetterCompatibilityChecker-1.0.10-build.50+mc1.19.2.jar
[19Dec2025 00:54:37.997] [main/DEBUG] [net.minecraftforge.fml.loading.moddiscovery.ModFileInfo/LOADING]: Found valid mod file BetterCompatibilityChecker-1.0.10-build.50+mc1.19.2.jar with {bcc} mods - versions {1.0.10-build.50+mc1.19.2}
[19Dec2025 00:54:37.998] [main/DEBUG] [net.minecraftforge.fml.loading.moddiscovery.ModFile/LOADING]: Loading mod file /workspaces/symmetrical-octo-engine/servidor_minecraft/mods/BetterCompatibilityChecker-1.0.10-build.50+mc1.19.2.jar with languages [LanguageSpec[languageName=javafml, acceptedVersions=[38,)]]
[19Dec2025 00:54:37.998] [main/DEBUG] [net.minecraftforge.fml.loading.moddiscovery.ModFileParser/LOADING]: Considering mod file candidate /workspaces/symmetrical-octo-engine/servidor_minecraft/mods/mokey-1.19.2-1.7.0.jar
[19Dec2025 00:54:37.998] [main/DEBUG] [net.minecraftforge.fml.loading.moddiscovery.ModFileInfo/LOADING]: Found valid mod file mokey-1.19.2-1.7.0.jar with {mokey} mods - versions {1.7.0}
[19Dec2025 00:54:37.998] [main/DEBUG] [net.minecraftforge.fml.loading.moddiscovery.ModFile/LOADING]: Loading mod file /workspaces/symmetrical-octo-engine/servidor_minecraft/mods/mokey-1.19.2-1.7.0.jar with languages [LanguageSpec[languageName=javafml, acceptedVersions=[43,)]]
[19Dec2025 00:54:37.999] [main/DEBUG] [net.minecraftforge.fml.loading.moddiscovery.ModFileParser/LOADING]: Considering mod file candidate /workspaces/symmetrical-octo-engine/servidor_minecraft/mods/clockworklib-1.19.2-1.0.0.jar
[19Dec2025 00:54:37.999] [main/DEBUG] [net.minecraftforge.fml.loading.moddiscovery.ModFileInfo/LOADING]: Found valid mod file clockworklib-1.19.2-1.0.0.jar with {clockwork} mods - versions {1.19.2-1.0.0}
[19Dec2025 00:54:37.999] [main/DEBUG] [net.minecraftforge.fml.loading.moddiscovery.ModFile/LOADING]: Loading mod file /workspaces/symmetrical-octo-engine/servidor_minecraft/mods/clockworklib-1.19.2-1.0.0.jar with languages [LanguageSpec[languageName=javafml, acceptedVersions=[41,)]]
[19Dec2025 00:54:37.999] [main/DEBUG] [net.minecraftforge.fml.loading.moddiscovery.ModFileParser/LOADING]: Considering mod file candidate /workspaces/symmetrical-octo-engine/servidor_minecraft/mods/twm-1.19.2-1.11.4.jar
[19Dec2025 00:54:38.000] [main/DEBUG] [net.minecraftforge.fml.loading.moddiscovery.ModFileInfo/LOADING]: Found valid mod file twm-1.19.2-1.11.4.jar with {twm} mods - versions {1.0.0}
[19Dec2025 00:54:38.000] [main/DEBUG] [net.minecraftforge.fml.loading.moddiscovery.ModFile/LOADING]: Loading mod file /workspaces/symmetrical-octo-engine/servidor_minecraft/mods/twm-1.19.2-1.11.4.jar with languages [LanguageSpec[languageName=javafml, acceptedVersions=[43,)]]
[19Dec2025 00:54:38.000] [main/DEBUG] [net.minecraftforge.fml.loading.moddiscovery.ModFileParser/LOADING]: Considering mod file candidate /workspaces/symmetrical-octo-engine/servidor_minecraft/mods/Chunky-1.3.38.jar
[19Dec2025 00:54:38.000] [main/DEBUG] [net.minecraftforge.fml.loading.moddiscovery.ModFileInfo/LOADING]: Found valid mod file Chunky-1.3.38.jar with {chunky} mods - versions {1.3.38}
[19Dec2025 00:54:38.001] [main/DEBUG] [net.minecraftforge.fml.loading.moddiscovery.ModFile/LOADING]: Loading mod file /workspaces/symmetrical-octo-engine/servidor_minecraft/mods/Chunky-1.3.38.jar with languages [LanguageSpec[languageName=javafml, acceptedVersions=[38,)]]
[19Dec2025 00:54:38.001] [main/DEBUG] [net.minecraftforge.fml.loading.moddiscovery.ModFileParser/LOADING]: Considering mod file candidate /workspaces/symmetrical-octo-engine/servidor_minecraft/mods/demonic_watcher-1.19.2-4.6.0.jar
[19Dec2025 00:54:38.001] [main/DEBUG] [net.minecraftforge.fml.loading.moddiscovery.ModFileInfo/LOADING]: Found valid mod file demonic_watcher-1.19.2-4.6.0.jar with {demonic_watcher} mods - versions {1.7.0}
[19Dec2025 00:54:38.001] [main/DEBUG] [net.minecraftforge.fml.loading.moddiscovery.ModFile/LOADING]: Loading mod file /workspaces/symmetrical-octo-engine/servidor_minecraft/mods/demonic_watcher-1.19.2-4.6.0.jar with languages [LanguageSpec[languageName=javafml, acceptedVersions=[43,)]]
[19Dec2025 00:54:38.001] [main/DEBUG] [net.minecraftforge.fml.loading.moddiscovery.ModFileParser/LOADING]: Considering mod file candidate /workspaces/symmetrical-octo-engine/servidor_minecraft/mods/spark-1.10.37-forge.jar
[19Dec2025 00:54:38.001] [main/DEBUG] [net.minecraftforge.fml.loading.moddiscovery.ModFileInfo/LOADING]: Found valid mod file spark-1.10.37-forge.jar with {spark} mods - versions {1.10.37}
[19Dec2025 00:54:38.002] [main/DEBUG] [net.minecraftforge.fml.loading.moddiscovery.ModFile/LOADING]: Loading mod file /workspaces/symmetrical-octo-engine/servidor_minecraft/mods/spark-1.10.37-forge.jar with languages [LanguageSpec[languageName=javafml, acceptedVersions=[34,)]]
[19Dec2025 00:54:38.002] [main/DEBUG] [net.minecraftforge.fml.loading.moddiscovery.ModFileParser/LOADING]: Considering mod file candidate /workspaces/symmetrical-octo-engine/servidor_minecraft/mods/right-click-harvest-3.2.3+1.19.2-forge.jar
[19Dec2025 00:54:38.002] [main/DEBUG] [net.minecraftforge.fml.loading.moddiscovery.ModFileInfo/LOADING]: Found valid mod file right-click-harvest-3.2.3+1.19.2-forge.jar with {rightclickharvest} mods - versions {3.2.3+1.19.2-forge}
[19Dec2025 00:54:38.002] [main/DEBUG] [net.minecraftforge.fml.loading.moddiscovery.ModFile/LOADING]: Loading mod file /workspaces/symmetrical-octo-engine/servidor_minecraft/mods/right-click-harvest-3.2.3+1.19.2-forge.jar with languages [LanguageSpec[languageName=javafml, acceptedVersions=[43,)]]
[19Dec2025 00:54:38.002] [main/DEBUG] [net.minecraftforge.fml.loading.moddiscovery.ModFileParser/LOADING]: Considering mod file candidate /workspaces/symmetrical-octo-engine/servidor_minecraft/mods/collective-1.19.2-7.64.jar
[19Dec2025 00:54:38.003] [main/DEBUG] [net.minecraftforge.fml.loading.moddiscovery.ModFileInfo/LOADING]: Found valid mod file collective-1.19.2-7.64.jar with {collective} mods - versions {7.64}
[19Dec2025 00:54:38.003] [main/DEBUG] [net.minecraftforge.fml.loading.moddiscovery.ModFile/LOADING]: Loading mod file /workspaces/symmetrical-octo-engine/servidor_minecraft/mods/collective-1.19.2-7.64.jar with languages [LanguageSpec[languageName=javafml, acceptedVersions=*]]
[19Dec2025 00:54:38.003] [main/DEBUG] [net.minecraftforge.fml.loading.moddiscovery.ModFileParser/LOADING]: Considering mod file candidate /workspaces/symmetrical-octo-engine/servidor_minecraft/mods/The-Man-From-The-Fog-1.3-1.19.2.jar
[19Dec2025 00:54:38.003] [main/DEBUG] [net.minecraftforge.fml.loading.moddiscovery.ModFileInfo/LOADING]: Found valid mod file The-Man-From-The-Fog-1.3-1.19.2.jar with {man} mods - versions {1.3}
[19Dec2025 00:54:38.003] [main/DEBUG] [net.minecraftforge.fml.loading.moddiscovery.ModFile/LOADING]: Loading mod file /workspaces/symmetrical-octo-engine/servidor_minecraft/mods/The-Man-From-The-Fog-1.3-1.19.2.jar with languages [LanguageSpec[languageName=javafml, acceptedVersions=[43,)]]
[19Dec2025 00:54:38.004] [main/DEBUG] [net.minecraftforge.fml.loading.moddiscovery.ModFileParser/LOADING]: Considering mod file candidate /workspaces/symmetrical-octo-engine/servidor_minecraft/mods/ArPhEx-3.2.4-forge-1.19.2.jar
[19Dec2025 00:54:38.004] [main/DEBUG] [net.minecraftforge.fml.loading.moddiscovery.ModFileInfo/LOADING]: Found valid mod file ArPhEx-3.2.4-forge-1.19.2.jar with {arphex} mods - versions {3.2.4}
[19Dec2025 00:54:38.004] [main/DEBUG] [net.minecraftforge.fml.loading.moddiscovery.ModFile/LOADING]: Loading mod file /workspaces/symmetrical-octo-engine/servidor_minecraft/mods/ArPhEx-3.2.4-forge-1.19.2.jar with languages [LanguageSpec[languageName=javafml, acceptedVersions=[43,)]]
[19Dec2025 00:54:38.004] [main/DEBUG] [net.minecraftforge.fml.loading.moddiscovery.ModFileParser/LOADING]: Considering mod file candidate /workspaces/symmetrical-octo-engine/servidor_minecraft/mods/zombies_reworked-1.19.2-1.1.5.jar
[19Dec2025 00:54:38.005] [main/DEBUG] [net.minecraftforge.fml.loading.moddiscovery.ModFileInfo/LOADING]: Found valid mod file zombies_reworked-1.19.2-1.1.5.jar with {zombies_reworked} mods - versions {1.19.2-1.1.5}
[19Dec2025 00:54:38.005] [main/DEBUG] [net.minecraftforge.fml.loading.moddiscovery.ModFile/LOADING]: Loading mod file /workspaces/symmetrical-octo-engine/servidor_minecraft/mods/zombies_reworked-1.19.2-1.1.5.jar with languages [LanguageSpec[languageName=javafml, acceptedVersions=[41,)]]
[19Dec2025 00:54:38.005] [main/DEBUG] [net.minecraftforge.fml.loading.moddiscovery.ModFileParser/LOADING]: Considering mod file candidate /workspaces/symmetrical-octo-engine/servidor_minecraft/mods/architectury-6.6.92-forge.jar
[19Dec2025 00:54:38.005] [main/DEBUG] [net.minecraftforge.fml.loading.moddiscovery.ModFileInfo/LOADING]: Found valid mod file architectury-6.6.92-forge.jar with {architectury} mods - versions {6.6.92}
[19Dec2025 00:54:38.005] [main/DEBUG] [net.minecraftforge.fml.loading.moddiscovery.ModFile/LOADING]: Loading mod file /workspaces/symmetrical-octo-engine/servidor_minecraft/mods/architectury-6.6.92-forge.jar with languages [LanguageSpec[languageName=javafml, acceptedVersions=[43,)]]
[19Dec2025 00:54:38.006] [main/DEBUG] [net.minecraftforge.fml.loading.moddiscovery.ModFileParser/LOADING]: Considering mod file candidate /workspaces/symmetrical-octo-engine/servidor_minecraft/mods/cupboard-1.19.2-2.6.jar
[19Dec2025 00:54:38.006] [main/DEBUG] [net.minecraftforge.fml.loading.moddiscovery.ModFileInfo/LOADING]: Found valid mod file cupboard-1.19.2-2.6.jar with {cupboard} mods - versions {1.19.2-2.6}
[19Dec2025 00:54:38.006] [main/DEBUG] [net.minecraftforge.fml.loading.moddiscovery.ModFile/LOADING]: Loading mod file /workspaces/symmetrical-octo-engine/servidor_minecraft/mods/cupboard-1.19.2-2.6.jar with languages [LanguageSpec[languageName=javafml, acceptedVersions=[36,)]]
[19Dec2025 00:54:38.006] [main/DEBUG] [net.minecraftforge.fml.loading.moddiscovery.ModFileParser/LOADING]: Considering mod file candidate /workspaces/symmetrical-octo-engine/servidor_minecraft/mods/EnhancedAI-1.8.7-mc1.19.2.jar
[19Dec2025 00:54:38.007] [main/DEBUG] [net.minecraftforge.fml.loading.moddiscovery.ModFileInfo/LOADING]: Found valid mod file EnhancedAI-1.8.7-mc1.19.2.jar with {enhancedai} mods - versions {1.8.7}
[19Dec2025 00:54:38.007] [main/DEBUG] [net.minecraftforge.fml.loading.moddiscovery.ModFile/LOADING]: Loading mod file /workspaces/symmetrical-octo-engine/servidor_minecraft/mods/EnhancedAI-1.8.7-mc1.19.2.jar with languages [LanguageSpec[languageName=javafml, acceptedVersions=[42,)]]
[19Dec2025 00:54:38.007] [main/DEBUG] [net.minecraftforge.fml.loading.moddiscovery.ModFileParser/LOADING]: Considering mod file candidate /workspaces/symmetrical-octo-engine/servidor_minecraft/mods/torture-1.19.2.jar
[19Dec2025 00:54:38.008] [main/DEBUG] [net.minecraftforge.fml.loading.moddiscovery.ModFileInfo/LOADING]: Found valid mod file torture-1.19.2.jar with {torture} mods - versions {1.7.0}
[19Dec2025 00:54:38.008] [main/DEBUG] [net.minecraftforge.fml.loading.moddiscovery.ModFile/LOADING]: Loading mod file /workspaces/symmetrical-octo-engine/servidor_minecraft/mods/torture-1.19.2.jar with languages [LanguageSpec[languageName=javafml, acceptedVersions=[43,)]]
[19Dec2025 00:54:38.008] [main/DEBUG] [net.minecraftforge.fml.loading.moddiscovery.ModFileParser/LOADING]: Considering mod file candidate /workspaces/symmetrical-octo-engine/servidor_minecraft/mods/geckolib-forge-1.19-3.1.40.jar
[19Dec2025 00:54:38.008] [main/DEBUG] [net.minecraftforge.fml.loading.moddiscovery.ModFileInfo/LOADING]: Found valid mod file geckolib-forge-1.19-3.1.40.jar with {geckolib3} mods - versions {3.1.40}
[19Dec2025 00:54:38.008] [main/DEBUG] [net.minecraftforge.fml.loading.moddiscovery.ModFile/LOADING]: Loading mod file /workspaces/symmetrical-octo-engine/servidor_minecraft/mods/geckolib-forge-1.19-3.1.40.jar with languages [LanguageSpec[languageName=javafml, acceptedVersions=[41,)]]
[19Dec2025 00:54:38.008] [main/DEBUG] [net.minecraftforge.fml.loading.moddiscovery.ModFileParser/LOADING]: Considering mod file candidate /workspaces/symmetrical-octo-engine/servidor_minecraft/mods/majrusz-library-forge-1.19.2-7.0.5-backport.1.jar
[19Dec2025 00:54:38.009] [main/DEBUG] [net.minecraftforge.fml.loading.moddiscovery.ModFileInfo/LOADING]: Found valid mod file majrusz-library-forge-1.19.2-7.0.5-backport.1.jar with {majruszlibrary} mods - versions {7.0.5-backport.1}
[19Dec2025 00:54:38.009] [main/DEBUG] [net.minecraftforge.fml.loading.moddiscovery.ModFile/LOADING]: Loading mod file /workspaces/symmetrical-octo-engine/servidor_minecraft/mods/majrusz-library-forge-1.19.2-7.0.5-backport.1.jar with languages [LanguageSpec[languageName=javafml, acceptedVersions=[43,)]]
[19Dec2025 00:54:38.009] [main/DEBUG] [net.minecraftforge.fml.loading.moddiscovery.ModFileParser/LOADING]: Considering mod file candidate /workspaces/symmetrical-octo-engine/servidor_minecraft/mods/BetterAdvancements-1.19.2-0.2.2.142.jar
[19Dec2025 00:54:38.010] [main/DEBUG] [net.minecraftforge.fml.loading.moddiscovery.ModFileInfo/LOADING]: Found valid mod file BetterAdvancements-1.19.2-0.2.2.142.jar with {betteradvancements} mods - versions {0.2.2.142}
[19Dec2025 00:54:38.010] [main/DEBUG] [net.minecraftforge.fml.loading.moddiscovery.ModFile/LOADING]: Loading mod file /workspaces/symmetrical-octo-engine/servidor_minecraft/mods/BetterAdvancements-1.19.2-0.2.2.142.jar with languages [LanguageSpec[languageName=javafml, acceptedVersions=[43,)]]
[19Dec2025 00:54:38.010] [main/DEBUG] [net.minecraftforge.fml.loading.moddiscovery.ModFileParser/LOADING]: Considering mod file candidate /workspaces/symmetrical-octo-engine/servidor_minecraft/mods/inventorysorter-1.19.2-21.0.4.jar
[19Dec2025 00:54:38.010] [main/DEBUG] [net.minecraftforge.fml.loading.moddiscovery.ModFileInfo/LOADING]: Found valid mod file inventorysorter-1.19.2-21.0.4.jar with {inventorysorter} mods - versions {21.0.4}
[19Dec2025 00:54:38.010] [main/DEBUG] [net.minecraftforge.fml.loading.moddiscovery.ModFile/LOADING]: Loading mod file /workspaces/symmetrical-octo-engine/servidor_minecraft/mods/inventorysorter-1.19.2-21.0.4.jar with languages [LanguageSpec[languageName=javafml, acceptedVersions=[38,)]]
[19Dec2025 00:54:38.010] [main/DEBUG] [net.minecraftforge.fml.loading.moddiscovery.ModFileParser/LOADING]: Considering mod file candidate /workspaces/symmetrical-octo-engine/servidor_minecraft/mods/rhino-forge-1902.2.3-build.284.jar
[19Dec2025 00:54:38.011] [main/DEBUG] [net.minecraftforge.fml.loading.moddiscovery.ModFileInfo/LOADING]: Found valid mod file rhino-forge-1902.2.3-build.284.jar with {rhino} mods - versions {1902.2.3-build.284}
[19Dec2025 00:54:38.011] [main/DEBUG] [net.minecraftforge.fml.loading.moddiscovery.ModFile/LOADING]: Loading mod file /workspaces/symmetrical-octo-engine/servidor_minecraft/mods/rhino-forge-1902.2.3-build.284.jar with languages [LanguageSpec[languageName=javafml, acceptedVersions=[38,)]]
[19Dec2025 00:54:38.011] [main/DEBUG] [net.minecraftforge.fml.loading.moddiscovery.ModFileParser/LOADING]: Considering mod file candidate /workspaces/symmetrical-octo-engine/servidor_minecraft/mods/Fastload-Reforged-mc1.19.2-3.4.0.jar
[19Dec2025 00:54:38.011] [main/DEBUG] [net.minecraftforge.fml.loading.moddiscovery.ModFileInfo/LOADING]: Found valid mod file Fastload-Reforged-mc1.19.2-3.4.0.jar with {fastload} mods - versions {3.4.0}
[19Dec2025 00:54:38.012] [main/DEBUG] [net.minecraftforge.fml.loading.moddiscovery.ModFile/LOADING]: Loading mod file /workspaces/symmetrical-octo-engine/servidor_minecraft/mods/Fastload-Reforged-mc1.19.2-3.4.0.jar with languages [LanguageSpec[languageName=javafml, acceptedVersions=[43,)]]
[19Dec2025 00:54:38.012] [main/DEBUG] [net.minecraftforge.fml.loading.moddiscovery.ModFileParser/LOADING]: Considering mod file candidate /workspaces/symmetrical-octo-engine/servidor_minecraft/mods/endertrigon-1.0.jar
[19Dec2025 00:54:38.012] [main/DEBUG] [net.minecraftforge.fml.loading.moddiscovery.ModFileInfo/LOADING]: Found valid mod file endertrigon-1.0.jar with {endertrigon} mods - versions {1.0}
[19Dec2025 00:54:38.012] [main/DEBUG] [net.minecraftforge.fml.loading.moddiscovery.ModFile/LOADING]: Loading mod file /workspaces/symmetrical-octo-engine/servidor_minecraft/mods/endertrigon-1.0.jar with languages [LanguageSpec[languageName=javafml, acceptedVersions=[41,)]]
[19Dec2025 00:54:38.012] [main/DEBUG] [net.minecraftforge.fml.loading.moddiscovery.ModFileParser/LOADING]: Considering mod file candidate /workspaces/symmetrical-octo-engine/servidor_minecraft/mods/spiderstpo-1.19.2-2.0.4.jar
[19Dec2025 00:54:38.013] [main/DEBUG] [net.minecraftforge.fml.loading.moddiscovery.ModFileInfo/LOADING]: Found valid mod file spiderstpo-1.19.2-2.0.4.jar with {spiderstpo} mods - versions {2.0.4}
[19Dec2025 00:54:38.013] [main/DEBUG] [net.minecraftforge.fml.loading.moddiscovery.ModFile/LOADING]: Loading mod file /workspaces/symmetrical-octo-engine/servidor_minecraft/mods/spiderstpo-1.19.2-2.0.4.jar with languages [LanguageSpec[languageName=javafml, acceptedVersions=[40,)]]
[19Dec2025 00:54:38.013] [main/DEBUG] [net.minecraftforge.fml.loading.moddiscovery.ModFileParser/LOADING]: Considering mod file candidate /workspaces/symmetrical-octo-engine/servidor_minecraft/mods/the_rake-1.19.2 by-proddexx.jar
[19Dec2025 00:54:38.013] [main/DEBUG] [net.minecraftforge.fml.loading.moddiscovery.ModFileInfo/LOADING]: Found valid mod file the_rake-1.19.2 by-proddexx.jar with {the_rake} mods - versions {1.7.0}
[19Dec2025 00:54:38.013] [main/DEBUG] [net.minecraftforge.fml.loading.moddiscovery.ModFile/LOADING]: Loading mod file /workspaces/symmetrical-octo-engine/servidor_minecraft/mods/the_rake-1.19.2 by-proddexx.jar with languages [LanguageSpec[languageName=javafml, acceptedVersions=[43,)]]
[19Dec2025 00:54:38.014] [main/DEBUG] [net.minecraftforge.fml.loading.moddiscovery.ModFileParser/LOADING]: Considering mod file candidate /workspaces/symmetrical-octo-engine/servidor_minecraft/mods/jei-1.19.2-forge-11.8.1.1034.jar
[19Dec2025 00:54:38.014] [main/DEBUG] [net.minecraftforge.fml.loading.moddiscovery.ModFileInfo/LOADING]: Found valid mod file jei-1.19.2-forge-11.8.1.1034.jar with {jei} mods - versions {11.8.1.1034}
[19Dec2025 00:54:38.014] [main/DEBUG] [net.minecraftforge.fml.loading.moddiscovery.ModFile/LOADING]: Loading mod file /workspaces/symmetrical-octo-engine/servidor_minecraft/mods/jei-1.19.2-forge-11.8.1.1034.jar with languages [LanguageSpec[languageName=javafml, acceptedVersions=[41,)]]
[19Dec2025 00:54:38.014] [main/DEBUG] [net.minecraftforge.fml.loading.moddiscovery.ModFileParser/LOADING]: Considering mod file candidate /workspaces/symmetrical-octo-engine/servidor_minecraft/mods/VisualWorkbench-v4.2.4-1.19.2-Forge.jar
[19Dec2025 00:54:38.015] [main/DEBUG] [net.minecraftforge.fml.loading.moddiscovery.ModFileInfo/LOADING]: Found valid mod file VisualWorkbench-v4.2.4-1.19.2-Forge.jar with {visualworkbench} mods - versions {4.2.4}
[19Dec2025 00:54:38.015] [main/DEBUG] [net.minecraftforge.fml.loading.moddiscovery.ModFile/LOADING]: Loading mod file /workspaces/symmetrical-octo-engine/servidor_minecraft/mods/VisualWorkbench-v4.2.4-1.19.2-Forge.jar with languages [LanguageSpec[languageName=javafml, acceptedVersions=[42,)]]
[19Dec2025 00:54:38.015] [main/DEBUG] [net.minecraftforge.fml.loading.moddiscovery.ModFileParser/LOADING]: Considering mod file candidate /workspaces/symmetrical-octo-engine/servidor_minecraft/mods/BuilderBear-forge-1.19.2-1.1.jar
[19Dec2025 00:54:38.015] [main/DEBUG] [net.minecraftforge.fml.loading.moddiscovery.ModFileInfo/LOADING]: Found valid mod file BuilderBear-forge-1.19.2-1.1.jar with {builder_bear} mods - versions {1.0.0}
[19Dec2025 00:54:38.015] [main/DEBUG] [net.minecraftforge.fml.loading.moddiscovery.ModFile/LOADING]: Loading mod file /workspaces/symmetrical-octo-engine/servidor_minecraft/mods/BuilderBear-forge-1.19.2-1.1.jar with languages [LanguageSpec[languageName=javafml, acceptedVersions=[43,)]]
[19Dec2025 00:54:38.015] [main/DEBUG] [net.minecraftforge.fml.loading.moddiscovery.ModFileParser/LOADING]: Considering mod file candidate /workspaces/symmetrical-octo-engine/servidor_minecraft/mods/CuckooClock-forge-1.19.2-1.8.jar
[19Dec2025 00:54:38.016] [main/DEBUG] [net.minecraftforge.fml.loading.moddiscovery.ModFileInfo/LOADING]: Found valid mod file CuckooClock-forge-1.19.2-1.8.jar with {the_cuckoo_clock} mods - versions {1.0.0}
[19Dec2025 00:54:38.016] [main/DEBUG] [net.minecraftforge.fml.loading.moddiscovery.ModFile/LOADING]: Loading mod file /workspaces/symmetrical-octo-engine/servidor_minecraft/mods/CuckooClock-forge-1.19.2-1.8.jar with languages [LanguageSpec[languageName=javafml, acceptedVersions=[43,)]]
[19Dec2025 00:54:38.016] [main/DEBUG] [net.minecraftforge.fml.loading.moddiscovery.ModFileParser/LOADING]: Considering mod file candidate /workspaces/symmetrical-octo-engine/servidor_minecraft/mods/Clumps-forge-1.19.2-9.0.0+14.jar
[19Dec2025 00:54:38.016] [main/DEBUG] [net.minecraftforge.fml.loading.moddiscovery.ModFileInfo/LOADING]: Found valid mod file Clumps-forge-1.19.2-9.0.0+14.jar with {clumps} mods - versions {9.0.0+14}
[19Dec2025 00:54:38.016] [main/DEBUG] [net.minecraftforge.fml.loading.moddiscovery.ModFile/LOADING]: Loading mod file /workspaces/symmetrical-octo-engine/servidor_minecraft/mods/Clumps-forge-1.19.2-9.0.0+14.jar with languages [LanguageSpec[languageName=javafml, acceptedVersions=[41,)]]
[19Dec2025 00:54:38.016] [main/DEBUG] [net.minecraftforge.fml.loading.moddiscovery.ModFileParser/LOADING]: Considering mod file candidate /workspaces/symmetrical-octo-engine/servidor_minecraft/mods/FastSuite-1.19.2-4.1.1.jar
[19Dec2025 00:54:38.017] [main/DEBUG] [net.minecraftforge.fml.loading.moddiscovery.ModFileInfo/LOADING]: Found valid mod file FastSuite-1.19.2-4.1.1.jar with {fastsuite} mods - versions {4.1.1}
[19Dec2025 00:54:38.017] [main/DEBUG] [net.minecraftforge.fml.loading.moddiscovery.ModFile/LOADING]: Loading mod file /workspaces/symmetrical-octo-engine/servidor_minecraft/mods/FastSuite-1.19.2-4.1.1.jar with languages [LanguageSpec[languageName=javafml, acceptedVersions=[32,)]]
[19Dec2025 00:54:38.017] [main/DEBUG] [net.minecraftforge.fml.loading.moddiscovery.ModFileParser/LOADING]: Considering mod file candidate /workspaces/symmetrical-octo-engine/servidor_minecraft/mods/shutupexperimentalsettings-1.0.5.jar
[19Dec2025 00:54:38.017] [main/DEBUG] [net.minecraftforge.fml.loading.moddiscovery.ModFileInfo/LOADING]: Found valid mod file shutupexperimentalsettings-1.0.5.jar with {shutupexperimentalsettings} mods - versions {1.0.5}
[19Dec2025 00:54:38.018] [main/DEBUG] [net.minecraftforge.fml.loading.moddiscovery.ModFile/LOADING]: Loading mod file /workspaces/symmetrical-octo-engine/servidor_minecraft/mods/shutupexperimentalsettings-1.0.5.jar with languages [LanguageSpec[languageName=javafml, acceptedVersions=[40,)]]
[19Dec2025 00:54:38.018] [main/DEBUG] [net.minecraftforge.fml.loading.moddiscovery.ModFileParser/LOADING]: Considering mod file candidate /workspaces/symmetrical-octo-engine/servidor_minecraft/mods/BadMobs-1.19.2-16.1.3.jar
[19Dec2025 00:54:38.018] [main/DEBUG] [net.minecraftforge.fml.loading.moddiscovery.ModFileInfo/LOADING]: Found valid mod file BadMobs-1.19.2-16.1.3.jar with {badmobs} mods - versions {16.1.3}
[19Dec2025 00:54:38.018] [main/DEBUG] [net.minecraftforge.fml.loading.moddiscovery.ModFile/LOADING]: Loading mod file /workspaces/symmetrical-octo-engine/servidor_minecraft/mods/BadMobs-1.19.2-16.1.3.jar with languages [LanguageSpec[languageName=javafml, acceptedVersions=[43,]]]
[19Dec2025 00:54:38.018] [main/DEBUG] [net.minecraftforge.fml.loading.moddiscovery.ModFileParser/LOADING]: Considering mod file candidate /workspaces/symmetrical-octo-engine/servidor_minecraft/mods/beautifiedchatserver-1.19.2-2.5.jar
[19Dec2025 00:54:38.019] [main/DEBUG] [net.minecraftforge.fml.loading.moddiscovery.ModFileInfo/LOADING]: Found valid mod file beautifiedchatserver-1.19.2-2.5.jar with {beautifiedchatserver} mods - versions {2.5}
[19Dec2025 00:54:38.019] [main/DEBUG] [net.minecraftforge.fml.loading.moddiscovery.ModFile/LOADING]: Loading mod file /workspaces/symmetrical-octo-engine/servidor_minecraft/mods/beautifiedchatserver-1.19.2-2.5.jar with languages [LanguageSpec[languageName=javafml, acceptedVersions=*]]
[19Dec2025 00:54:38.019] [main/DEBUG] [net.minecraftforge.fml.loading.moddiscovery.ModFileParser/LOADING]: Considering mod file candidate /workspaces/symmetrical-octo-engine/servidor_minecraft/mods/farsighted-mobs-forge-1.1-1.19.jar
[19Dec2025 00:54:38.019] [main/DEBUG] [net.minecraftforge.fml.loading.moddiscovery.ModFileInfo/LOADING]: Found valid mod file farsighted-mobs-forge-1.1-1.19.jar with {farsightedmobs} mods - versions {1.1}
[19Dec2025 00:54:38.019] [main/DEBUG] [net.minecraftforge.fml.loading.moddiscovery.ModFile/LOADING]: Loading mod file /workspaces/symmetrical-octo-engine/servidor_minecraft/mods/farsighted-mobs-forge-1.1-1.19.jar with languages [LanguageSpec[languageName=javafml, acceptedVersions=[39,)]]
[19Dec2025 00:54:38.019] [main/DEBUG] [net.minecraftforge.fml.loading.moddiscovery.ModFileParser/LOADING]: Considering mod file candidate /workspaces/symmetrical-octo-engine/servidor_minecraft/mods/lazydfu-1.19-1.0.2.jar
[19Dec2025 00:54:38.020] [main/DEBUG] [net.minecraftforge.fml.loading.moddiscovery.ModFileInfo/LOADING]: Found valid mod file lazydfu-1.19-1.0.2.jar with {lazydfu} mods - versions {0.1.3}
[19Dec2025 00:54:38.020] [main/DEBUG] [net.minecraftforge.fml.loading.moddiscovery.ModFile/LOADING]: Loading mod file /workspaces/symmetrical-octo-engine/servidor_minecraft/mods/lazydfu-1.19-1.0.2.jar with languages [LanguageSpec[languageName=javafml, acceptedVersions=[33,)]]
[19Dec2025 00:54:38.020] [main/DEBUG] [net.minecraftforge.fml.loading.moddiscovery.ModFileParser/LOADING]: Considering mod file candidate /workspaces/symmetrical-octo-engine/servidor_minecraft/mods/RealisticTorches-1.19.2-3.1.5.jar
[19Dec2025 00:54:38.020] [main/DEBUG] [net.minecraftforge.fml.loading.moddiscovery.ModFileInfo/LOADING]: Found valid mod file RealisticTorches-1.19.2-3.1.5.jar with {realistictorches} mods - versions {1.19.2-3.1.5}
[19Dec2025 00:54:38.020] [main/DEBUG] [net.minecraftforge.fml.loading.moddiscovery.ModFile/LOADING]: Loading mod file /workspaces/symmetrical-octo-engine/servidor_minecraft/mods/RealisticTorches-1.19.2-3.1.5.jar with languages [LanguageSpec[languageName=javafml, acceptedVersions=[41,)]]
[19Dec2025 00:54:38.020] [main/DEBUG] [net.minecraftforge.fml.loading.moddiscovery.ModFileParser/LOADING]: Considering mod file candidate /workspaces/symmetrical-octo-engine/servidor_minecraft/mods/Sculpture-forge-1.19.2-1.7.1.jar
[19Dec2025 00:54:38.021] [main/DEBUG] [net.minecraftforge.fml.loading.moddiscovery.ModFileInfo/LOADING]: Found valid mod file Sculpture-forge-1.19.2-1.7.1.jar with {the_sculpture} mods - versions {1.0.0}
[19Dec2025 00:54:38.021] [main/DEBUG] [net.minecraftforge.fml.loading.moddiscovery.ModFile/LOADING]: Loading mod file /workspaces/symmetrical-octo-engine/servidor_minecraft/mods/Sculpture-forge-1.19.2-1.7.1.jar with languages [LanguageSpec[languageName=javafml, acceptedVersions=[43,)]]
[19Dec2025 00:54:38.021] [main/DEBUG] [net.minecraftforge.fml.loading.moddiscovery.ModFileParser/LOADING]: Considering mod file candidate /workspaces/symmetrical-octo-engine/servidor_minecraft/mods/watut-forge-1.19.2-1.0.14.jar
[19Dec2025 00:54:38.021] [main/DEBUG] [net.minecraftforge.fml.loading.moddiscovery.ModFileInfo/LOADING]: Found valid mod file watut-forge-1.19.2-1.0.14.jar with {watut} mods - versions {1.19.2-1.0.14}
[19Dec2025 00:54:38.021] [main/DEBUG] [net.minecraftforge.fml.loading.moddiscovery.ModFile/LOADING]: Loading mod file /workspaces/symmetrical-octo-engine/servidor_minecraft/mods/watut-forge-1.19.2-1.0.14.jar with languages [LanguageSpec[languageName=javafml, acceptedVersions=[43,)]]
[19Dec2025 00:54:38.021] [main/DEBUG] [net.minecraftforge.fml.loading.moddiscovery.ModFileParser/LOADING]: Considering mod file candidate /workspaces/symmetrical-octo-engine/servidor_minecraft/libraries/net/minecraftforge/forge/1.19.2-43.4.2/forge-1.19.2-43.4.2-universal.jar
[19Dec2025 00:54:38.022] [main/DEBUG] [net.minecraftforge.fml.loading.moddiscovery.ModFileInfo/LOADING]: Found valid mod file forge-1.19.2-43.4.2-universal.jar with {forge} mods - versions {43.4.2}
[19Dec2025 00:54:38.022] [main/DEBUG] [net.minecraftforge.fml.loading.moddiscovery.ModFile/LOADING]: Loading mod file /workspaces/symmetrical-octo-engine/servidor_minecraft/libraries/net/minecraftforge/forge/1.19.2-43.4.2/forge-1.19.2-43.4.2-universal.jar with languages [LanguageSpec[languageName=javafml, acceptedVersions=[24,]]]
[19Dec2025 00:54:38.022] [main/DEBUG] [net.minecraftforge.fml.loading.moddiscovery.ModFileParser/LOADING]: Found coremod field_to_method with Javascript path coremods/field_to_method.js
[19Dec2025 00:54:38.022] [main/DEBUG] [net.minecraftforge.fml.loading.moddiscovery.ModFileParser/LOADING]: Found coremod field_to_instanceof with Javascript path coremods/field_to_instanceof.js
[19Dec2025 00:54:38.022] [main/DEBUG] [net.minecraftforge.fml.loading.moddiscovery.ModFileParser/LOADING]: Found coremod add_bouncer_method with Javascript path coremods/add_bouncer_method.js
[19Dec2025 00:54:38.022] [main/DEBUG] [net.minecraftforge.fml.loading.moddiscovery.ModFile/LOADING]: Found coremod coremods/field_to_method.js
[19Dec2025 00:54:38.022] [main/DEBUG] [net.minecraftforge.fml.loading.moddiscovery.ModFile/LOADING]: Found coremod coremods/field_to_instanceof.js
[19Dec2025 00:54:38.022] [main/DEBUG] [net.minecraftforge.fml.loading.moddiscovery.ModFile/LOADING]: Found coremod coremods/add_bouncer_method.js
[19Dec2025 00:54:38.022] [main/DEBUG] [net.minecraftforge.fml.loading.moddiscovery.ModFileParser/LOADING]: Considering mod file candidate /workspaces/symmetrical-octo-engine/servidor_minecraft/mods/PossessiveMask-forge-1.19.2-1.2.jar
[19Dec2025 00:54:38.023] [main/DEBUG] [net.minecraftforge.fml.loading.moddiscovery.ModFileInfo/LOADING]: Found valid mod file PossessiveMask-forge-1.19.2-1.2.jar with {thepossessivemask} mods - versions {1.0.0}
[19Dec2025 00:54:38.023] [main/DEBUG] [net.minecraftforge.fml.loading.moddiscovery.ModFile/LOADING]: Loading mod file /workspaces/symmetrical-octo-engine/servidor_minecraft/mods/PossessiveMask-forge-1.19.2-1.2.jar with languages [LanguageSpec[languageName=javafml, acceptedVersions=[43,)]]
[19Dec2025 00:54:38.023] [main/DEBUG] [net.minecraftforge.fml.loading.moddiscovery.ModFileParser/LOADING]: Considering mod file candidate /workspaces/symmetrical-octo-engine/servidor_minecraft/mods/toofast-1.19-0.2.2.4.jar
[19Dec2025 00:54:38.023] [main/DEBUG] [net.minecraftforge.fml.loading.moddiscovery.ModFileInfo/LOADING]: Found valid mod file toofast-1.19-0.2.2.4.jar with {toofast} mods - versions {0.2.2.4}
[19Dec2025 00:54:38.023] [main/DEBUG] [net.minecraftforge.fml.loading.moddiscovery.ModFile/LOADING]: Loading mod file /workspaces/symmetrical-octo-engine/servidor_minecraft/mods/toofast-1.19-0.2.2.4.jar with languages [LanguageSpec[languageName=javafml, acceptedVersions=[38,)]]
[19Dec2025 00:54:38.023] [main/DEBUG] [net.minecraftforge.fml.loading.moddiscovery.ModFileParser/LOADING]: Considering mod file candidate /workspaces/symmetrical-octo-engine/servidor_minecraft/mods/Log-Begone-Forge-1.19-1.0.6.jar
[19Dec2025 00:54:38.024] [main/DEBUG] [net.minecraftforge.fml.loading.moddiscovery.ModFileInfo/LOADING]: Found valid mod file Log-Begone-Forge-1.19-1.0.6.jar with {logbegone} mods - versions {1.0.6}
[19Dec2025 00:54:38.024] [main/DEBUG] [net.minecraftforge.fml.loading.moddiscovery.ModFile/LOADING]: Loading mod file /workspaces/symmetrical-octo-engine/servidor_minecraft/mods/Log-Begone-Forge-1.19-1.0.6.jar with languages [LanguageSpec[languageName=javafml, acceptedVersions=[38,)]]
[19Dec2025 00:54:38.024] [main/DEBUG] [net.minecraftforge.fml.loading.moddiscovery.ModFileParser/LOADING]: Considering mod file candidate /workspaces/symmetrical-octo-engine/servidor_minecraft/mods/emotecraft-for-MC1.19.2-2.2.5-forge.jar
[19Dec2025 00:54:38.024] [main/DEBUG] [net.minecraftforge.fml.loading.moddiscovery.ModFileInfo/LOADING]: Found valid mod file emotecraft-for-MC1.19.2-2.2.5-forge.jar with {emotecraft} mods - versions {2.2.5}
[19Dec2025 00:54:38.024] [main/DEBUG] [net.minecraftforge.fml.loading.moddiscovery.ModFile/LOADING]: Loading mod file /workspaces/symmetrical-octo-engine/servidor_minecraft/mods/emotecraft-for-MC1.19.2-2.2.5-forge.jar with languages [LanguageSpec[languageName=javafml, acceptedVersions=[41.0,)]]
[19Dec2025 00:54:38.024] [main/DEBUG] [net.minecraftforge.fml.loading.moddiscovery.ModFileParser/LOADING]: Considering mod file candidate /workspaces/symmetrical-octo-engine/servidor_minecraft/mods/EyesInTheDark-forge-1.19.2-1.0.jar
[19Dec2025 00:54:38.025] [main/DEBUG] [net.minecraftforge.fml.loading.moddiscovery.ModFileInfo/LOADING]: Found valid mod file EyesInTheDark-forge-1.19.2-1.0.jar with {eyesinthedark} mods - versions {1.0.0}
[19Dec2025 00:54:38.025] [main/DEBUG] [net.minecraftforge.fml.loading.moddiscovery.ModFile/LOADING]: Loading mod file /workspaces/symmetrical-octo-engine/servidor_minecraft/mods/EyesInTheDark-forge-1.19.2-1.0.jar with languages [LanguageSpec[languageName=javafml, acceptedVersions=[43,)]]
[19Dec2025 00:54:38.025] [main/DEBUG] [net.minecraftforge.fml.loading.moddiscovery.ModFileParser/LOADING]: Considering mod file candidate /workspaces/symmetrical-octo-engine/servidor_minecraft/mods/craftingtweaks-forge-1.19.2-15.1.9.jar
[19Dec2025 00:54:38.025] [main/DEBUG] [net.minecraftforge.fml.loading.moddiscovery.ModFileInfo/LOADING]: Found valid mod file craftingtweaks-forge-1.19.2-15.1.9.jar with {craftingtweaks} mods - versions {15.1.9}
[19Dec2025 00:54:38.025] [main/DEBUG] [net.minecraftforge.fml.loading.moddiscovery.ModFile/LOADING]: Loading mod file /workspaces/symmetrical-octo-engine/servidor_minecraft/mods/craftingtweaks-forge-1.19.2-15.1.9.jar with languages [LanguageSpec[languageName=javafml, acceptedVersions=[41,)]]
[19Dec2025 00:54:38.025] [main/DEBUG] [net.minecraftforge.fml.loading.moddiscovery.ModFileParser/LOADING]: Considering mod file candidate /workspaces/symmetrical-octo-engine/servidor_minecraft/mods/logprot-1.19.2-1.9.jar
[19Dec2025 00:54:38.026] [main/DEBUG] [net.minecraftforge.fml.loading.moddiscovery.ModFileInfo/LOADING]: Found valid mod file logprot-1.19.2-1.9.jar with {logprot} mods - versions {1.4}
[19Dec2025 00:54:38.026] [main/DEBUG] [net.minecraftforge.fml.loading.moddiscovery.ModFile/LOADING]: Loading mod file /workspaces/symmetrical-octo-engine/servidor_minecraft/mods/logprot-1.19.2-1.9.jar with languages [LanguageSpec[languageName=javafml, acceptedVersions=[28,)]]
[19Dec2025 00:54:38.026] [main/DEBUG] [net.minecraftforge.fml.loading.moddiscovery.ModFileParser/LOADING]: Considering mod file candidate /workspaces/symmetrical-octo-engine/servidor_minecraft/mods/smoothchunk-1.19.2-3.5.jar
[19Dec2025 00:54:38.026] [main/DEBUG] [net.minecraftforge.fml.loading.moddiscovery.ModFileInfo/LOADING]: Found valid mod file smoothchunk-1.19.2-3.5.jar with {smoothchunk} mods - versions {1.19.2-3.5}
[19Dec2025 00:54:38.027] [main/DEBUG] [net.minecraftforge.fml.loading.moddiscovery.ModFile/LOADING]: Loading mod file /workspaces/symmetrical-octo-engine/servidor_minecraft/mods/smoothchunk-1.19.2-3.5.jar with languages [LanguageSpec[languageName=javafml, acceptedVersions=[36,)]]
[19Dec2025 00:54:38.027] [main/DEBUG] [net.minecraftforge.fml.loading.moddiscovery.ModFileInfo/LOADING]: Found valid mod file server-1.19.2-20220805.130853-srg.jar with {minecraft} mods - versions {1.19.2}
[19Dec2025 00:54:38.027] [main/DEBUG] [net.minecraftforge.fml.loading.moddiscovery.ModFile/LOADING]: Loading mod file /workspaces/symmetrical-octo-engine/servidor_minecraft/libraries/net/minecraft/server/1.19.2-20220805.130853/server-1.19.2-20220805.130853-srg.jar with languages [LanguageSpec[languageName=minecraft, acceptedVersions=1]]
[19Dec2025 00:54:38.027] [main/DEBUG] [net.minecraftforge.fml.loading.moddiscovery.ModFileParser/LOADING]: Considering mod file candidate /workspaces/symmetrical-octo-engine/servidor_minecraft/mods/SimpleBackups-1.19.1-2.1.11.jar
[19Dec2025 00:54:38.028] [main/DEBUG] [net.minecraftforge.fml.loading.moddiscovery.ModFileInfo/LOADING]: Found valid mod file SimpleBackups-1.19.1-2.1.11.jar with {simplebackups} mods - versions {1.19.1-2.1.11}
[19Dec2025 00:54:38.028] [main/DEBUG] [net.minecraftforge.fml.loading.moddiscovery.ModFile/LOADING]: Loading mod file /workspaces/symmetrical-octo-engine/servidor_minecraft/mods/SimpleBackups-1.19.1-2.1.11.jar with languages [LanguageSpec[languageName=javafml, acceptedVersions=[42,)]]
[19Dec2025 00:54:38.028] [main/DEBUG] [net.minecraftforge.fml.loading.moddiscovery.ModFileParser/LOADING]: Considering mod file candidate /workspaces/symmetrical-octo-engine/servidor_minecraft/mods/simplyswords-forge-1.47.0-1.19.2.jar
[19Dec2025 00:54:38.028] [main/DEBUG] [net.minecraftforge.fml.loading.moddiscovery.ModFileInfo/LOADING]: Found valid mod file simplyswords-forge-1.47.0-1.19.2.jar with {simplyswords} mods - versions {1.47.0-1.19.2}
[19Dec2025 00:54:38.028] [main/DEBUG] [net.minecraftforge.fml.loading.moddiscovery.ModFile/LOADING]: Loading mod file /workspaces/symmetrical-octo-engine/servidor_minecraft/mods/simplyswords-forge-1.47.0-1.19.2.jar with languages [LanguageSpec[languageName=javafml, acceptedVersions=[41,)]]
[19Dec2025 00:54:38.028] [main/DEBUG] [net.minecraftforge.fml.loading.moddiscovery.ModFileParser/LOADING]: Considering mod file candidate /workspaces/symmetrical-octo-engine/servidor_minecraft/mods/moonlight-1.19.2-2.3.7-forge.jar
[19Dec2025 00:54:38.029] [main/DEBUG] [net.minecraftforge.fml.loading.moddiscovery.ModFileInfo/LOADING]: Found valid mod file moonlight-1.19.2-2.3.7-forge.jar with {moonlight} mods - versions {1.19.2-2.3.7}
[19Dec2025 00:54:38.029] [main/DEBUG] [net.minecraftforge.fml.loading.moddiscovery.ModFile/LOADING]: Loading mod file /workspaces/symmetrical-octo-engine/servidor_minecraft/mods/moonlight-1.19.2-2.3.7-forge.jar with languages [LanguageSpec[languageName=javafml, acceptedVersions=[40,)]]
[19Dec2025 00:54:38.029] [main/DEBUG] [net.minecraftforge.fml.loading.moddiscovery.ModFileParser/LOADING]: Considering mod file candidate /workspaces/symmetrical-octo-engine/servidor_minecraft/mods/bettercombat-forge-1.7.1+1.19.jar
[19Dec2025 00:54:38.030] [main/DEBUG] [net.minecraftforge.fml.loading.moddiscovery.ModFileInfo/LOADING]: Found valid mod file bettercombat-forge-1.7.1+1.19.jar with {bettercombat} mods - versions {1.7.1+1.19}
[19Dec2025 00:54:38.030] [main/DEBUG] [net.minecraftforge.fml.loading.moddiscovery.ModFile/LOADING]: Loading mod file /workspaces/symmetrical-octo-engine/servidor_minecraft/mods/bettercombat-forge-1.7.1+1.19.jar with languages [LanguageSpec[languageName=javafml, acceptedVersions=[39,)]]
[19Dec2025 00:54:38.030] [main/DEBUG] [net.minecraftforge.fml.loading.moddiscovery.ModFileParser/LOADING]: Considering mod file candidate /workspaces/symmetrical-octo-engine/servidor_minecraft/mods/kim_dweller-1.19.2-1.7.0 (1).jar
[19Dec2025 00:54:38.030] [main/DEBUG] [net.minecraftforge.fml.loading.moddiscovery.ModFileInfo/LOADING]: Found valid mod file kim_dweller-1.19.2-1.7.0 (1).jar with {kim_dweller} mods - versions {1.7.0}
[19Dec2025 00:54:38.030] [main/DEBUG] [net.minecraftforge.fml.loading.moddiscovery.ModFile/LOADING]: Loading mod file /workspaces/symmetrical-octo-engine/servidor_minecraft/mods/kim_dweller-1.19.2-1.7.0 (1).jar with languages [LanguageSpec[languageName=javafml, acceptedVersions=[43,)]]
[19Dec2025 00:54:38.030] [main/DEBUG] [net.minecraftforge.fml.loading.moddiscovery.ModFileParser/LOADING]: Considering mod file candidate /workspaces/symmetrical-octo-engine/servidor_minecraft/mods/Necronomicon-Forge-1.4.2.jar
[19Dec2025 00:54:38.031] [main/DEBUG] [net.minecraftforge.fml.loading.moddiscovery.ModFileInfo/LOADING]: Found valid mod file Necronomicon-Forge-1.4.2.jar with {necronomicon} mods - versions {1.4.2}
[19Dec2025 00:54:38.031] [main/DEBUG] [net.minecraftforge.fml.loading.moddiscovery.ModFile/LOADING]: Loading mod file /workspaces/symmetrical-octo-engine/servidor_minecraft/mods/Necronomicon-Forge-1.4.2.jar with languages [LanguageSpec[languageName=javafml, acceptedVersions=*]]
[19Dec2025 00:54:38.031] [main/DEBUG] [net.minecraftforge.fml.loading.moddiscovery.ModFileParser/LOADING]: Considering mod file candidate /workspaces/symmetrical-octo-engine/servidor_minecraft/mods/Minechosis v0.1.3 (Forge 1.19.2).jar
[19Dec2025 00:54:38.031] [main/DEBUG] [net.minecraftforge.fml.loading.moddiscovery.ModFileInfo/LOADING]: Found valid mod file Minechosis v0.1.3 (Forge 1.19.2).jar with {minechosis} mods - versions {0.1.3}
[19Dec2025 00:54:38.031] [main/DEBUG] [net.minecraftforge.fml.loading.moddiscovery.ModFile/LOADING]: Loading mod file /workspaces/symmetrical-octo-engine/servidor_minecraft/mods/Minechosis v0.1.3 (Forge 1.19.2).jar with languages [LanguageSpec[languageName=javafml, acceptedVersions=[43,)]]
[19Dec2025 00:54:38.031] [main/DEBUG] [net.minecraftforge.fml.loading.moddiscovery.ModFileParser/LOADING]: Considering mod file candidate /workspaces/symmetrical-octo-engine/servidor_minecraft/mods/From-The-Fog-1.19-v1.9.1-Forge-Fabric.jar
[19Dec2025 00:54:38.032] [main/DEBUG] [net.minecraftforge.fml.loading.moddiscovery.ModFileInfo/LOADING]: Found valid mod file From-The-Fog-1.19-v1.9.1-Forge-Fabric.jar with {watching} mods - versions {1.9.1}
[19Dec2025 00:54:38.032] [main/DEBUG] [net.minecraftforge.fml.loading.moddiscovery.ModFile/LOADING]: Loading mod file /workspaces/symmetrical-octo-engine/servidor_minecraft/mods/From-The-Fog-1.19-v1.9.1-Forge-Fabric.jar with languages [LanguageSpec[languageName=javafml, acceptedVersions=[40,)]]
[19Dec2025 00:54:38.032] [main/DEBUG] [net.minecraftforge.fml.loading.moddiscovery.ModFileParser/LOADING]: Considering mod file candidate /workspaces/symmetrical-octo-engine/servidor_minecraft/mods/vivilly_dweller-1.19.2-1.7.0.jar
[19Dec2025 00:54:38.032] [main/DEBUG] [net.minecraftforge.fml.loading.moddiscovery.ModFileInfo/LOADING]: Found valid mod file vivilly_dweller-1.19.2-1.7.0.jar with {vivilly_dweller} mods - versions {1.7.0}
[19Dec2025 00:54:38.032] [main/DEBUG] [net.minecraftforge.fml.loading.moddiscovery.ModFile/LOADING]: Loading mod file /workspaces/symmetrical-octo-engine/servidor_minecraft/mods/vivilly_dweller-1.19.2-1.7.0.jar with languages [LanguageSpec[languageName=javafml, acceptedVersions=[43,)]]
[19Dec2025 00:54:38.033] [main/DEBUG] [net.minecraftforge.fml.loading.moddiscovery.ModFileParser/LOADING]: Considering mod file candidate 
[19Dec2025 00:54:38.033] [main/DEBUG] [net.minecraftforge.fml.loading.moddiscovery.ModFileInfo/LOADING]: Found valid mod file spectrelib-forge-0.12.8+1.19.2.jar with {spectrelib} mods - versions {0.12.8+1.19.2}
[19Dec2025 00:54:38.033] [main/DEBUG] [net.minecraftforge.fml.loading.moddiscovery.ModFile/LOADING]: Loading mod file  with languages [LanguageSpec[languageName=javafml, acceptedVersions=[41,)]]
[19Dec2025 00:54:38.033] [main/DEBUG] [net.minecraftforge.fml.loading.moddiscovery.ModFileParser/LOADING]: Considering mod file candidate /workspaces/symmetrical-octo-engine/servidor_minecraft/mods/fastpaintings-1.19-1.1.3.jar
[19Dec2025 00:54:38.034] [main/DEBUG] [net.minecraftforge.fml.loading.moddiscovery.ModFileInfo/LOADING]: Found valid mod file fastpaintings-1.19-1.1.3.jar with {fastpaintings} mods - versions {1.19-1.1.3}
[19Dec2025 00:54:38.034] [main/DEBUG] [net.minecraftforge.fml.loading.moddiscovery.ModFile/LOADING]: Loading mod file /workspaces/symmetrical-octo-engine/servidor_minecraft/mods/fastpaintings-1.19-1.1.3.jar with languages [LanguageSpec[languageName=javafml, acceptedVersions=[41,)]]
[19Dec2025 00:54:38.034] [main/DEBUG] [net.minecraftforge.fml.loading.moddiscovery.ModFileParser/LOADING]: Considering mod file candidate /workspaces/symmetrical-octo-engine/servidor_minecraft/mods/TrueHerobrine_1.1+1.19.2.jar
[19Dec2025 00:54:38.035] [main/DEBUG] [net.minecraftforge.fml.loading.moddiscovery.ModFileInfo/LOADING]: Found valid mod file TrueHerobrine_1.1+1.19.2.jar with {true_herobrine} mods - versions {1.1}
[19Dec2025 00:54:38.036] [main/DEBUG] [net.minecraftforge.fml.loading.moddiscovery.ModFile/LOADING]: Loading mod file /workspaces/symmetrical-octo-engine/servidor_minecraft/mods/TrueHerobrine_1.1+1.19.2.jar with languages [LanguageSpec[languageName=javafml, acceptedVersions=[43,)]]
[19Dec2025 00:54:38.036] [main/DEBUG] [net.minecraftforge.fml.loading.moddiscovery.ModFileParser/LOADING]: Considering mod file candidate /workspaces/symmetrical-octo-engine/servidor_minecraft/mods/Iceberg-1.19.2-forge-1.1.4.jar
[19Dec2025 00:54:38.036] [main/DEBUG] [net.minecraftforge.fml.loading.moddiscovery.ModFileInfo/LOADING]: Found valid mod file Iceberg-1.19.2-forge-1.1.4.jar with {iceberg} mods - versions {1.1.4}
[19Dec2025 00:54:38.036] [main/DEBUG] [net.minecraftforge.fml.loading.moddiscovery.ModFile/LOADING]: Loading mod file /workspaces/symmetrical-octo-engine/servidor_minecraft/mods/Iceberg-1.19.2-forge-1.1.4.jar with languages [LanguageSpec[languageName=javafml, acceptedVersions=[41,)]]
[19Dec2025 00:54:38.036] [main/DEBUG] [net.minecraftforge.fml.loading.moddiscovery.ModFileParser/LOADING]: Considering mod file candidate /workspaces/symmetrical-octo-engine/servidor_minecraft/mods/spartanshields-1.19.2-3.0.1.jar
[19Dec2025 00:54:38.037] [main/DEBUG] [net.minecraftforge.fml.loading.moddiscovery.ModFileInfo/LOADING]: Found valid mod file spartanshields-1.19.2-3.0.1.jar with {spartanshields} mods - versions {3.0.1}
[19Dec2025 00:54:38.043] [main/DEBUG] [net.minecraftforge.fml.loading.moddiscovery.ModFile/LOADING]: Loading mod file /workspaces/symmetrical-octo-engine/servidor_minecraft/mods/spartanshields-1.19.2-3.0.1.jar with languages [LanguageSpec[languageName=javafml, acceptedVersions=[43,)]]
[19Dec2025 00:54:38.043] [main/DEBUG] [net.minecraftforge.fml.loading.moddiscovery.ModFileParser/LOADING]: Considering mod file candidate /workspaces/symmetrical-octo-engine/servidor_minecraft/mods/mobsunscreen-forge-1.19.2-3.0.9.jar
[19Dec2025 00:54:38.044] [main/DEBUG] [net.minecraftforge.fml.loading.moddiscovery.ModFileInfo/LOADING]: Found valid mod file mobsunscreen-forge-1.19.2-3.0.9.jar with {mobsunscreen} mods - versions {3.0.9}
[19Dec2025 00:54:38.044] [main/DEBUG] [net.minecraftforge.fml.loading.moddiscovery.ModFile/LOADING]: Loading mod file /workspaces/symmetrical-octo-engine/servidor_minecraft/mods/mobsunscreen-forge-1.19.2-3.0.9.jar with languages [LanguageSpec[languageName=javafml, acceptedVersions=[41,)]]
[19Dec2025 00:54:38.044] [main/DEBUG] [net.minecraftforge.fml.loading.moddiscovery.ModFileParser/LOADING]: Considering mod file candidate /workspaces/symmetrical-octo-engine/servidor_minecraft/mods/polymorph-forge-0.46.6+1.19.2.jar
[19Dec2025 00:54:38.044] [main/DEBUG] [net.minecraftforge.fml.loading.moddiscovery.ModFileInfo/LOADING]: Found valid mod file polymorph-forge-0.46.6+1.19.2.jar with {polymorph} mods - versions {0.46.6+1.19.2}
[19Dec2025 00:54:38.044] [main/DEBUG] [net.minecraftforge.fml.loading.moddiscovery.ModFile/LOADING]: Loading mod file /workspaces/symmetrical-octo-engine/servidor_minecraft/mods/polymorph-forge-0.46.6+1.19.2.jar with languages [LanguageSpec[languageName=javafml, acceptedVersions=[41,)]]
[19Dec2025 00:54:38.044] [main/DEBUG] [net.minecraftforge.fml.loading.moddiscovery.ModFileParser/LOADING]: Considering mod file candidate /workspaces/symmetrical-octo-engine/servidor_minecraft/mods/Apollyon v1.1.0 (Forge 1.19.2).jar
[19Dec2025 00:54:38.045] [main/DEBUG] [net.minecraftforge.fml.loading.moddiscovery.ModFileInfo/LOADING]: Found valid mod file Apollyon v1.1.0 (Forge 1.19.2).jar with {apollyon} mods - versions {1.1.0}
[19Dec2025 00:54:38.045] [main/DEBUG] [net.minecraftforge.fml.loading.moddiscovery.ModFile/LOADING]: Loading mod file /workspaces/symmetrical-octo-engine/servidor_minecraft/mods/Apollyon v1.1.0 (Forge 1.19.2).jar with languages [LanguageSpec[languageName=javafml, acceptedVersions=[43,)]]
[19Dec2025 00:54:38.045] [main/DEBUG] [net.minecraftforge.fml.loading.moddiscovery.ModFileParser/LOADING]: Considering mod file candidate /workspaces/symmetrical-octo-engine/servidor_minecraft/mods/betterchunkloading-1.19.2-4.2.jar
[19Dec2025 00:54:38.045] [main/DEBUG] [net.minecraftforge.fml.loading.moddiscovery.ModFileInfo/LOADING]: Found valid mod file betterchunkloading-1.19.2-4.2.jar with {betterchunkloading} mods - versions {1.19.2-4.2}
[19Dec2025 00:54:38.045] [main/DEBUG] [net.minecraftforge.fml.loading.moddiscovery.ModFile/LOADING]: Loading mod file /workspaces/symmetrical-octo-engine/servidor_minecraft/mods/betterchunkloading-1.19.2-4.2.jar with languages [LanguageSpec[languageName=javafml, acceptedVersions=[36,)]]
[19Dec2025 00:54:38.046] [main/DEBUG] [net.minecraftforge.fml.loading.moddiscovery.ModFileParser/LOADING]: Considering mod file candidate /workspaces/symmetrical-octo-engine/servidor_minecraft/mods/canary-mc1.19.2-0.3.3.jar
[19Dec2025 00:54:38.046] [main/DEBUG] [net.minecraftforge.fml.loading.moddiscovery.ModFileInfo/LOADING]: Found valid mod file canary-mc1.19.2-0.3.3.jar with {canary} mods - versions {0.3.3}
[19Dec2025 00:54:38.046] [main/DEBUG] [net.minecraftforge.fml.loading.moddiscovery.ModFile/LOADING]: Loading mod file /workspaces/symmetrical-octo-engine/servidor_minecraft/mods/canary-mc1.19.2-0.3.3.jar with languages [LanguageSpec[languageName=javafml, acceptedVersions=[43,)]]
[19Dec2025 00:54:38.046] [main/DEBUG] [net.minecraftforge.fml.loading.moddiscovery.ModFileParser/LOADING]: Considering mod file candidate /workspaces/symmetrical-octo-engine/servidor_minecraft/mods/coroutil-forge-1.19.2-1.3.6.jar
[19Dec2025 00:54:38.046] [main/DEBUG] [net.minecraftforge.fml.loading.moddiscovery.ModFileInfo/LOADING]: Found valid mod file coroutil-forge-1.19.2-1.3.6.jar with {coroutil} mods - versions {1.19.2-1.3.6}
[19Dec2025 00:54:38.050] [main/DEBUG] [net.minecraftforge.fml.loading.moddiscovery.ModFile/LOADING]: Loading mod file /workspaces/symmetrical-octo-engine/servidor_minecraft/mods/coroutil-forge-1.19.2-1.3.6.jar with languages [LanguageSpec[languageName=javafml, acceptedVersions=[43,)]]
[19Dec2025 00:54:38.050] [main/DEBUG] [net.minecraftforge.fml.loading.moddiscovery.ModFileParser/LOADING]: Considering mod file candidate /workspaces/symmetrical-octo-engine/servidor_minecraft/mods/ImmediatelyFast-Forge-1.3.3+1.19.2.jar
[19Dec2025 00:54:38.050] [main/DEBUG] [net.minecraftforge.fml.loading.moddiscovery.ModFileInfo/LOADING]: Found valid mod file ImmediatelyFast-Forge-1.3.3+1.19.2.jar with {immediatelyfast} mods - versions {1.3.3+1.19.2}
[19Dec2025 00:54:38.051] [main/DEBUG] [net.minecraftforge.fml.loading.moddiscovery.ModFile/LOADING]: Loading mod file /workspaces/symmetrical-octo-engine/servidor_minecraft/mods/ImmediatelyFast-Forge-1.3.3+1.19.2.jar with languages [LanguageSpec[languageName=javafml, acceptedVersions=[43,)]]
[19Dec2025 00:54:38.051] [main/DEBUG] [net.minecraftforge.fml.loading.moddiscovery.ModFileParser/LOADING]: Considering mod file candidate /workspaces/symmetrical-octo-engine/servidor_minecraft/mods/endofherobrine-1.19.2-1.0.8.2.jar
[19Dec2025 00:54:38.051] [main/DEBUG] [net.minecraftforge.fml.loading.moddiscovery.ModFileInfo/LOADING]: Found valid mod file endofherobrine-1.19.2-1.0.8.2.jar with {endofherobrine} mods - versions {1.19.2-1.0.8.2}
[19Dec2025 00:54:38.051] [main/DEBUG] [net.minecraftforge.fml.loading.moddiscovery.ModFile/LOADING]: Loading mod file /workspaces/symmetrical-octo-engine/servidor_minecraft/mods/endofherobrine-1.19.2-1.0.8.2.jar with languages [LanguageSpec[languageName=javafml, acceptedVersions=[43,)]]
[19Dec2025 00:54:38.051] [main/DEBUG] [net.minecraftforge.fml.loading.moddiscovery.ModFileParser/LOADING]: Considering mod file candidate /workspaces/symmetrical-octo-engine/servidor_minecraft/mods/FastFurnace-1.19.2-7.0.0.jar
[19Dec2025 00:54:38.051] [main/DEBUG] [net.minecraftforge.fml.loading.moddiscovery.ModFileInfo/LOADING]: Found valid mod file FastFurnace-1.19.2-7.0.0.jar with {fastfurnace} mods - versions {7.0.0}
[19Dec2025 00:54:38.052] [main/DEBUG] [net.minecraftforge.fml.loading.moddiscovery.ModFile/LOADING]: Loading mod file /workspaces/symmetrical-octo-engine/servidor_minecraft/mods/FastFurnace-1.19.2-7.0.0.jar with languages [LanguageSpec[languageName=javafml, acceptedVersions=[32,)]]
[19Dec2025 00:54:38.052] [main/DEBUG] [net.minecraftforge.fml.loading.moddiscovery.ModFileParser/LOADING]: Considering mod file candidate /workspaces/symmetrical-octo-engine/servidor_minecraft/mods/Beware-1.19.2-2.3.4.jar
[19Dec2025 00:54:38.055] [main/DEBUG] [net.minecraftforge.fml.loading.moddiscovery.ModFileInfo/LOADING]: Found valid mod file Beware-1.19.2-2.3.4.jar with {bwrtherain} mods - versions {2.3.4}
[19Dec2025 00:54:38.055] [main/DEBUG] [net.minecraftforge.fml.loading.moddiscovery.ModFile/LOADING]: Loading mod file /workspaces/symmetrical-octo-engine/servidor_minecraft/mods/Beware-1.19.2-2.3.4.jar with languages [LanguageSpec[languageName=javafml, acceptedVersions=[43,)]]
[19Dec2025 00:54:38.055] [main/DEBUG] [net.minecraftforge.fml.loading.moddiscovery.ModFileParser/LOADING]: Considering mod file candidate /workspaces/symmetrical-octo-engine/servidor_minecraft/mods/ShyGuy-forge-1.19.2-2.1.jar
[19Dec2025 00:54:38.056] [main/DEBUG] [net.minecraftforge.fml.loading.moddiscovery.ModFileInfo/LOADING]: Found valid mod file ShyGuy-forge-1.19.2-2.1.jar with {shy_guy} mods - versions {1.0.0}
[19Dec2025 00:54:38.056] [main/DEBUG] [net.minecraftforge.fml.loading.moddiscovery.ModFile/LOADING]: Loading mod file /workspaces/symmetrical-octo-engine/servidor_minecraft/mods/ShyGuy-forge-1.19.2-2.1.jar with languages [LanguageSpec[languageName=javafml, acceptedVersions=[43,)]]
[19Dec2025 00:54:38.056] [main/DEBUG] [net.minecraftforge.fml.loading.moddiscovery.ModFileParser/LOADING]: Considering mod file candidate /workspaces/symmetrical-octo-engine/servidor_minecraft/mods/ferritecore-5.0.3-forge.jar
[19Dec2025 00:54:38.056] [main/DEBUG] [net.minecraftforge.fml.loading.moddiscovery.ModFileInfo/LOADING]: Found valid mod file ferritecore-5.0.3-forge.jar with {ferritecore} mods - versions {5.0.3}
[19Dec2025 00:54:38.056] [main/DEBUG] [net.minecraftforge.fml.loading.moddiscovery.ModFile/LOADING]: Loading mod file /workspaces/symmetrical-octo-engine/servidor_minecraft/mods/ferritecore-5.0.3-forge.jar with languages [LanguageSpec[languageName=javafml, acceptedVersions=[28,)]]
[19Dec2025 00:54:38.059] [main/DEBUG] [net.minecraftforge.fml.loading.moddiscovery.ModFileParser/LOADING]: Considering mod file candidate /workspaces/symmetrical-octo-engine/servidor_minecraft/mods/PuzzlesLib-v4.4.3-1.19.2-Forge.jar
[19Dec2025 00:54:38.059] [main/DEBUG] [net.minecraftforge.fml.loading.moddiscovery.ModFileInfo/LOADING]: Found valid mod file PuzzlesLib-v4.4.3-1.19.2-Forge.jar with {puzzleslib} mods - versions {4.4.3}
[19Dec2025 00:54:38.059] [main/DEBUG] [net.minecraftforge.fml.loading.moddiscovery.ModFile/LOADING]: Loading mod file /workspaces/symmetrical-octo-engine/servidor_minecraft/mods/PuzzlesLib-v4.4.3-1.19.2-Forge.jar with languages [LanguageSpec[languageName=javafml, acceptedVersions=[43,)]]
[19Dec2025 00:54:38.060] [main/DEBUG] [net.minecraftforge.fml.loading.moddiscovery.ModFileParser/LOADING]: Considering mod file candidate /workspaces/symmetrical-octo-engine/servidor_minecraft/mods/the_knocker-1.4.0-forge-1.19.2.jar
[19Dec2025 00:54:38.060] [main/DEBUG] [net.minecraftforge.fml.loading.moddiscovery.ModFileInfo/LOADING]: Found valid mod file the_knocker-1.4.0-forge-1.19.2.jar with {the_knocker} mods - versions {1.4.0}
[19Dec2025 00:54:38.060] [main/DEBUG] [net.minecraftforge.fml.loading.moddiscovery.ModFile/LOADING]: Loading mod file /workspaces/symmetrical-octo-engine/servidor_minecraft/mods/the_knocker-1.4.0-forge-1.19.2.jar with languages [LanguageSpec[languageName=javafml, acceptedVersions=[43,)]]
[19Dec2025 00:54:38.060] [main/DEBUG] [net.minecraftforge.fml.loading.moddiscovery.ModFileParser/LOADING]: Considering mod file candidate /workspaces/symmetrical-octo-engine/servidor_minecraft/mods/packetfixer-forge-1.4.2-1.19-to-1.20.1.jar
[19Dec2025 00:54:38.060] [main/DEBUG] [net.minecraftforge.fml.loading.moddiscovery.ModFileInfo/LOADING]: Found valid mod file packetfixer-forge-1.4.2-1.19-to-1.20.1.jar with {packetfixer} mods - versions {1.4.2}
[19Dec2025 00:54:38.063] [main/DEBUG] [net.minecraftforge.fml.loading.moddiscovery.ModFile/LOADING]: Loading mod file /workspaces/symmetrical-octo-engine/servidor_minecraft/mods/packetfixer-forge-1.4.2-1.19-to-1.20.1.jar with languages [LanguageSpec[languageName=javafml, acceptedVersions=[0,)]]
[19Dec2025 00:54:38.063] [main/DEBUG] [net.minecraftforge.fml.loading.moddiscovery.ModFileParser/LOADING]: Considering mod file candidate /workspaces/symmetrical-octo-engine/servidor_minecraft/mods/cartoon_dweller-1.19.2-1.8.0.jar
[19Dec2025 00:54:38.064] [main/DEBUG] [net.minecraftforge.fml.loading.moddiscovery.ModFileInfo/LOADING]: Found valid mod file cartoon_dweller-1.19.2-1.8.0.jar with {cartoon_dweller} mods - versions {1.7.0}
[19Dec2025 00:54:38.064] [main/DEBUG] [net.minecraftforge.fml.loading.moddiscovery.ModFile/LOADING]: Loading mod file /workspaces/symmetrical-octo-engine/servidor_minecraft/mods/cartoon_dweller-1.19.2-1.8.0.jar with languages [LanguageSpec[languageName=javafml, acceptedVersions=[43,)]]
[19Dec2025 00:54:38.064] [main/DEBUG] [net.minecraftforge.fml.loading.moddiscovery.ModFileParser/LOADING]: Considering mod file candidate /workspaces/symmetrical-octo-engine/servidor_minecraft/mods/chunksending-1.19.2-2.8.jar
[19Dec2025 00:54:38.064] [main/DEBUG] [net.minecraftforge.fml.loading.moddiscovery.ModFileInfo/LOADING]: Found valid mod file chunksending-1.19.2-2.8.jar with {chunksending} mods - versions {1.19.2-2.8}
[19Dec2025 00:54:38.067] [main/DEBUG] [net.minecraftforge.fml.loading.moddiscovery.ModFile/LOADING]: Loading mod file /workspaces/symmetrical-octo-engine/servidor_minecraft/mods/chunksending-1.19.2-2.8.jar with languages [LanguageSpec[languageName=javafml, acceptedVersions=[36,)]]
[19Dec2025 00:54:38.067] [main/DEBUG] [net.minecraftforge.fml.loading.moddiscovery.ModFileParser/LOADING]: Considering mod file candidate /workspaces/symmetrical-octo-engine/servidor_minecraft/mods/responsiveshields-2.3-mc1.18-19-20.x.jar
[19Dec2025 00:54:38.068] [main/DEBUG] [net.minecraftforge.fml.loading.moddiscovery.ModFileInfo/LOADING]: Found valid mod file responsiveshields-2.3-mc1.18-19-20.x.jar with {responsiveshields} mods - versions {2.3}
[19Dec2025 00:54:38.068] [main/DEBUG] [net.minecraftforge.fml.loading.moddiscovery.ModFile/LOADING]: Loading mod file /workspaces/symmetrical-octo-engine/servidor_minecraft/mods/responsiveshields-2.3-mc1.18-19-20.x.jar with languages [LanguageSpec[languageName=javafml, acceptedVersions=[0,)]]
[19Dec2025 00:54:38.068] [main/DEBUG] [net.minecraftforge.fml.loading.moddiscovery.ModFileParser/LOADING]: Considering mod file candidate 
[19Dec2025 00:54:38.071] [main/DEBUG] [net.minecraftforge.fml.loading.moddiscovery.ModFileInfo/LOADING]: Found valid mod file mixinextras-forge-0.3.6.jar with {mixinextras} mods - versions {0.3.6}
[19Dec2025 00:54:38.071] [main/DEBUG] [net.minecraftforge.fml.loading.moddiscovery.ModFile/LOADING]: Loading mod file  with languages [LanguageSpec[languageName=javafml, acceptedVersions=*]]
[19Dec2025 00:54:38.071] [main/DEBUG] [net.minecraftforge.fml.loading.moddiscovery.ModFile/LOADING]: Loading mod file  with languages []
[19Dec2025 00:54:38.071] [main/DEBUG] [net.minecraftforge.fml.loading.moddiscovery.ModFile/LOADING]: Loading mod file  with languages []
[19Dec2025 00:54:38.073] [main/DEBUG] [cpw.mods.modlauncher.TransformationServiceDecorator/MODLAUNCHER]: End scan trigger - transformation service fml
[19Dec2025 00:54:38.095] [main/DEBUG] [net.minecraftforge.fml.loading.LanguageLoadingProvider/CORE]: Found 3 language providers
[19Dec2025 00:54:38.096] [main/DEBUG] [net.minecraftforge.fml.loading.LanguageLoadingProvider/CORE]: Found language provider minecraft, version 1.0
[19Dec2025 00:54:38.097] [main/DEBUG] [net.minecraftforge.fml.loading.LanguageLoadingProvider/CORE]: Found language provider lowcodefml, version 43
[19Dec2025 00:54:38.097] [main/DEBUG] [net.minecraftforge.fml.loading.LanguageLoadingProvider/CORE]: Found language provider javafml, version 43
[19Dec2025 00:54:38.114] [main/DEBUG] [net.minecraftforge.fml.loading.ModSorter/]: Configured system mods: [minecraft, forge]
[19Dec2025 00:54:38.118] [main/DEBUG] [net.minecraftforge.fml.loading.ModSorter/]: Found system mod: minecraft
[19Dec2025 00:54:38.118] [main/DEBUG] [net.minecraftforge.fml.loading.ModSorter/]: Found system mod: forge
[19Dec2025 00:54:38.121] [main/DEBUG] [net.minecraftforge.fml.loading.ModSorter/LOADING]: Found 195 mod requirements (179 mandatory, 16 optional)
[19Dec2025 00:54:38.129] [main/DEBUG] [net.minecraftforge.fml.loading.ModSorter/LOADING]: Found 0 mod requirements missing (0 mandatory, 0 optional)
[19Dec2025 00:54:38.728] [main/DEBUG] [cpw.mods.modlauncher.TransformationServicesHandler/MODLAUNCHER]: Transformation services loading transformers
[19Dec2025 00:54:38.729] [main/DEBUG] [cpw.mods.modlauncher.TransformationServiceDecorator/MODLAUNCHER]: Initializing transformers for transformation service mixin
[19Dec2025 00:54:38.729] [main/DEBUG] [cpw.mods.modlauncher.TransformationServiceDecorator/MODLAUNCHER]: Initialized transformers for transformation service mixin
[19Dec2025 00:54:38.729] [main/DEBUG] [cpw.mods.modlauncher.TransformationServiceDecorator/MODLAUNCHER]: Initializing transformers for transformation service fml
[19Dec2025 00:54:38.729] [main/DEBUG] [net.minecraftforge.fml.loading.FMLServiceProvider/CORE]: Loading coremod transformers
[19Dec2025 00:54:38.730] [main/DEBUG] [net.minecraftforge.coremod.CoreModEngine/COREMOD]: Loading CoreMod from coremods/get_ench_level_event.js
[19Dec2025 00:54:38.865] [main/DEBUG] [net.minecraftforge.coremod.CoreModEngine/COREMOD]: CoreMod loaded successfully
[19Dec2025 00:54:38.865] [main/DEBUG] [net.minecraftforge.coremod.CoreModEngine/COREMOD]: Loading CoreMod from coremods/get_ench_level_event_specific.js
[19Dec2025 00:54:38.882] [main/DEBUG] [net.minecraftforge.coremod.CoreModEngine/COREMOD]: CoreMod loaded successfully
[19Dec2025 00:54:38.882] [main/DEBUG] [net.minecraftforge.coremod.CoreModEngine/COREMOD]: Loading CoreMod from coremods/field_to_method.js
[19Dec2025 00:54:38.924] [main/DEBUG] [net.minecraftforge.coremod.CoreModEngine/COREMOD]: CoreMod loaded successfully
[19Dec2025 00:54:38.924] [main/DEBUG] [net.minecraftforge.coremod.CoreModEngine/COREMOD]: Loading CoreMod from coremods/field_to_instanceof.js
[19Dec2025 00:54:38.977] [main/DEBUG] [net.minecraftforge.coremod.CoreModEngine/COREMOD]: CoreMod loaded successfully
[19Dec2025 00:54:38.978] [main/DEBUG] [net.minecraftforge.coremod.CoreModEngine/COREMOD]: Loading CoreMod from coremods/add_bouncer_method.js
[19Dec2025 00:54:39.014] [main/DEBUG] [net.minecraftforge.coremod.CoreModEngine/COREMOD]: CoreMod loaded successfully
[19Dec2025 00:54:39.020] [main/DEBUG] [cpw.mods.modlauncher.TransformStore/MODLAUNCHER]: Adding transformer net.minecraftforge.coremod.transformer.CoreModMethodTransformer@3468ee6e to Target : METHOD {Lnet/minecraftforge/common/extensions/IForgeItemStack;} {getAllEnchantments} {()Ljava/util/Map;}
[19Dec2025 00:54:39.021] [main/DEBUG] [cpw.mods.modlauncher.TransformStore/MODLAUNCHER]: Adding transformer net.minecraftforge.coremod.transformer.CoreModMethodTransformer@751ae8a4 to Target : METHOD {Lnet/minecraftforge/common/extensions/IForgeItemStack;} {getEnchantmentLevel} {(Lnet/minecraft/world/item/enchantment/Enchantment;)I}
[19Dec2025 00:54:39.022] [main/DEBUG] [cpw.mods.modlauncher.TransformStore/MODLAUNCHER]: Adding transformer net.minecraftforge.coremod.transformer.CoreModClassTransformer@4232b34a to Target : CLASS {Lnet/minecraft/world/level/biome/Biome;} {} {V}
[19Dec2025 00:54:39.022] [main/DEBUG] [cpw.mods.modlauncher.TransformStore/MODLAUNCHER]: Adding transformer net.minecraftforge.coremod.transformer.CoreModClassTransformer@2da16263 to Target : CLASS {Lnet/minecraft/world/level/levelgen/structure/Structure;} {} {V}
[19Dec2025 00:54:39.022] [main/DEBUG] [cpw.mods.modlauncher.TransformStore/MODLAUNCHER]: Adding transformer net.minecraftforge.coremod.transformer.CoreModClassTransformer@f5ce0bb to Target : CLASS {Lnet/minecraft/world/effect/MobEffectInstance;} {} {V}
[19Dec2025 00:54:39.022] [main/DEBUG] [cpw.mods.modlauncher.TransformStore/MODLAUNCHER]: Adding transformer net.minecraftforge.coremod.transformer.CoreModClassTransformer@47e51549 to Target : CLASS {Lnet/minecraft/world/level/block/LiquidBlock;} {} {V}
[19Dec2025 00:54:39.022] [main/DEBUG] [cpw.mods.modlauncher.TransformStore/MODLAUNCHER]: Adding transformer net.minecraftforge.coremod.transformer.CoreModClassTransformer@101a461c to Target : CLASS {Lnet/minecraft/world/item/BucketItem;} {} {V}
[19Dec2025 00:54:39.023] [main/DEBUG] [cpw.mods.modlauncher.TransformStore/MODLAUNCHER]: Adding transformer net.minecraftforge.coremod.transformer.CoreModClassTransformer@360e9c06 to Target : CLASS {Lnet/minecraft/world/level/block/StairBlock;} {} {V}
[19Dec2025 00:54:39.023] [main/DEBUG] [cpw.mods.modlauncher.TransformStore/MODLAUNCHER]: Adding transformer net.minecraftforge.coremod.transformer.CoreModClassTransformer@5ebffb44 to Target : CLASS {Lnet/minecraft/world/level/block/FlowerPotBlock;} {} {V}
[19Dec2025 00:54:39.023] [main/DEBUG] [cpw.mods.modlauncher.TransformStore/MODLAUNCHER]: Adding transformer net.minecraftforge.coremod.transformer.CoreModClassTransformer@311ff287 to Target : CLASS {Lnet/minecraft/world/item/ItemStack;} {} {V}
[19Dec2025 00:54:39.023] [main/DEBUG] [cpw.mods.modlauncher.TransformStore/MODLAUNCHER]: Adding transformer net.minecraftforge.coremod.transformer.CoreModClassTransformer@7377781e to Target : CLASS {Lnet/minecraft/network/play/client/CClientSettingsPacket;} {} {V}
[19Dec2025 00:54:39.023] [main/DEBUG] [cpw.mods.modlauncher.TransformationServiceDecorator/MODLAUNCHER]: Initialized transformers for transformation service fml
[19Dec2025 00:54:40.058] [main/DEBUG] [mixin/]: Processing prepare() for PlatformAgent[MixinPlatformAgentDefault:ModLauncher Root Container(ModLauncher:4f56a0a2)]
[19Dec2025 00:54:40.059] [main/DEBUG] [mixin/]: Processing launch tasks for PlatformAgent[MixinPlatformAgentDefault:ModLauncher Root Container(ModLauncher:4f56a0a2)]
[19Dec2025 00:54:40.059] [main/DEBUG] [mixin/]: Adding mixin platform agents for container SecureJarResource(kubejs)
[19Dec2025 00:54:40.059] [main/DEBUG] [mixin/]: Instancing new MixinPlatformAgentMinecraftForge for SecureJarResource(kubejs)
[19Dec2025 00:54:40.059] [main/DEBUG] [mixin/]: MixinPlatformAgentMinecraftForge rejected container SecureJarResource(kubejs)
[19Dec2025 00:54:40.059] [main/DEBUG] [mixin/]: Instancing new MixinPlatformAgentDefault for SecureJarResource(kubejs)
[19Dec2025 00:54:40.060] [main/DEBUG] [mixin/]: MixinPlatformAgentDefault accepted container SecureJarResource(kubejs)
[19Dec2025 00:54:40.060] [main/DEBUG] [mixin/]: Processing prepare() for PlatformAgent[MixinPlatformAgentDefault:SecureJarResource(kubejs)]
[19Dec2025 00:54:40.060] [main/DEBUG] [mixin/]: Registering mixin config: kubejs-forge.mixins.json
[19Dec2025 00:54:40.080] [main/DEBUG] [mixin/]: Compatibility level JAVA_17 specified by kubejs-forge.mixins.json is higher than the maximum level supported by this version of mixin (JAVA_13).
[19Dec2025 00:54:40.087] [main/INFO] [mixin/]: Compatibility level set to JAVA_17
[19Dec2025 00:54:40.088] [main/DEBUG] [mixin/]: Registering mixin config: kubejs-common.mixins.json
[19Dec2025 00:54:40.094] [main/DEBUG] [mixin/]: Adding mixin platform agents for container SecureJarResource(notenoughcrashes)
[19Dec2025 00:54:40.095] [main/DEBUG] [mixin/]: Instancing new MixinPlatformAgentMinecraftForge for SecureJarResource(notenoughcrashes)
[19Dec2025 00:54:40.095] [main/DEBUG] [mixin/]: MixinPlatformAgentMinecraftForge rejected container SecureJarResource(notenoughcrashes)
[19Dec2025 00:54:40.096] [main/DEBUG] [mixin/]: Instancing new MixinPlatformAgentDefault for SecureJarResource(notenoughcrashes)
[19Dec2025 00:54:40.096] [main/DEBUG] [mixin/]: MixinPlatformAgentDefault accepted container SecureJarResource(notenoughcrashes)
[19Dec2025 00:54:40.096] [main/DEBUG] [mixin/]: Processing prepare() for PlatformAgent[MixinPlatformAgentDefault:SecureJarResource(notenoughcrashes)]
[19Dec2025 00:54:40.096] [main/DEBUG] [mixin/]: Registering mixin config: notenoughcrashes.mixins.json
[19Dec2025 00:54:40.102] [main/DEBUG] [mixin/]: Registering mixin config: notenoughcrashes.forge.mixins.json
[19Dec2025 00:54:40.104] [main/DEBUG] [mixin/]: Compatibility level JAVA_8 specified by notenoughcrashes.forge.mixins.json is lower than the default level supported by the current mixin service (JAVA_16).
[19Dec2025 00:54:40.105] [main/DEBUG] [mixin/]: Adding mixin platform agents for container SecureJarResource(playeranimator)
[19Dec2025 00:54:40.105] [main/DEBUG] [mixin/]: Instancing new MixinPlatformAgentMinecraftForge for SecureJarResource(playeranimator)
[19Dec2025 00:54:40.105] [main/DEBUG] [mixin/]: MixinPlatformAgentMinecraftForge rejected container SecureJarResource(playeranimator)
[19Dec2025 00:54:40.105] [main/DEBUG] [mixin/]: Instancing new MixinPlatformAgentDefault for SecureJarResource(playeranimator)
[19Dec2025 00:54:40.105] [main/DEBUG] [mixin/]: MixinPlatformAgentDefault accepted container SecureJarResource(playeranimator)
[19Dec2025 00:54:40.105] [main/DEBUG] [mixin/]: Processing prepare() for PlatformAgent[MixinPlatformAgentDefault:SecureJarResource(playeranimator)]
[19Dec2025 00:54:40.105] [main/DEBUG] [mixin/]: Registering mixin config: playerAnimator-common.mixins.json
[19Dec2025 00:54:40.107] [main/DEBUG] [mixin/]: Compatibility level JAVA_16 specified by playerAnimator-common.mixins.json is higher than the maximum level supported by this version of mixin (JAVA_13).
[19Dec2025 00:54:40.107] [main/DEBUG] [mixin/]: Adding mixin platform agents for container SecureJarResource(rolling_giant)
[19Dec2025 00:54:40.107] [main/DEBUG] [mixin/]: Instancing new MixinPlatformAgentMinecraftForge for SecureJarResource(rolling_giant)
[19Dec2025 00:54:40.107] [main/DEBUG] [mixin/]: MixinPlatformAgentMinecraftForge rejected container SecureJarResource(rolling_giant)
[19Dec2025 00:54:40.107] [main/DEBUG] [mixin/]: Instancing new MixinPlatformAgentDefault for SecureJarResource(rolling_giant)
[19Dec2025 00:54:40.107] [main/DEBUG] [mixin/]: MixinPlatformAgentDefault accepted container SecureJarResource(rolling_giant)
[19Dec2025 00:54:40.107] [main/DEBUG] [mixin/]: Processing prepare() for PlatformAgent[MixinPlatformAgentDefault:SecureJarResource(rolling_giant)]
[19Dec2025 00:54:40.108] [main/DEBUG] [mixin/]: Adding mixin platform agents for container SecureJarResource(connectivity)
[19Dec2025 00:54:40.108] [main/DEBUG] [mixin/]: Instancing new MixinPlatformAgentMinecraftForge for SecureJarResource(connectivity)
[19Dec2025 00:54:40.108] [main/DEBUG] [mixin/]: MixinPlatformAgentMinecraftForge rejected container SecureJarResource(connectivity)
[19Dec2025 00:54:40.108] [main/DEBUG] [mixin/]: Instancing new MixinPlatformAgentDefault for SecureJarResource(connectivity)
[19Dec2025 00:54:40.108] [main/DEBUG] [mixin/]: MixinPlatformAgentDefault accepted container SecureJarResource(connectivity)
[19Dec2025 00:54:40.108] [main/DEBUG] [mixin/]: Processing prepare() for PlatformAgent[MixinPlatformAgentDefault:SecureJarResource(connectivity)]
[19Dec2025 00:54:40.108] [main/DEBUG] [mixin/]: Registering mixin config: connectivity.mixins.json
[19Dec2025 00:54:40.109] [main/DEBUG] [mixin/]: Adding mixin platform agents for container SecureJarResource(blanketghost)
[19Dec2025 00:54:40.109] [main/DEBUG] [mixin/]: Instancing new MixinPlatformAgentMinecraftForge for SecureJarResource(blanketghost)
[19Dec2025 00:54:40.109] [main/DEBUG] [mixin/]: MixinPlatformAgentMinecraftForge rejected container SecureJarResource(blanketghost)
[19Dec2025 00:54:40.110] [main/DEBUG] [mixin/]: Instancing new MixinPlatformAgentDefault for SecureJarResource(blanketghost)
[19Dec2025 00:54:40.110] [main/DEBUG] [mixin/]: MixinPlatformAgentDefault accepted container SecureJarResource(blanketghost)
[19Dec2025 00:54:40.110] [main/DEBUG] [mixin/]: Processing prepare() for PlatformAgent[MixinPlatformAgentDefault:SecureJarResource(blanketghost)]
[19Dec2025 00:54:40.110] [main/DEBUG] [mixin/]: Adding mixin platform agents for container SecureJarResource(insanelib)
[19Dec2025 00:54:40.110] [main/DEBUG] [mixin/]: Instancing new MixinPlatformAgentMinecraftForge for SecureJarResource(insanelib)
[19Dec2025 00:54:40.110] [main/DEBUG] [mixin/]: MixinPlatformAgentMinecraftForge rejected container SecureJarResource(insanelib)
[19Dec2025 00:54:40.110] [main/DEBUG] [mixin/]: Instancing new MixinPlatformAgentDefault for SecureJarResource(insanelib)
[19Dec2025 00:54:40.110] [main/DEBUG] [mixin/]: MixinPlatformAgentDefault accepted container SecureJarResource(insanelib)
[19Dec2025 00:54:40.110] [main/DEBUG] [mixin/]: Processing prepare() for PlatformAgent[MixinPlatformAgentDefault:SecureJarResource(insanelib)]
[19Dec2025 00:54:40.110] [main/DEBUG] [mixin/]: Registering mixin config: insanelib.mixins.json
[19Dec2025 00:54:40.112] [main/DEBUG] [mixin/]: Compatibility level JAVA_8 specified by insanelib.mixins.json is lower than the default level supported by the current mixin service (JAVA_16).
[19Dec2025 00:54:40.113] [main/DEBUG] [mixin/]: Adding mixin platform agents for container SecureJarResource(modernfix)
[19Dec2025 00:54:40.113] [main/DEBUG] [mixin/]: Instancing new MixinPlatformAgentMinecraftForge for SecureJarResource(modernfix)
[19Dec2025 00:54:40.113] [main/DEBUG] [mixin/]: MixinPlatformAgentMinecraftForge rejected container SecureJarResource(modernfix)
[19Dec2025 00:54:40.113] [main/DEBUG] [mixin/]: Instancing new MixinPlatformAgentDefault for SecureJarResource(modernfix)
[19Dec2025 00:54:40.113] [main/DEBUG] [mixin/]: MixinPlatformAgentDefault accepted container SecureJarResource(modernfix)
[19Dec2025 00:54:40.113] [main/DEBUG] [mixin/]: Processing prepare() for PlatformAgent[MixinPlatformAgentDefault:SecureJarResource(modernfix)]
[19Dec2025 00:54:40.113] [main/DEBUG] [mixin/]: Registering mixin config: modernfix-common.mixins.json
[19Dec2025 00:54:40.116] [main/DEBUG] [mixin/]: Registering mixin config: modernfix-forge.mixins.json
[19Dec2025 00:54:40.118] [main/DEBUG] [mixin/]: Adding mixin platform agents for container SecureJarResource(placebo)
[19Dec2025 00:54:40.118] [main/DEBUG] [mixin/]: Instancing new MixinPlatformAgentMinecraftForge for SecureJarResource(placebo)
[19Dec2025 00:54:40.118] [main/DEBUG] [mixin/]: MixinPlatformAgentMinecraftForge rejected container SecureJarResource(placebo)
[19Dec2025 00:54:40.118] [main/DEBUG] [mixin/]: Instancing new MixinPlatformAgentDefault for SecureJarResource(placebo)
[19Dec2025 00:54:40.118] [main/DEBUG] [mixin/]: MixinPlatformAgentDefault accepted container SecureJarResource(placebo)
[19Dec2025 00:54:40.118] [main/DEBUG] [mixin/]: Processing prepare() for PlatformAgent[MixinPlatformAgentDefault:SecureJarResource(placebo)]
[19Dec2025 00:54:40.119] [main/DEBUG] [mixin/]: Registering mixin config: placebo.mixins.json
[19Dec2025 00:54:40.120] [main/DEBUG] [mixin/]: Adding mixin platform agents for container SecureJarResource(zombieawareness)
[19Dec2025 00:54:40.120] [main/DEBUG] [mixin/]: Instancing new MixinPlatformAgentMinecraftForge for SecureJarResource(zombieawareness)
[19Dec2025 00:54:40.120] [main/DEBUG] [mixin/]: MixinPlatformAgentMinecraftForge rejected container SecureJarResource(zombieawareness)
[19Dec2025 00:54:40.120] [main/DEBUG] [mixin/]: Instancing new MixinPlatformAgentDefault for SecureJarResource(zombieawareness)
[19Dec2025 00:54:40.120] [main/DEBUG] [mixin/]: MixinPlatformAgentDefault accepted container SecureJarResource(zombieawareness)
[19Dec2025 00:54:40.120] [main/DEBUG] [mixin/]: Processing prepare() for PlatformAgent[MixinPlatformAgentDefault:SecureJarResource(zombieawareness)]
[19Dec2025 00:54:40.120] [main/DEBUG] [mixin/]: Registering mixin config: zombieawareness.mixins.json
[19Dec2025 00:54:40.121] [main/DEBUG] [mixin/]: Adding mixin platform agents for container SecureJarResource(item_obliterator)
[19Dec2025 00:54:40.121] [main/DEBUG] [mixin/]: Instancing new MixinPlatformAgentMinecraftForge for SecureJarResource(item_obliterator)
[19Dec2025 00:54:40.121] [main/DEBUG] [mixin/]: MixinPlatformAgentMinecraftForge rejected container SecureJarResource(item_obliterator)
[19Dec2025 00:54:40.122] [main/DEBUG] [mixin/]: Instancing new MixinPlatformAgentDefault for SecureJarResource(item_obliterator)
[19Dec2025 00:54:40.122] [main/DEBUG] [mixin/]: MixinPlatformAgentDefault accepted container SecureJarResource(item_obliterator)
[19Dec2025 00:54:40.122] [main/DEBUG] [mixin/]: Processing prepare() for PlatformAgent[MixinPlatformAgentDefault:SecureJarResource(item_obliterator)]
[19Dec2025 00:54:40.122] [main/DEBUG] [mixin/]: Registering mixin config: item_obliterator.mixins.json
[19Dec2025 00:54:40.124] [main/DEBUG] [mixin/]: Adding mixin platform agents for container SecureJarResource(cave_dweller)
[19Dec2025 00:54:40.124] [main/DEBUG] [mixin/]: Instancing new MixinPlatformAgentMinecraftForge for SecureJarResource(cave_dweller)
[19Dec2025 00:54:40.124] [main/DEBUG] [mixin/]: MixinPlatformAgentMinecraftForge rejected container SecureJarResource(cave_dweller)
[19Dec2025 00:54:40.124] [main/DEBUG] [mixin/]: Instancing new MixinPlatformAgentDefault for SecureJarResource(cave_dweller)
[19Dec2025 00:54:40.124] [main/DEBUG] [mixin/]: MixinPlatformAgentDefault accepted container SecureJarResource(cave_dweller)
[19Dec2025 00:54:40.124] [main/DEBUG] [mixin/]: Processing prepare() for PlatformAgent[MixinPlatformAgentDefault:SecureJarResource(cave_dweller)]
[19Dec2025 00:54:40.124] [main/DEBUG] [mixin/]: Registering mixin config: cave_dweller.mixins.json
[19Dec2025 00:54:40.126] [main/DEBUG] [mixin/]: Adding mixin platform agents for container SecureJarResource(sleepnt_mod)
[19Dec2025 00:54:40.126] [main/DEBUG] [mixin/]: Instancing new MixinPlatformAgentMinecraftForge for SecureJarResource(sleepnt_mod)
[19Dec2025 00:54:40.126] [main/DEBUG] [mixin/]: MixinPlatformAgentMinecraftForge rejected container SecureJarResource(sleepnt_mod)
[19Dec2025 00:54:40.126] [main/DEBUG] [mixin/]: Instancing new MixinPlatformAgentDefault for SecureJarResource(sleepnt_mod)
[19Dec2025 00:54:40.127] [main/DEBUG] [mixin/]: MixinPlatformAgentDefault accepted container SecureJarResource(sleepnt_mod)
[19Dec2025 00:54:40.127] [main/DEBUG] [mixin/]: Processing prepare() for PlatformAgent[MixinPlatformAgentDefault:SecureJarResource(sleepnt_mod)]
[19Dec2025 00:54:40.127] [main/DEBUG] [mixin/]: Adding mixin platform agents for container SecureJarResource(balm)
[19Dec2025 00:54:40.127] [main/DEBUG] [mixin/]: Instancing new MixinPlatformAgentMinecraftForge for SecureJarResource(balm)
[19Dec2025 00:54:40.128] [main/DEBUG] [mixin/]: MixinPlatformAgentMinecraftForge rejected container SecureJarResource(balm)
[19Dec2025 00:54:40.128] [main/DEBUG] [mixin/]: Instancing new MixinPlatformAgentDefault for SecureJarResource(balm)
[19Dec2025 00:54:40.128] [main/DEBUG] [mixin/]: MixinPlatformAgentDefault accepted container SecureJarResource(balm)
[19Dec2025 00:54:40.128] [main/DEBUG] [mixin/]: Processing prepare() for PlatformAgent[MixinPlatformAgentDefault:SecureJarResource(balm)]
[19Dec2025 00:54:40.128] [main/DEBUG] [mixin/]: Registering mixin config: balm.mixins.json
[19Dec2025 00:54:40.130] [main/DEBUG] [mixin/]: Adding mixin platform agents for container SecureJarResource(immersive_armors)
[19Dec2025 00:54:40.130] [main/DEBUG] [mixin/]: Instancing new MixinPlatformAgentMinecraftForge for SecureJarResource(immersive_armors)
[19Dec2025 00:54:40.130] [main/DEBUG] [mixin/]: MixinPlatformAgentMinecraftForge rejected container SecureJarResource(immersive_armors)
[19Dec2025 00:54:40.130] [main/DEBUG] [mixin/]: Instancing new MixinPlatformAgentDefault for SecureJarResource(immersive_armors)
[19Dec2025 00:54:40.130] [main/DEBUG] [mixin/]: MixinPlatformAgentDefault accepted container SecureJarResource(immersive_armors)
[19Dec2025 00:54:40.130] [main/DEBUG] [mixin/]: Processing prepare() for PlatformAgent[MixinPlatformAgentDefault:SecureJarResource(immersive_armors)]
[19Dec2025 00:54:40.130] [main/DEBUG] [mixin/]: Registering mixin config: immersive_armors.mixins.json
[19Dec2025 00:54:40.132] [main/DEBUG] [mixin/]: Adding mixin platform agents for container SecureJarResource(steve_dweller)
[19Dec2025 00:54:40.132] [main/DEBUG] [mixin/]: Instancing new MixinPlatformAgentMinecraftForge for SecureJarResource(steve_dweller)
[19Dec2025 00:54:40.132] [main/DEBUG] [mixin/]: MixinPlatformAgentMinecraftForge rejected container SecureJarResource(steve_dweller)
[19Dec2025 00:54:40.132] [main/DEBUG] [mixin/]: Instancing new MixinPlatformAgentDefault for SecureJarResource(steve_dweller)
[19Dec2025 00:54:40.132] [main/DEBUG] [mixin/]: MixinPlatformAgentDefault accepted container SecureJarResource(steve_dweller)
[19Dec2025 00:54:40.133] [main/DEBUG] [mixin/]: Processing prepare() for PlatformAgent[MixinPlatformAgentDefault:SecureJarResource(steve_dweller)]
[19Dec2025 00:54:40.133] [main/DEBUG] [mixin/]: Registering mixin config: steve_dweller.mixins.json
[19Dec2025 00:54:40.134] [main/DEBUG] [mixin/]: Adding mixin platform agents for container SecureJarResource(cloth_config)
[19Dec2025 00:54:40.134] [main/DEBUG] [mixin/]: Instancing new MixinPlatformAgentMinecraftForge for SecureJarResource(cloth_config)
[19Dec2025 00:54:40.135] [main/DEBUG] [mixin/]: MixinPlatformAgentMinecraftForge rejected container SecureJarResource(cloth_config)
[19Dec2025 00:54:40.135] [main/DEBUG] [mixin/]: Instancing new MixinPlatformAgentDefault for SecureJarResource(cloth_config)
[19Dec2025 00:54:40.135] [main/DEBUG] [mixin/]: MixinPlatformAgentDefault accepted container SecureJarResource(cloth_config)
[19Dec2025 00:54:40.135] [main/DEBUG] [mixin/]: Processing prepare() for PlatformAgent[MixinPlatformAgentDefault:SecureJarResource(cloth_config)]
[19Dec2025 00:54:40.135] [main/DEBUG] [mixin/]: Adding mixin platform agents for container SecureJarResource(emojiful)
[19Dec2025 00:54:40.135] [main/DEBUG] [mixin/]: Instancing new MixinPlatformAgentMinecraftForge for SecureJarResource(emojiful)
[19Dec2025 00:54:40.135] [main/DEBUG] [mixin/]: MixinPlatformAgentMinecraftForge rejected container SecureJarResource(emojiful)
[19Dec2025 00:54:40.135] [main/DEBUG] [mixin/]: Instancing new MixinPlatformAgentDefault for SecureJarResource(emojiful)
[19Dec2025 00:54:40.135] [main/DEBUG] [mixin/]: MixinPlatformAgentDefault accepted container SecureJarResource(emojiful)
[19Dec2025 00:54:40.135] [main/DEBUG] [mixin/]: Processing prepare() for PlatformAgent[MixinPlatformAgentDefault:SecureJarResource(emojiful)]
[19Dec2025 00:54:40.135] [main/DEBUG] [mixin/]: Registering mixin config: emojiful.mixins.json
[19Dec2025 00:54:40.137] [main/DEBUG] [mixin/]: Registering mixin config: emojiful.forge.mixins.json
[19Dec2025 00:54:40.140] [main/DEBUG] [mixin/]: Adding mixin platform agents for container SecureJarResource(novillagerdm)
[19Dec2025 00:54:40.140] [main/DEBUG] [mixin/]: Instancing new MixinPlatformAgentMinecraftForge for SecureJarResource(novillagerdm)
[19Dec2025 00:54:40.140] [main/DEBUG] [mixin/]: MixinPlatformAgentMinecraftForge rejected container SecureJarResource(novillagerdm)
[19Dec2025 00:54:40.140] [main/DEBUG] [mixin/]: Instancing new MixinPlatformAgentDefault for SecureJarResource(novillagerdm)
[19Dec2025 00:54:40.140] [main/DEBUG] [mixin/]: MixinPlatformAgentDefault accepted container SecureJarResource(novillagerdm)
[19Dec2025 00:54:40.140] [main/DEBUG] [mixin/]: Processing prepare() for PlatformAgent[MixinPlatformAgentDefault:SecureJarResource(novillagerdm)]
[19Dec2025 00:54:40.140] [main/DEBUG] [mixin/]: Adding mixin platform agents for container SecureJarResource(the_one_who_watches)
[19Dec2025 00:54:40.140] [main/DEBUG] [mixin/]: Instancing new MixinPlatformAgentMinecraftForge for SecureJarResource(the_one_who_watches)
[19Dec2025 00:54:40.140] [main/DEBUG] [mixin/]: MixinPlatformAgentMinecraftForge rejected container SecureJarResource(the_one_who_watches)
[19Dec2025 00:54:40.140] [main/DEBUG] [mixin/]: Instancing new MixinPlatformAgentDefault for SecureJarResource(the_one_who_watches)
[19Dec2025 00:54:40.140] [main/DEBUG] [mixin/]: MixinPlatformAgentDefault accepted container SecureJarResource(the_one_who_watches)
[19Dec2025 00:54:40.140] [main/DEBUG] [mixin/]: Processing prepare() for PlatformAgent[MixinPlatformAgentDefault:SecureJarResource(the_one_who_watches)]
[19Dec2025 00:54:40.140] [main/DEBUG] [mixin/]: Adding mixin platform agents for container SecureJarResource(advancementplaques)
[19Dec2025 00:54:40.140] [main/DEBUG] [mixin/]: Instancing new MixinPlatformAgentMinecraftForge for SecureJarResource(advancementplaques)
[19Dec2025 00:54:40.140] [main/DEBUG] [mixin/]: MixinPlatformAgentMinecraftForge rejected container SecureJarResource(advancementplaques)
[19Dec2025 00:54:40.140] [main/DEBUG] [mixin/]: Instancing new MixinPlatformAgentDefault for SecureJarResource(advancementplaques)
[19Dec2025 00:54:40.140] [main/DEBUG] [mixin/]: MixinPlatformAgentDefault accepted container SecureJarResource(advancementplaques)
[19Dec2025 00:54:40.140] [main/DEBUG] [mixin/]: Processing prepare() for PlatformAgent[MixinPlatformAgentDefault:SecureJarResource(advancementplaques)]
[19Dec2025 00:54:40.141] [main/DEBUG] [mixin/]: Adding mixin platform agents for container SecureJarResource(bcc)
[19Dec2025 00:54:40.141] [main/DEBUG] [mixin/]: Instancing new MixinPlatformAgentMinecraftForge for SecureJarResource(bcc)
[19Dec2025 00:54:40.141] [main/DEBUG] [mixin/]: MixinPlatformAgentMinecraftForge rejected container SecureJarResource(bcc)
[19Dec2025 00:54:40.141] [main/DEBUG] [mixin/]: Instancing new MixinPlatformAgentDefault for SecureJarResource(bcc)
[19Dec2025 00:54:40.141] [main/DEBUG] [mixin/]: MixinPlatformAgentDefault accepted container SecureJarResource(bcc)
[19Dec2025 00:54:40.141] [main/DEBUG] [mixin/]: Processing prepare() for PlatformAgent[MixinPlatformAgentDefault:SecureJarResource(bcc)]
[19Dec2025 00:54:40.141] [main/DEBUG] [mixin/]: Registering mixin config: bcc.mixins.json
[19Dec2025 00:54:40.142] [main/DEBUG] [mixin/]: Adding mixin platform agents for container SecureJarResource(mokey)
[19Dec2025 00:54:40.142] [main/DEBUG] [mixin/]: Instancing new MixinPlatformAgentMinecraftForge for SecureJarResource(mokey)
[19Dec2025 00:54:40.142] [main/DEBUG] [mixin/]: MixinPlatformAgentMinecraftForge rejected container SecureJarResource(mokey)
[19Dec2025 00:54:40.142] [main/DEBUG] [mixin/]: Instancing new MixinPlatformAgentDefault for SecureJarResource(mokey)
[19Dec2025 00:54:40.142] [main/DEBUG] [mixin/]: MixinPlatformAgentDefault accepted container SecureJarResource(mokey)
[19Dec2025 00:54:40.142] [main/DEBUG] [mixin/]: Processing prepare() for PlatformAgent[MixinPlatformAgentDefault:SecureJarResource(mokey)]
[19Dec2025 00:54:40.142] [main/DEBUG] [mixin/]: Registering mixin config: mokey.mixins.json
[19Dec2025 00:54:40.143] [main/DEBUG] [mixin/]: Adding mixin platform agents for container SecureJarResource(clockwork)
[19Dec2025 00:54:40.144] [main/DEBUG] [mixin/]: Instancing new MixinPlatformAgentMinecraftForge for SecureJarResource(clockwork)
[19Dec2025 00:54:40.144] [main/DEBUG] [mixin/]: MixinPlatformAgentMinecraftForge rejected container SecureJarResource(clockwork)
[19Dec2025 00:54:40.144] [main/DEBUG] [mixin/]: Instancing new MixinPlatformAgentDefault for SecureJarResource(clockwork)
[19Dec2025 00:54:40.144] [main/DEBUG] [mixin/]: MixinPlatformAgentDefault accepted container SecureJarResource(clockwork)
[19Dec2025 00:54:40.144] [main/DEBUG] [mixin/]: Processing prepare() for PlatformAgent[MixinPlatformAgentDefault:SecureJarResource(clockwork)]
[19Dec2025 00:54:40.144] [main/DEBUG] [mixin/]: Adding mixin platform agents for container SecureJarResource(twm)
[19Dec2025 00:54:40.144] [main/DEBUG] [mixin/]: Instancing new MixinPlatformAgentMinecraftForge for SecureJarResource(twm)
[19Dec2025 00:54:40.144] [main/DEBUG] [mixin/]: MixinPlatformAgentMinecraftForge rejected container SecureJarResource(twm)
[19Dec2025 00:54:40.144] [main/DEBUG] [mixin/]: Instancing new MixinPlatformAgentDefault for SecureJarResource(twm)
[19Dec2025 00:54:40.144] [main/DEBUG] [mixin/]: MixinPlatformAgentDefault accepted container SecureJarResource(twm)
[19Dec2025 00:54:40.144] [main/DEBUG] [mixin/]: Processing prepare() for PlatformAgent[MixinPlatformAgentDefault:SecureJarResource(twm)]
[19Dec2025 00:54:40.144] [main/DEBUG] [mixin/]: Adding mixin platform agents for container SecureJarResource(chunky)
[19Dec2025 00:54:40.144] [main/DEBUG] [mixin/]: Instancing new MixinPlatformAgentMinecraftForge for SecureJarResource(chunky)
[19Dec2025 00:54:40.144] [main/DEBUG] [mixin/]: MixinPlatformAgentMinecraftForge rejected container SecureJarResource(chunky)
[19Dec2025 00:54:40.144] [main/DEBUG] [mixin/]: Instancing new MixinPlatformAgentDefault for SecureJarResource(chunky)
[19Dec2025 00:54:40.144] [main/DEBUG] [mixin/]: MixinPlatformAgentDefault accepted container SecureJarResource(chunky)
[19Dec2025 00:54:40.144] [main/DEBUG] [mixin/]: Processing prepare() for PlatformAgent[MixinPlatformAgentDefault:SecureJarResource(chunky)]
[19Dec2025 00:54:40.144] [main/DEBUG] [mixin/]: Adding mixin platform agents for container SecureJarResource(demonic_watcher)
[19Dec2025 00:54:40.144] [main/DEBUG] [mixin/]: Instancing new MixinPlatformAgentMinecraftForge for SecureJarResource(demonic_watcher)
[19Dec2025 00:54:40.144] [main/DEBUG] [mixin/]: MixinPlatformAgentMinecraftForge rejected container SecureJarResource(demonic_watcher)
[19Dec2025 00:54:40.144] [main/DEBUG] [mixin/]: Instancing new MixinPlatformAgentDefault for SecureJarResource(demonic_watcher)
[19Dec2025 00:54:40.145] [main/DEBUG] [mixin/]: MixinPlatformAgentDefault accepted container SecureJarResource(demonic_watcher)
[19Dec2025 00:54:40.145] [main/DEBUG] [mixin/]: Processing prepare() for PlatformAgent[MixinPlatformAgentDefault:SecureJarResource(demonic_watcher)]
[19Dec2025 00:54:40.145] [main/DEBUG] [mixin/]: Registering mixin config: demonic_watcher.mixins.json
[19Dec2025 00:54:40.147] [main/DEBUG] [mixin/]: Adding mixin platform agents for container SecureJarResource(spark)
[19Dec2025 00:54:40.147] [main/DEBUG] [mixin/]: Instancing new MixinPlatformAgentMinecraftForge for SecureJarResource(spark)
[19Dec2025 00:54:40.147] [main/DEBUG] [mixin/]: MixinPlatformAgentMinecraftForge rejected container SecureJarResource(spark)
[19Dec2025 00:54:40.147] [main/DEBUG] [mixin/]: Instancing new MixinPlatformAgentDefault for SecureJarResource(spark)
[19Dec2025 00:54:40.147] [main/DEBUG] [mixin/]: MixinPlatformAgentDefault accepted container SecureJarResource(spark)
[19Dec2025 00:54:40.147] [main/DEBUG] [mixin/]: Processing prepare() for PlatformAgent[MixinPlatformAgentDefault:SecureJarResource(spark)]
[19Dec2025 00:54:40.147] [main/DEBUG] [mixin/]: Adding mixin platform agents for container SecureJarResource(rightclickharvest)
[19Dec2025 00:54:40.148] [main/DEBUG] [mixin/]: Instancing new MixinPlatformAgentMinecraftForge for SecureJarResource(rightclickharvest)
[19Dec2025 00:54:40.148] [main/DEBUG] [mixin/]: MixinPlatformAgentMinecraftForge rejected container SecureJarResource(rightclickharvest)
[19Dec2025 00:54:40.148] [main/DEBUG] [mixin/]: Instancing new MixinPlatformAgentDefault for SecureJarResource(rightclickharvest)
[19Dec2025 00:54:40.148] [main/DEBUG] [mixin/]: MixinPlatformAgentDefault accepted container SecureJarResource(rightclickharvest)
[19Dec2025 00:54:40.148] [main/DEBUG] [mixin/]: Processing prepare() for PlatformAgent[MixinPlatformAgentDefault:SecureJarResource(rightclickharvest)]
[19Dec2025 00:54:40.148] [main/DEBUG] [mixin/]: Adding mixin platform agents for container SecureJarResource(collective)
[19Dec2025 00:54:40.148] [main/DEBUG] [mixin/]: Instancing new MixinPlatformAgentMinecraftForge for SecureJarResource(collective)
[19Dec2025 00:54:40.148] [main/DEBUG] [mixin/]: MixinPlatformAgentMinecraftForge rejected container SecureJarResource(collective)
[19Dec2025 00:54:40.149] [main/DEBUG] [mixin/]: Instancing new MixinPlatformAgentDefault for SecureJarResource(collective)
[19Dec2025 00:54:40.149] [main/DEBUG] [mixin/]: MixinPlatformAgentDefault accepted container SecureJarResource(collective)
[19Dec2025 00:54:40.149] [main/DEBUG] [mixin/]: Processing prepare() for PlatformAgent[MixinPlatformAgentDefault:SecureJarResource(collective)]
[19Dec2025 00:54:40.149] [main/DEBUG] [mixin/]: Registering mixin config: collective_forge.mixins.json
[19Dec2025 00:54:40.151] [main/DEBUG] [mixin/]: Adding mixin platform agents for container SecureJarResource(man)
[19Dec2025 00:54:40.151] [main/DEBUG] [mixin/]: Instancing new MixinPlatformAgentMinecraftForge for SecureJarResource(man)
[19Dec2025 00:54:40.151] [main/DEBUG] [mixin/]: MixinPlatformAgentMinecraftForge rejected container SecureJarResource(man)
[19Dec2025 00:54:40.151] [main/DEBUG] [mixin/]: Instancing new MixinPlatformAgentDefault for SecureJarResource(man)
[19Dec2025 00:54:40.151] [main/DEBUG] [mixin/]: MixinPlatformAgentDefault accepted container SecureJarResource(man)
[19Dec2025 00:54:40.151] [main/DEBUG] [mixin/]: Processing prepare() for PlatformAgent[MixinPlatformAgentDefault:SecureJarResource(man)]
[19Dec2025 00:54:40.151] [main/DEBUG] [mixin/]: Adding mixin platform agents for container SecureJarResource(arphex)
[19Dec2025 00:54:40.151] [main/DEBUG] [mixin/]: Instancing new MixinPlatformAgentMinecraftForge for SecureJarResource(arphex)
[19Dec2025 00:54:40.151] [main/DEBUG] [mixin/]: MixinPlatformAgentMinecraftForge rejected container SecureJarResource(arphex)
[19Dec2025 00:54:40.151] [main/DEBUG] [mixin/]: Instancing new MixinPlatformAgentDefault for SecureJarResource(arphex)
[19Dec2025 00:54:40.151] [main/DEBUG] [mixin/]: MixinPlatformAgentDefault accepted container SecureJarResource(arphex)
[19Dec2025 00:54:40.152] [main/DEBUG] [mixin/]: Processing prepare() for PlatformAgent[MixinPlatformAgentDefault:SecureJarResource(arphex)]
[19Dec2025 00:54:40.152] [main/DEBUG] [mixin/]: Adding mixin platform agents for container SecureJarResource(zombies_reworked)
[19Dec2025 00:54:40.152] [main/DEBUG] [mixin/]: Instancing new MixinPlatformAgentMinecraftForge for SecureJarResource(zombies_reworked)
[19Dec2025 00:54:40.152] [main/DEBUG] [mixin/]: MixinPlatformAgentMinecraftForge rejected container SecureJarResource(zombies_reworked)
[19Dec2025 00:54:40.152] [main/DEBUG] [mixin/]: Instancing new MixinPlatformAgentDefault for SecureJarResource(zombies_reworked)
[19Dec2025 00:54:40.152] [main/DEBUG] [mixin/]: MixinPlatformAgentDefault accepted container SecureJarResource(zombies_reworked)
[19Dec2025 00:54:40.152] [main/DEBUG] [mixin/]: Processing prepare() for PlatformAgent[MixinPlatformAgentDefault:SecureJarResource(zombies_reworked)]
[19Dec2025 00:54:40.152] [main/DEBUG] [mixin/]: Adding mixin platform agents for container SecureJarResource(architectury)
[19Dec2025 00:54:40.152] [main/DEBUG] [mixin/]: Instancing new MixinPlatformAgentMinecraftForge for SecureJarResource(architectury)
[19Dec2025 00:54:40.152] [main/DEBUG] [mixin/]: MixinPlatformAgentMinecraftForge rejected container SecureJarResource(architectury)
[19Dec2025 00:54:40.152] [main/DEBUG] [mixin/]: Instancing new MixinPlatformAgentDefault for SecureJarResource(architectury)
[19Dec2025 00:54:40.152] [main/DEBUG] [mixin/]: MixinPlatformAgentDefault accepted container SecureJarResource(architectury)
[19Dec2025 00:54:40.152] [main/DEBUG] [mixin/]: Processing prepare() for PlatformAgent[MixinPlatformAgentDefault:SecureJarResource(architectury)]
[19Dec2025 00:54:40.152] [main/DEBUG] [mixin/]: Registering mixin config: architectury.mixins.json
[19Dec2025 00:54:40.153] [main/DEBUG] [mixin/]: Compatibility level JAVA_16 specified by architectury.mixins.json is higher than the maximum level supported by this version of mixin (JAVA_13).
[19Dec2025 00:54:40.153] [main/DEBUG] [mixin/]: Registering mixin config: architectury-common.mixins.json
[19Dec2025 00:54:40.155] [main/DEBUG] [mixin/]: Compatibility level JAVA_16 specified by architectury-common.mixins.json is higher than the maximum level supported by this version of mixin (JAVA_13).
[19Dec2025 00:54:40.155] [main/DEBUG] [mixin/]: Adding mixin platform agents for container SecureJarResource(cupboard)
[19Dec2025 00:54:40.155] [main/DEBUG] [mixin/]: Instancing new MixinPlatformAgentMinecraftForge for SecureJarResource(cupboard)
[19Dec2025 00:54:40.155] [main/DEBUG] [mixin/]: MixinPlatformAgentMinecraftForge rejected container SecureJarResource(cupboard)
[19Dec2025 00:54:40.155] [main/DEBUG] [mixin/]: Instancing new MixinPlatformAgentDefault for SecureJarResource(cupboard)
[19Dec2025 00:54:40.155] [main/DEBUG] [mixin/]: MixinPlatformAgentDefault accepted container SecureJarResource(cupboard)
[19Dec2025 00:54:40.155] [main/DEBUG] [mixin/]: Processing prepare() for PlatformAgent[MixinPlatformAgentDefault:SecureJarResource(cupboard)]
[19Dec2025 00:54:40.155] [main/DEBUG] [mixin/]: Registering mixin config: cupboard.mixins.json
[19Dec2025 00:54:40.157] [main/DEBUG] [mixin/]: Adding mixin platform agents for container SecureJarResource(enhancedai)
[19Dec2025 00:54:40.157] [main/DEBUG] [mixin/]: Instancing new MixinPlatformAgentMinecraftForge for SecureJarResource(enhancedai)
[19Dec2025 00:54:40.157] [main/DEBUG] [mixin/]: MixinPlatformAgentMinecraftForge rejected container SecureJarResource(enhancedai)
[19Dec2025 00:54:40.157] [main/DEBUG] [mixin/]: Instancing new MixinPlatformAgentDefault for SecureJarResource(enhancedai)
[19Dec2025 00:54:40.157] [main/DEBUG] [mixin/]: MixinPlatformAgentDefault accepted container SecureJarResource(enhancedai)
[19Dec2025 00:54:40.157] [main/DEBUG] [mixin/]: Processing prepare() for PlatformAgent[MixinPlatformAgentDefault:SecureJarResource(enhancedai)]
[19Dec2025 00:54:40.157] [main/DEBUG] [mixin/]: Registering mixin config: enhancedai.mixins.json
[19Dec2025 00:54:40.159] [main/DEBUG] [mixin/]: Compatibility level JAVA_8 specified by enhancedai.mixins.json is lower than the default level supported by the current mixin service (JAVA_16).
[19Dec2025 00:54:40.159] [main/DEBUG] [mixin/]: Adding mixin platform agents for container SecureJarResource(torture)
[19Dec2025 00:54:40.159] [main/DEBUG] [mixin/]: Instancing new MixinPlatformAgentMinecraftForge for SecureJarResource(torture)
[19Dec2025 00:54:40.159] [main/DEBUG] [mixin/]: MixinPlatformAgentMinecraftForge rejected container SecureJarResource(torture)
[19Dec2025 00:54:40.159] [main/DEBUG] [mixin/]: Instancing new MixinPlatformAgentDefault for SecureJarResource(torture)
[19Dec2025 00:54:40.159] [main/DEBUG] [mixin/]: MixinPlatformAgentDefault accepted container SecureJarResource(torture)
[19Dec2025 00:54:40.159] [main/DEBUG] [mixin/]: Processing prepare() for PlatformAgent[MixinPlatformAgentDefault:SecureJarResource(torture)]
[19Dec2025 00:54:40.159] [main/DEBUG] [mixin/]: Registering mixin config: torture.mixins.json
[19Dec2025 00:54:40.161] [main/DEBUG] [mixin/]: Adding mixin platform agents for container SecureJarResource(geckolib3)
[19Dec2025 00:54:40.161] [main/DEBUG] [mixin/]: Instancing new MixinPlatformAgentMinecraftForge for SecureJarResource(geckolib3)
[19Dec2025 00:54:40.161] [main/DEBUG] [mixin/]: MixinPlatformAgentMinecraftForge rejected container SecureJarResource(geckolib3)
[19Dec2025 00:54:40.161] [main/DEBUG] [mixin/]: Instancing new MixinPlatformAgentDefault for SecureJarResource(geckolib3)
[19Dec2025 00:54:40.161] [main/DEBUG] [mixin/]: MixinPlatformAgentDefault accepted container SecureJarResource(geckolib3)
[19Dec2025 00:54:40.161] [main/DEBUG] [mixin/]: Processing prepare() for PlatformAgent[MixinPlatformAgentDefault:SecureJarResource(geckolib3)]
[19Dec2025 00:54:40.162] [main/DEBUG] [mixin/]: Adding mixin platform agents for container SecureJarResource(majruszlibrary)
[19Dec2025 00:54:40.162] [main/DEBUG] [mixin/]: Instancing new MixinPlatformAgentMinecraftForge for SecureJarResource(majruszlibrary)
[19Dec2025 00:54:40.162] [main/DEBUG] [mixin/]: MixinPlatformAgentMinecraftForge rejected container SecureJarResource(majruszlibrary)
[19Dec2025 00:54:40.162] [main/DEBUG] [mixin/]: Instancing new MixinPlatformAgentDefault for SecureJarResource(majruszlibrary)
[19Dec2025 00:54:40.162] [main/DEBUG] [mixin/]: MixinPlatformAgentDefault accepted container SecureJarResource(majruszlibrary)
[19Dec2025 00:54:40.162] [main/DEBUG] [mixin/]: Processing prepare() for PlatformAgent[MixinPlatformAgentDefault:SecureJarResource(majruszlibrary)]
[19Dec2025 00:54:40.162] [main/DEBUG] [mixin/]: Registering mixin config: majruszlibrary-common.mixins.json
[19Dec2025 00:54:40.163] [main/DEBUG] [mixin/]: Registering mixin config: majruszlibrary-forge.mixins.json
[19Dec2025 00:54:40.165] [main/DEBUG] [mixin/]: Adding mixin platform agents for container SecureJarResource(betteradvancements)
[19Dec2025 00:54:40.165] [main/DEBUG] [mixin/]: Instancing new MixinPlatformAgentMinecraftForge for SecureJarResource(betteradvancements)
[19Dec2025 00:54:40.165] [main/DEBUG] [mixin/]: MixinPlatformAgentMinecraftForge rejected container SecureJarResource(betteradvancements)
[19Dec2025 00:54:40.165] [main/DEBUG] [mixin/]: Instancing new MixinPlatformAgentDefault for SecureJarResource(betteradvancements)
[19Dec2025 00:54:40.165] [main/DEBUG] [mixin/]: MixinPlatformAgentDefault accepted container SecureJarResource(betteradvancements)
[19Dec2025 00:54:40.165] [main/DEBUG] [mixin/]: Processing prepare() for PlatformAgent[MixinPlatformAgentDefault:SecureJarResource(betteradvancements)]
[19Dec2025 00:54:40.165] [main/DEBUG] [mixin/]: Adding mixin platform agents for container SecureJarResource(inventorysorter)
[19Dec2025 00:54:40.165] [main/DEBUG] [mixin/]: Instancing new MixinPlatformAgentMinecraftForge for SecureJarResource(inventorysorter)
[19Dec2025 00:54:40.165] [main/DEBUG] [mixin/]: MixinPlatformAgentMinecraftForge rejected container SecureJarResource(inventorysorter)
[19Dec2025 00:54:40.165] [main/DEBUG] [mixin/]: Instancing new MixinPlatformAgentDefault for SecureJarResource(inventorysorter)
[19Dec2025 00:54:40.165] [main/DEBUG] [mixin/]: MixinPlatformAgentDefault accepted container SecureJarResource(inventorysorter)
[19Dec2025 00:54:40.166] [main/DEBUG] [mixin/]: Processing prepare() for PlatformAgent[MixinPlatformAgentDefault:SecureJarResource(inventorysorter)]
[19Dec2025 00:54:40.166] [main/DEBUG] [mixin/]: Adding mixin platform agents for container SecureJarResource(rhino)
[19Dec2025 00:54:40.166] [main/DEBUG] [mixin/]: Instancing new MixinPlatformAgentMinecraftForge for SecureJarResource(rhino)
[19Dec2025 00:54:40.166] [main/DEBUG] [mixin/]: MixinPlatformAgentMinecraftForge rejected container SecureJarResource(rhino)
[19Dec2025 00:54:40.166] [main/DEBUG] [mixin/]: Instancing new MixinPlatformAgentDefault for SecureJarResource(rhino)
[19Dec2025 00:54:40.166] [main/DEBUG] [mixin/]: MixinPlatformAgentDefault accepted container SecureJarResource(rhino)
[19Dec2025 00:54:40.166] [main/DEBUG] [mixin/]: Processing prepare() for PlatformAgent[MixinPlatformAgentDefault:SecureJarResource(rhino)]
[19Dec2025 00:54:40.166] [main/DEBUG] [mixin/]: Registering mixin config: rhino-common.mixins.json
[19Dec2025 00:54:40.167] [main/DEBUG] [mixin/]: Adding mixin platform agents for container SecureJarResource(fastload)
[19Dec2025 00:54:40.167] [main/DEBUG] [mixin/]: Instancing new MixinPlatformAgentMinecraftForge for SecureJarResource(fastload)
[19Dec2025 00:54:40.167] [main/DEBUG] [mixin/]: MixinPlatformAgentMinecraftForge rejected container SecureJarResource(fastload)
[19Dec2025 00:54:40.167] [main/DEBUG] [mixin/]: Instancing new MixinPlatformAgentDefault for SecureJarResource(fastload)
[19Dec2025 00:54:40.167] [main/DEBUG] [mixin/]: MixinPlatformAgentDefault accepted container SecureJarResource(fastload)
[19Dec2025 00:54:40.167] [main/DEBUG] [mixin/]: Processing prepare() for PlatformAgent[MixinPlatformAgentDefault:SecureJarResource(fastload)]
[19Dec2025 00:54:40.167] [main/DEBUG] [mixin/]: Registering mixin config: fastload.mixins.json
[19Dec2025 00:54:40.168] [main/DEBUG] [mixin/]: Adding mixin platform agents for container SecureJarResource(endertrigon)
[19Dec2025 00:54:40.168] [main/DEBUG] [mixin/]: Instancing new MixinPlatformAgentMinecraftForge for SecureJarResource(endertrigon)
[19Dec2025 00:54:40.168] [main/DEBUG] [mixin/]: MixinPlatformAgentMinecraftForge rejected container SecureJarResource(endertrigon)
[19Dec2025 00:54:40.168] [main/DEBUG] [mixin/]: Instancing new MixinPlatformAgentDefault for SecureJarResource(endertrigon)
[19Dec2025 00:54:40.168] [main/DEBUG] [mixin/]: MixinPlatformAgentDefault accepted container SecureJarResource(endertrigon)
[19Dec2025 00:54:40.168] [main/DEBUG] [mixin/]: Processing prepare() for PlatformAgent[MixinPlatformAgentDefault:SecureJarResource(endertrigon)]
[19Dec2025 00:54:40.168] [main/DEBUG] [mixin/]: Registering mixin config: endertrigon.mixins.json
[19Dec2025 00:54:40.170] [main/DEBUG] [mixin/]: Adding mixin platform agents for container SecureJarResource(spiderstpo)
[19Dec2025 00:54:40.170] [main/DEBUG] [mixin/]: Instancing new MixinPlatformAgentMinecraftForge for SecureJarResource(spiderstpo)
[19Dec2025 00:54:40.170] [main/DEBUG] [mixin/]: MixinPlatformAgentMinecraftForge rejected container SecureJarResource(spiderstpo)
[19Dec2025 00:54:40.170] [main/DEBUG] [mixin/]: Instancing new MixinPlatformAgentDefault for SecureJarResource(spiderstpo)
[19Dec2025 00:54:40.170] [main/DEBUG] [mixin/]: MixinPlatformAgentDefault accepted container SecureJarResource(spiderstpo)
[19Dec2025 00:54:40.170] [main/DEBUG] [mixin/]: Processing prepare() for PlatformAgent[MixinPlatformAgentDefault:SecureJarResource(spiderstpo)]
[19Dec2025 00:54:40.170] [main/DEBUG] [mixin/]: Registering mixin config: spiderstpo.mixins.json
[19Dec2025 00:54:40.171] [main/DEBUG] [mixin/]: Compatibility level JAVA_8 specified by spiderstpo.mixins.json is lower than the default level supported by the current mixin service (JAVA_16).
[19Dec2025 00:54:40.171] [main/DEBUG] [mixin/]: Adding mixin platform agents for container SecureJarResource(the_rake)
[19Dec2025 00:54:40.171] [main/DEBUG] [mixin/]: Instancing new MixinPlatformAgentMinecraftForge for SecureJarResource(the_rake)
[19Dec2025 00:54:40.171] [main/DEBUG] [mixin/]: MixinPlatformAgentMinecraftForge rejected container SecureJarResource(the_rake)
[19Dec2025 00:54:40.171] [main/DEBUG] [mixin/]: Instancing new MixinPlatformAgentDefault for SecureJarResource(the_rake)
[19Dec2025 00:54:40.171] [main/DEBUG] [mixin/]: MixinPlatformAgentDefault accepted container SecureJarResource(the_rake)
[19Dec2025 00:54:40.171] [main/DEBUG] [mixin/]: Processing prepare() for PlatformAgent[MixinPlatformAgentDefault:SecureJarResource(the_rake)]
[19Dec2025 00:54:40.171] [main/DEBUG] [mixin/]: Registering mixin config: the_rake.mixins.json
[19Dec2025 00:54:40.172] [main/DEBUG] [mixin/]: Adding mixin platform agents for container SecureJarResource(jei)
[19Dec2025 00:54:40.172] [main/DEBUG] [mixin/]: Instancing new MixinPlatformAgentMinecraftForge for SecureJarResource(jei)
[19Dec2025 00:54:40.173] [main/DEBUG] [mixin/]: MixinPlatformAgentMinecraftForge rejected container SecureJarResource(jei)
[19Dec2025 00:54:40.173] [main/DEBUG] [mixin/]: Instancing new MixinPlatformAgentDefault for SecureJarResource(jei)
[19Dec2025 00:54:40.173] [main/DEBUG] [mixin/]: MixinPlatformAgentDefault accepted container SecureJarResource(jei)
[19Dec2025 00:54:40.173] [main/DEBUG] [mixin/]: Processing prepare() for PlatformAgent[MixinPlatformAgentDefault:SecureJarResource(jei)]
[19Dec2025 00:54:40.173] [main/DEBUG] [mixin/]: Adding mixin platform agents for container SecureJarResource(visualworkbench)
[19Dec2025 00:54:40.173] [main/DEBUG] [mixin/]: Instancing new MixinPlatformAgentMinecraftForge for SecureJarResource(visualworkbench)
[19Dec2025 00:54:40.173] [main/DEBUG] [mixin/]: MixinPlatformAgentMinecraftForge rejected container SecureJarResource(visualworkbench)
[19Dec2025 00:54:40.173] [main/DEBUG] [mixin/]: Instancing new MixinPlatformAgentDefault for SecureJarResource(visualworkbench)
[19Dec2025 00:54:40.173] [main/DEBUG] [mixin/]: MixinPlatformAgentDefault accepted container SecureJarResource(visualworkbench)
[19Dec2025 00:54:40.173] [main/DEBUG] [mixin/]: Processing prepare() for PlatformAgent[MixinPlatformAgentDefault:SecureJarResource(visualworkbench)]
[19Dec2025 00:54:40.173] [main/DEBUG] [mixin/]: Registering mixin config: visualworkbench.common.mixins.json
[19Dec2025 00:54:40.174] [main/DEBUG] [mixin/]: Adding mixin platform agents for container SecureJarResource(builder_bear)
[19Dec2025 00:54:40.174] [main/DEBUG] [mixin/]: Instancing new MixinPlatformAgentMinecraftForge for SecureJarResource(builder_bear)
[19Dec2025 00:54:40.174] [main/DEBUG] [mixin/]: MixinPlatformAgentMinecraftForge rejected container SecureJarResource(builder_bear)
[19Dec2025 00:54:40.175] [main/DEBUG] [mixin/]: Instancing new MixinPlatformAgentDefault for SecureJarResource(builder_bear)
[19Dec2025 00:54:40.175] [main/DEBUG] [mixin/]: MixinPlatformAgentDefault accepted container SecureJarResource(builder_bear)
[19Dec2025 00:54:40.175] [main/DEBUG] [mixin/]: Processing prepare() for PlatformAgent[MixinPlatformAgentDefault:SecureJarResource(builder_bear)]
[19Dec2025 00:54:40.175] [main/DEBUG] [mixin/]: Adding mixin platform agents for container SecureJarResource(the_cuckoo_clock)
[19Dec2025 00:54:40.175] [main/DEBUG] [mixin/]: Instancing new MixinPlatformAgentMinecraftForge for SecureJarResource(the_cuckoo_clock)
[19Dec2025 00:54:40.175] [main/DEBUG] [mixin/]: MixinPlatformAgentMinecraftForge rejected container SecureJarResource(the_cuckoo_clock)
[19Dec2025 00:54:40.175] [main/DEBUG] [mixin/]: Instancing new MixinPlatformAgentDefault for SecureJarResource(the_cuckoo_clock)
[19Dec2025 00:54:40.175] [main/DEBUG] [mixin/]: MixinPlatformAgentDefault accepted container SecureJarResource(the_cuckoo_clock)
[19Dec2025 00:54:40.175] [main/DEBUG] [mixin/]: Processing prepare() for PlatformAgent[MixinPlatformAgentDefault:SecureJarResource(the_cuckoo_clock)]
[19Dec2025 00:54:40.175] [main/DEBUG] [mixin/]: Adding mixin platform agents for container SecureJarResource(clumps)
[19Dec2025 00:54:40.175] [main/DEBUG] [mixin/]: Instancing new MixinPlatformAgentMinecraftForge for SecureJarResource(clumps)
[19Dec2025 00:54:40.175] [main/DEBUG] [mixin/]: MixinPlatformAgentMinecraftForge rejected container SecureJarResource(clumps)
[19Dec2025 00:54:40.175] [main/DEBUG] [mixin/]: Instancing new MixinPlatformAgentDefault for SecureJarResource(clumps)
[19Dec2025 00:54:40.175] [main/DEBUG] [mixin/]: MixinPlatformAgentDefault accepted container SecureJarResource(clumps)
[19Dec2025 00:54:40.175] [main/DEBUG] [mixin/]: Processing prepare() for PlatformAgent[MixinPlatformAgentDefault:SecureJarResource(clumps)]
[19Dec2025 00:54:40.175] [main/DEBUG] [mixin/]: Registering mixin config: clumps.mixins.json
[19Dec2025 00:54:40.176] [main/DEBUG] [mixin/]: Adding mixin platform agents for container SecureJarResource(fastsuite)
[19Dec2025 00:54:40.176] [main/DEBUG] [mixin/]: Instancing new MixinPlatformAgentMinecraftForge for SecureJarResource(fastsuite)
[19Dec2025 00:54:40.176] [main/DEBUG] [mixin/]: MixinPlatformAgentMinecraftForge rejected container SecureJarResource(fastsuite)
[19Dec2025 00:54:40.176] [main/DEBUG] [mixin/]: Instancing new MixinPlatformAgentDefault for SecureJarResource(fastsuite)
[19Dec2025 00:54:40.176] [main/DEBUG] [mixin/]: MixinPlatformAgentDefault accepted container SecureJarResource(fastsuite)
[19Dec2025 00:54:40.177] [main/DEBUG] [mixin/]: Processing prepare() for PlatformAgent[MixinPlatformAgentDefault:SecureJarResource(fastsuite)]
[19Dec2025 00:54:40.177] [main/DEBUG] [mixin/]: Registering mixin config: fastsuite.mixins.json
[19Dec2025 00:54:40.178] [main/DEBUG] [mixin/]: Compatibility level JAVA_8 specified by fastsuite.mixins.json is lower than the default level supported by the current mixin service (JAVA_16).
[19Dec2025 00:54:40.178] [main/DEBUG] [mixin/]: Adding mixin platform agents for container SecureJarResource(shutupexperimentalsettings)
[19Dec2025 00:54:40.178] [main/DEBUG] [mixin/]: Instancing new MixinPlatformAgentMinecraftForge for SecureJarResource(shutupexperimentalsettings)
[19Dec2025 00:54:40.178] [main/DEBUG] [mixin/]: MixinPlatformAgentMinecraftForge rejected container SecureJarResource(shutupexperimentalsettings)
[19Dec2025 00:54:40.178] [main/DEBUG] [mixin/]: Instancing new MixinPlatformAgentDefault for SecureJarResource(shutupexperimentalsettings)
[19Dec2025 00:54:40.178] [main/DEBUG] [mixin/]: MixinPlatformAgentDefault accepted container SecureJarResource(shutupexperimentalsettings)
[19Dec2025 00:54:40.178] [main/DEBUG] [mixin/]: Processing prepare() for PlatformAgent[MixinPlatformAgentDefault:SecureJarResource(shutupexperimentalsettings)]
[19Dec2025 00:54:40.178] [main/DEBUG] [mixin/]: Registering mixin config: shutupexperimentalsettings.mixins.json
[19Dec2025 00:54:40.179] [main/DEBUG] [mixin/]: Adding mixin platform agents for container SecureJarResource(badmobs)
[19Dec2025 00:54:40.179] [main/DEBUG] [mixin/]: Instancing new MixinPlatformAgentMinecraftForge for SecureJarResource(badmobs)
[19Dec2025 00:54:40.179] [main/DEBUG] [mixin/]: MixinPlatformAgentMinecraftForge rejected container SecureJarResource(badmobs)
[19Dec2025 00:54:40.179] [main/DEBUG] [mixin/]: Instancing new MixinPlatformAgentDefault for SecureJarResource(badmobs)
[19Dec2025 00:54:40.179] [main/DEBUG] [mixin/]: MixinPlatformAgentDefault accepted container SecureJarResource(badmobs)
[19Dec2025 00:54:40.179] [main/DEBUG] [mixin/]: Processing prepare() for PlatformAgent[MixinPlatformAgentDefault:SecureJarResource(badmobs)]
[19Dec2025 00:54:40.179] [main/DEBUG] [mixin/]: Adding mixin platform agents for container SecureJarResource(beautifiedchatserver)
[19Dec2025 00:54:40.179] [main/DEBUG] [mixin/]: Instancing new MixinPlatformAgentMinecraftForge for SecureJarResource(beautifiedchatserver)
[19Dec2025 00:54:40.180] [main/DEBUG] [mixin/]: MixinPlatformAgentMinecraftForge rejected container SecureJarResource(beautifiedchatserver)
[19Dec2025 00:54:40.180] [main/DEBUG] [mixin/]: Instancing new MixinPlatformAgentDefault for SecureJarResource(beautifiedchatserver)
[19Dec2025 00:54:40.180] [main/DEBUG] [mixin/]: MixinPlatformAgentDefault accepted container SecureJarResource(beautifiedchatserver)
[19Dec2025 00:54:40.180] [main/DEBUG] [mixin/]: Processing prepare() for PlatformAgent[MixinPlatformAgentDefault:SecureJarResource(beautifiedchatserver)]
[19Dec2025 00:54:40.180] [main/DEBUG] [mixin/]: Registering mixin config: beautifiedchatserver_forge.mixins.json
[19Dec2025 00:54:40.181] [main/DEBUG] [mixin/]: Adding mixin platform agents for container SecureJarResource(farsightedmobs)
[19Dec2025 00:54:40.181] [main/DEBUG] [mixin/]: Instancing new MixinPlatformAgentMinecraftForge for SecureJarResource(farsightedmobs)
[19Dec2025 00:54:40.181] [main/DEBUG] [mixin/]: MixinPlatformAgentMinecraftForge rejected container SecureJarResource(farsightedmobs)
[19Dec2025 00:54:40.181] [main/DEBUG] [mixin/]: Instancing new MixinPlatformAgentDefault for SecureJarResource(farsightedmobs)
[19Dec2025 00:54:40.181] [main/DEBUG] [mixin/]: MixinPlatformAgentDefault accepted container SecureJarResource(farsightedmobs)
[19Dec2025 00:54:40.181] [main/DEBUG] [mixin/]: Processing prepare() for PlatformAgent[MixinPlatformAgentDefault:SecureJarResource(farsightedmobs)]
[19Dec2025 00:54:40.181] [main/DEBUG] [mixin/]: Adding mixin platform agents for container SecureJarResource(lazydfu)
[19Dec2025 00:54:40.181] [main/DEBUG] [mixin/]: Instancing new MixinPlatformAgentMinecraftForge for SecureJarResource(lazydfu)
[19Dec2025 00:54:40.181] [main/DEBUG] [mixin/]: MixinPlatformAgentMinecraftForge rejected container SecureJarResource(lazydfu)
[19Dec2025 00:54:40.181] [main/DEBUG] [mixin/]: Instancing new MixinPlatformAgentDefault for SecureJarResource(lazydfu)
[19Dec2025 00:54:40.181] [main/DEBUG] [mixin/]: MixinPlatformAgentDefault accepted container SecureJarResource(lazydfu)
[19Dec2025 00:54:40.181] [main/DEBUG] [mixin/]: Processing prepare() for PlatformAgent[MixinPlatformAgentDefault:SecureJarResource(lazydfu)]
[19Dec2025 00:54:40.181] [main/DEBUG] [mixin/]: Registering mixin config: lazydfu.mixins.json
[19Dec2025 00:54:40.182] [main/DEBUG] [mixin/]: Compatibility level JAVA_16 specified by lazydfu.mixins.json is higher than the maximum level supported by this version of mixin (JAVA_13).
[19Dec2025 00:54:40.182] [main/DEBUG] [mixin/]: Adding mixin platform agents for container SecureJarResource(realistictorches)
[19Dec2025 00:54:40.182] [main/DEBUG] [mixin/]: Instancing new MixinPlatformAgentMinecraftForge for SecureJarResource(realistictorches)
[19Dec2025 00:54:40.182] [main/DEBUG] [mixin/]: MixinPlatformAgentMinecraftForge rejected container SecureJarResource(realistictorches)
[19Dec2025 00:54:40.183] [main/DEBUG] [mixin/]: Instancing new MixinPlatformAgentDefault for SecureJarResource(realistictorches)
[19Dec2025 00:54:40.183] [main/DEBUG] [mixin/]: MixinPlatformAgentDefault accepted container SecureJarResource(realistictorches)
[19Dec2025 00:54:40.183] [main/DEBUG] [mixin/]: Processing prepare() for PlatformAgent[MixinPlatformAgentDefault:SecureJarResource(realistictorches)]
[19Dec2025 00:54:40.183] [main/DEBUG] [mixin/]: Adding mixin platform agents for container SecureJarResource(the_sculpture)
[19Dec2025 00:54:40.183] [main/DEBUG] [mixin/]: Instancing new MixinPlatformAgentMinecraftForge for SecureJarResource(the_sculpture)
[19Dec2025 00:54:40.183] [main/DEBUG] [mixin/]: MixinPlatformAgentMinecraftForge rejected container SecureJarResource(the_sculpture)
[19Dec2025 00:54:40.183] [main/DEBUG] [mixin/]: Instancing new MixinPlatformAgentDefault for SecureJarResource(the_sculpture)
[19Dec2025 00:54:40.183] [main/DEBUG] [mixin/]: MixinPlatformAgentDefault accepted container SecureJarResource(the_sculpture)
[19Dec2025 00:54:40.183] [main/DEBUG] [mixin/]: Processing prepare() for PlatformAgent[MixinPlatformAgentDefault:SecureJarResource(the_sculpture)]
[19Dec2025 00:54:40.183] [main/DEBUG] [mixin/]: Adding mixin platform agents for container SecureJarResource(watut)
[19Dec2025 00:54:40.183] [main/DEBUG] [mixin/]: Instancing new MixinPlatformAgentMinecraftForge for SecureJarResource(watut)
[19Dec2025 00:54:40.183] [main/DEBUG] [mixin/]: MixinPlatformAgentMinecraftForge rejected container SecureJarResource(watut)
[19Dec2025 00:54:40.183] [main/DEBUG] [mixin/]: Instancing new MixinPlatformAgentDefault for SecureJarResource(watut)
[19Dec2025 00:54:40.183] [main/DEBUG] [mixin/]: MixinPlatformAgentDefault accepted container SecureJarResource(watut)
[19Dec2025 00:54:40.183] [main/DEBUG] [mixin/]: Processing prepare() for PlatformAgent[MixinPlatformAgentDefault:SecureJarResource(watut)]
[19Dec2025 00:54:40.183] [main/DEBUG] [mixin/]: Registering mixin config: watut.mixins.json
[19Dec2025 00:54:40.184] [main/DEBUG] [mixin/]: Adding mixin platform agents for container SecureJarResource(forge)
[19Dec2025 00:54:40.184] [main/DEBUG] [mixin/]: Instancing new MixinPlatformAgentMinecraftForge for SecureJarResource(forge)
[19Dec2025 00:54:40.184] [main/DEBUG] [mixin/]: MixinPlatformAgentMinecraftForge rejected container SecureJarResource(forge)
[19Dec2025 00:54:40.184] [main/DEBUG] [mixin/]: Instancing new MixinPlatformAgentDefault for SecureJarResource(forge)
[19Dec2025 00:54:40.184] [main/DEBUG] [mixin/]: MixinPlatformAgentDefault accepted container SecureJarResource(forge)
[19Dec2025 00:54:40.184] [main/DEBUG] [mixin/]: Processing prepare() for PlatformAgent[MixinPlatformAgentDefault:SecureJarResource(forge)]
[19Dec2025 00:54:40.184] [main/DEBUG] [mixin/]: Adding mixin platform agents for container SecureJarResource(thepossessivemask)
[19Dec2025 00:54:40.184] [main/DEBUG] [mixin/]: Instancing new MixinPlatformAgentMinecraftForge for SecureJarResource(thepossessivemask)
[19Dec2025 00:54:40.184] [main/DEBUG] [mixin/]: MixinPlatformAgentMinecraftForge rejected container SecureJarResource(thepossessivemask)
[19Dec2025 00:54:40.184] [main/DEBUG] [mixin/]: Instancing new MixinPlatformAgentDefault for SecureJarResource(thepossessivemask)
[19Dec2025 00:54:40.184] [main/DEBUG] [mixin/]: MixinPlatformAgentDefault accepted container SecureJarResource(thepossessivemask)
[19Dec2025 00:54:40.184] [main/DEBUG] [mixin/]: Processing prepare() for PlatformAgent[MixinPlatformAgentDefault:SecureJarResource(thepossessivemask)]
[19Dec2025 00:54:40.184] [main/DEBUG] [mixin/]: Adding mixin platform agents for container SecureJarResource(toofast)
[19Dec2025 00:54:40.184] [main/DEBUG] [mixin/]: Instancing new MixinPlatformAgentMinecraftForge for SecureJarResource(toofast)
[19Dec2025 00:54:40.185] [main/DEBUG] [mixin/]: MixinPlatformAgentMinecraftForge rejected container SecureJarResource(toofast)
[19Dec2025 00:54:40.185] [main/DEBUG] [mixin/]: Instancing new MixinPlatformAgentDefault for SecureJarResource(toofast)
[19Dec2025 00:54:40.185] [main/DEBUG] [mixin/]: MixinPlatformAgentDefault accepted container SecureJarResource(toofast)
[19Dec2025 00:54:40.185] [main/DEBUG] [mixin/]: Processing prepare() for PlatformAgent[MixinPlatformAgentDefault:SecureJarResource(toofast)]
[19Dec2025 00:54:40.185] [main/DEBUG] [mixin/]: Registering mixin config: toofast.mixins.json
[19Dec2025 00:54:40.186] [main/DEBUG] [mixin/]: Compatibility level JAVA_8 specified by toofast.mixins.json is lower than the default level supported by the current mixin service (JAVA_16).
[19Dec2025 00:54:40.186] [main/DEBUG] [mixin/]: Adding mixin platform agents for container SecureJarResource(logbegone)
[19Dec2025 00:54:40.186] [main/DEBUG] [mixin/]: Instancing new MixinPlatformAgentMinecraftForge for SecureJarResource(logbegone)
[19Dec2025 00:54:40.186] [main/DEBUG] [mixin/]: MixinPlatformAgentMinecraftForge rejected container SecureJarResource(logbegone)
[19Dec2025 00:54:40.186] [main/DEBUG] [mixin/]: Instancing new MixinPlatformAgentDefault for SecureJarResource(logbegone)
[19Dec2025 00:54:40.186] [main/DEBUG] [mixin/]: MixinPlatformAgentDefault accepted container SecureJarResource(logbegone)
[19Dec2025 00:54:40.186] [main/DEBUG] [mixin/]: Processing prepare() for PlatformAgent[MixinPlatformAgentDefault:SecureJarResource(logbegone)]
[19Dec2025 00:54:40.186] [main/DEBUG] [mixin/]: Adding mixin platform agents for container SecureJarResource(emotecraft)
[19Dec2025 00:54:40.186] [main/DEBUG] [mixin/]: Instancing new MixinPlatformAgentMinecraftForge for SecureJarResource(emotecraft)
[19Dec2025 00:54:40.186] [main/DEBUG] [mixin/]: MixinPlatformAgentMinecraftForge rejected container SecureJarResource(emotecraft)
[19Dec2025 00:54:40.186] [main/DEBUG] [mixin/]: Instancing new MixinPlatformAgentDefault for SecureJarResource(emotecraft)
[19Dec2025 00:54:40.186] [main/DEBUG] [mixin/]: MixinPlatformAgentDefault accepted container SecureJarResource(emotecraft)
[19Dec2025 00:54:40.186] [main/DEBUG] [mixin/]: Processing prepare() for PlatformAgent[MixinPlatformAgentDefault:SecureJarResource(emotecraft)]
[19Dec2025 00:54:40.186] [main/DEBUG] [mixin/]: Registering mixin config: emotecraft.mixins.json
[19Dec2025 00:54:40.187] [main/DEBUG] [mixin/]: Compatibility level JAVA_16 specified by emotecraft.mixins.json is higher than the maximum level supported by this version of mixin (JAVA_13).
[19Dec2025 00:54:40.187] [main/DEBUG] [mixin/]: Registering mixin config: emotecraft-arch.mixins.json
[19Dec2025 00:54:40.188] [main/DEBUG] [mixin/]: Compatibility level JAVA_16 specified by emotecraft-arch.mixins.json is higher than the maximum level supported by this version of mixin (JAVA_13).
[19Dec2025 00:54:40.188] [main/DEBUG] [mixin/]: Adding mixin platform agents for container SecureJarResource(eyesinthedark)
[19Dec2025 00:54:40.188] [main/DEBUG] [mixin/]: Instancing new MixinPlatformAgentMinecraftForge for SecureJarResource(eyesinthedark)
[19Dec2025 00:54:40.188] [main/DEBUG] [mixin/]: MixinPlatformAgentMinecraftForge rejected container SecureJarResource(eyesinthedark)
[19Dec2025 00:54:40.188] [main/DEBUG] [mixin/]: Instancing new MixinPlatformAgentDefault for SecureJarResource(eyesinthedark)
[19Dec2025 00:54:40.188] [main/DEBUG] [mixin/]: MixinPlatformAgentDefault accepted container SecureJarResource(eyesinthedark)
[19Dec2025 00:54:40.188] [main/DEBUG] [mixin/]: Processing prepare() for PlatformAgent[MixinPlatformAgentDefault:SecureJarResource(eyesinthedark)]
[19Dec2025 00:54:40.188] [main/DEBUG] [mixin/]: Adding mixin platform agents for container SecureJarResource(craftingtweaks)
[19Dec2025 00:54:40.188] [main/DEBUG] [mixin/]: Instancing new MixinPlatformAgentMinecraftForge for SecureJarResource(craftingtweaks)
[19Dec2025 00:54:40.189] [main/DEBUG] [mixin/]: MixinPlatformAgentMinecraftForge rejected container SecureJarResource(craftingtweaks)
[19Dec2025 00:54:40.189] [main/DEBUG] [mixin/]: Instancing new MixinPlatformAgentDefault for SecureJarResource(craftingtweaks)
[19Dec2025 00:54:40.189] [main/DEBUG] [mixin/]: MixinPlatformAgentDefault accepted container SecureJarResource(craftingtweaks)
[19Dec2025 00:54:40.189] [main/DEBUG] [mixin/]: Processing prepare() for PlatformAgent[MixinPlatformAgentDefault:SecureJarResource(craftingtweaks)]
[19Dec2025 00:54:40.189] [main/DEBUG] [mixin/]: Adding mixin platform agents for container SecureJarResource(logprot)
[19Dec2025 00:54:40.189] [main/DEBUG] [mixin/]: Instancing new MixinPlatformAgentMinecraftForge for SecureJarResource(logprot)
[19Dec2025 00:54:40.189] [main/DEBUG] [mixin/]: MixinPlatformAgentMinecraftForge rejected container SecureJarResource(logprot)
[19Dec2025 00:54:40.189] [main/DEBUG] [mixin/]: Instancing new MixinPlatformAgentDefault for SecureJarResource(logprot)
[19Dec2025 00:54:40.189] [main/DEBUG] [mixin/]: MixinPlatformAgentDefault accepted container SecureJarResource(logprot)
[19Dec2025 00:54:40.189] [main/DEBUG] [mixin/]: Processing prepare() for PlatformAgent[MixinPlatformAgentDefault:SecureJarResource(logprot)]
[19Dec2025 00:54:40.189] [main/DEBUG] [mixin/]: Adding mixin platform agents for container SecureJarResource(smoothchunk)
[19Dec2025 00:54:40.189] [main/DEBUG] [mixin/]: Instancing new MixinPlatformAgentMinecraftForge for SecureJarResource(smoothchunk)
[19Dec2025 00:54:40.189] [main/DEBUG] [mixin/]: MixinPlatformAgentMinecraftForge rejected container SecureJarResource(smoothchunk)
[19Dec2025 00:54:40.189] [main/DEBUG] [mixin/]: Instancing new MixinPlatformAgentDefault for SecureJarResource(smoothchunk)
[19Dec2025 00:54:40.189] [main/DEBUG] [mixin/]: MixinPlatformAgentDefault accepted container SecureJarResource(smoothchunk)
[19Dec2025 00:54:40.189] [main/DEBUG] [mixin/]: Processing prepare() for PlatformAgent[MixinPlatformAgentDefault:SecureJarResource(smoothchunk)]
[19Dec2025 00:54:40.189] [main/DEBUG] [mixin/]: Registering mixin config: smoothchunk.mixins.json
[19Dec2025 00:54:40.190] [main/DEBUG] [mixin/]: Adding mixin platform agents for container SecureJarResource(minecraft)
[19Dec2025 00:54:40.190] [main/DEBUG] [mixin/]: Instancing new MixinPlatformAgentMinecraftForge for SecureJarResource(minecraft)
[19Dec2025 00:54:40.190] [main/DEBUG] [mixin/]: MixinPlatformAgentMinecraftForge rejected container SecureJarResource(minecraft)
[19Dec2025 00:54:40.190] [main/DEBUG] [mixin/]: Instancing new MixinPlatformAgentDefault for SecureJarResource(minecraft)
[19Dec2025 00:54:40.190] [main/DEBUG] [mixin/]: MixinPlatformAgentDefault accepted container SecureJarResource(minecraft)
[19Dec2025 00:54:40.190] [main/DEBUG] [mixin/]: Processing prepare() for PlatformAgent[MixinPlatformAgentDefault:SecureJarResource(minecraft)]
[19Dec2025 00:54:40.190] [main/DEBUG] [mixin/]: Adding mixin platform agents for container SecureJarResource(simplebackups)
[19Dec2025 00:54:40.190] [main/DEBUG] [mixin/]: Instancing new MixinPlatformAgentMinecraftForge for SecureJarResource(simplebackups)
[19Dec2025 00:54:40.190] [main/DEBUG] [mixin/]: MixinPlatformAgentMinecraftForge rejected container SecureJarResource(simplebackups)
[19Dec2025 00:54:40.190] [main/DEBUG] [mixin/]: Instancing new MixinPlatformAgentDefault for SecureJarResource(simplebackups)
[19Dec2025 00:54:40.190] [main/DEBUG] [mixin/]: MixinPlatformAgentDefault accepted container SecureJarResource(simplebackups)
[19Dec2025 00:54:40.190] [main/DEBUG] [mixin/]: Processing prepare() for PlatformAgent[MixinPlatformAgentDefault:SecureJarResource(simplebackups)]
[19Dec2025 00:54:40.190] [main/DEBUG] [mixin/]: Adding mixin platform agents for container SecureJarResource(simplyswords)
[19Dec2025 00:54:40.190] [main/DEBUG] [mixin/]: Instancing new MixinPlatformAgentMinecraftForge for SecureJarResource(simplyswords)
[19Dec2025 00:54:40.191] [main/DEBUG] [mixin/]: MixinPlatformAgentMinecraftForge rejected container SecureJarResource(simplyswords)
[19Dec2025 00:54:40.191] [main/DEBUG] [mixin/]: Instancing new MixinPlatformAgentDefault for SecureJarResource(simplyswords)
[19Dec2025 00:54:40.191] [main/DEBUG] [mixin/]: MixinPlatformAgentDefault accepted container SecureJarResource(simplyswords)
[19Dec2025 00:54:40.191] [main/DEBUG] [mixin/]: Processing prepare() for PlatformAgent[MixinPlatformAgentDefault:SecureJarResource(simplyswords)]
[19Dec2025 00:54:40.191] [main/DEBUG] [mixin/]: Registering mixin config: simplyswords-common.mixins.json
[19Dec2025 00:54:40.192] [main/DEBUG] [mixin/]: Registering mixin config: simplyswords.mixins.json
[19Dec2025 00:54:40.193] [main/DEBUG] [mixin/]: Adding mixin platform agents for container SecureJarResource(moonlight)
[19Dec2025 00:54:40.193] [main/DEBUG] [mixin/]: Instancing new MixinPlatformAgentMinecraftForge for SecureJarResource(moonlight)
[19Dec2025 00:54:40.193] [main/DEBUG] [mixin/]: MixinPlatformAgentMinecraftForge rejected container SecureJarResource(moonlight)
[19Dec2025 00:54:40.193] [main/DEBUG] [mixin/]: Instancing new MixinPlatformAgentDefault for SecureJarResource(moonlight)
[19Dec2025 00:54:40.193] [main/DEBUG] [mixin/]: MixinPlatformAgentDefault accepted container SecureJarResource(moonlight)
[19Dec2025 00:54:40.193] [main/DEBUG] [mixin/]: Processing prepare() for PlatformAgent[MixinPlatformAgentDefault:SecureJarResource(moonlight)]
[19Dec2025 00:54:40.193] [main/DEBUG] [mixin/]: Registering mixin config: moonlight-common.mixins.json
[19Dec2025 00:54:40.216] [main/DEBUG] [mixin/]: Registering mixin config: moonlight.mixins.json
[19Dec2025 00:54:40.217] [main/DEBUG] [mixin/]: Adding mixin platform agents for container SecureJarResource(bettercombat)
[19Dec2025 00:54:40.217] [main/DEBUG] [mixin/]: Instancing new MixinPlatformAgentMinecraftForge for SecureJarResource(bettercombat)
[19Dec2025 00:54:40.217] [main/DEBUG] [mixin/]: MixinPlatformAgentMinecraftForge rejected container SecureJarResource(bettercombat)
[19Dec2025 00:54:40.217] [main/DEBUG] [mixin/]: Instancing new MixinPlatformAgentDefault for SecureJarResource(bettercombat)
[19Dec2025 00:54:40.217] [main/DEBUG] [mixin/]: MixinPlatformAgentDefault accepted container SecureJarResource(bettercombat)
[19Dec2025 00:54:40.217] [main/DEBUG] [mixin/]: Processing prepare() for PlatformAgent[MixinPlatformAgentDefault:SecureJarResource(bettercombat)]
[19Dec2025 00:54:40.217] [main/DEBUG] [mixin/]: Registering mixin config: bettercombat.mixins.json
[19Dec2025 00:54:40.218] [main/DEBUG] [mixin/]: Adding mixin platform agents for container SecureJarResource(kim_dweller)
[19Dec2025 00:54:40.218] [main/DEBUG] [mixin/]: Instancing new MixinPlatformAgentMinecraftForge for SecureJarResource(kim_dweller)
[19Dec2025 00:54:40.218] [main/DEBUG] [mixin/]: MixinPlatformAgentMinecraftForge rejected container SecureJarResource(kim_dweller)
[19Dec2025 00:54:40.218] [main/DEBUG] [mixin/]: Instancing new MixinPlatformAgentDefault for SecureJarResource(kim_dweller)
[19Dec2025 00:54:40.218] [main/DEBUG] [mixin/]: MixinPlatformAgentDefault accepted container SecureJarResource(kim_dweller)
[19Dec2025 00:54:40.218] [main/DEBUG] [mixin/]: Processing prepare() for PlatformAgent[MixinPlatformAgentDefault:SecureJarResource(kim_dweller)]
[19Dec2025 00:54:40.218] [main/DEBUG] [mixin/]: Registering mixin config: kim_dweller.mixins.json
[19Dec2025 00:54:40.219] [main/DEBUG] [mixin/]: Adding mixin platform agents for container SecureJarResource(necronomicon)
[19Dec2025 00:54:40.219] [main/DEBUG] [mixin/]: Instancing new MixinPlatformAgentMinecraftForge for SecureJarResource(necronomicon)
[19Dec2025 00:54:40.219] [main/DEBUG] [mixin/]: MixinPlatformAgentMinecraftForge rejected container SecureJarResource(necronomicon)
[19Dec2025 00:54:40.219] [main/DEBUG] [mixin/]: Instancing new MixinPlatformAgentDefault for SecureJarResource(necronomicon)
[19Dec2025 00:54:40.220] [main/DEBUG] [mixin/]: MixinPlatformAgentDefault accepted container SecureJarResource(necronomicon)
[19Dec2025 00:54:40.220] [main/DEBUG] [mixin/]: Processing prepare() for PlatformAgent[MixinPlatformAgentDefault:SecureJarResource(necronomicon)]
[19Dec2025 00:54:40.220] [main/DEBUG] [mixin/]: Registering mixin config: necronomicon.forge.mixins.json
[19Dec2025 00:54:40.221] [main/DEBUG] [mixin/]: Compatibility level JAVA_16 specified by necronomicon.forge.mixins.json is higher than the maximum level supported by this version of mixin (JAVA_13).
[19Dec2025 00:54:40.221] [main/ERROR] [mixin/]: Mixin config necronomicon.forge.mixins.json does not specify "minVersion" property
[19Dec2025 00:54:40.221] [main/DEBUG] [mixin/]: Adding mixin platform agents for container SecureJarResource(minechosis)
[19Dec2025 00:54:40.221] [main/DEBUG] [mixin/]: Instancing new MixinPlatformAgentMinecraftForge for SecureJarResource(minechosis)
[19Dec2025 00:54:40.221] [main/DEBUG] [mixin/]: MixinPlatformAgentMinecraftForge rejected container SecureJarResource(minechosis)
[19Dec2025 00:54:40.222] [main/DEBUG] [mixin/]: Instancing new MixinPlatformAgentDefault for SecureJarResource(minechosis)
[19Dec2025 00:54:40.222] [main/DEBUG] [mixin/]: MixinPlatformAgentDefault accepted container SecureJarResource(minechosis)
[19Dec2025 00:54:40.222] [main/DEBUG] [mixin/]: Processing prepare() for PlatformAgent[MixinPlatformAgentDefault:SecureJarResource(minechosis)]
[19Dec2025 00:54:40.222] [main/DEBUG] [mixin/]: Adding mixin platform agents for container SecureJarResource(watching)
[19Dec2025 00:54:40.222] [main/DEBUG] [mixin/]: Instancing new MixinPlatformAgentMinecraftForge for SecureJarResource(watching)
[19Dec2025 00:54:40.222] [main/DEBUG] [mixin/]: MixinPlatformAgentMinecraftForge rejected container SecureJarResource(watching)
[19Dec2025 00:54:40.222] [main/DEBUG] [mixin/]: Instancing new MixinPlatformAgentDefault for SecureJarResource(watching)
[19Dec2025 00:54:40.222] [main/DEBUG] [mixin/]: MixinPlatformAgentDefault accepted container SecureJarResource(watching)
[19Dec2025 00:54:40.222] [main/DEBUG] [mixin/]: Processing prepare() for PlatformAgent[MixinPlatformAgentDefault:SecureJarResource(watching)]
[19Dec2025 00:54:40.222] [main/DEBUG] [mixin/]: Adding mixin platform agents for container SecureJarResource(vivilly_dweller)
[19Dec2025 00:54:40.222] [main/DEBUG] [mixin/]: Instancing new MixinPlatformAgentMinecraftForge for SecureJarResource(vivilly_dweller)
[19Dec2025 00:54:40.222] [main/DEBUG] [mixin/]: MixinPlatformAgentMinecraftForge rejected container SecureJarResource(vivilly_dweller)
[19Dec2025 00:54:40.222] [main/DEBUG] [mixin/]: Instancing new MixinPlatformAgentDefault for SecureJarResource(vivilly_dweller)
[19Dec2025 00:54:40.222] [main/DEBUG] [mixin/]: MixinPlatformAgentDefault accepted container SecureJarResource(vivilly_dweller)
[19Dec2025 00:54:40.222] [main/DEBUG] [mixin/]: Processing prepare() for PlatformAgent[MixinPlatformAgentDefault:SecureJarResource(vivilly_dweller)]
[19Dec2025 00:54:40.222] [main/DEBUG] [mixin/]: Registering mixin config: vivilly_dweller.mixins.json
[19Dec2025 00:54:40.223] [main/DEBUG] [mixin/]: Adding mixin platform agents for container SecureJarResource(spectrelib)
[19Dec2025 00:54:40.223] [main/DEBUG] [mixin/]: Instancing new MixinPlatformAgentMinecraftForge for SecureJarResource(spectrelib)
[19Dec2025 00:54:40.223] [main/DEBUG] [mixin/]: MixinPlatformAgentMinecraftForge rejected container SecureJarResource(spectrelib)
[19Dec2025 00:54:40.223] [main/DEBUG] [mixin/]: Instancing new MixinPlatformAgentDefault for SecureJarResource(spectrelib)
[19Dec2025 00:54:40.223] [main/DEBUG] [mixin/]: MixinPlatformAgentDefault accepted container SecureJarResource(spectrelib)
[19Dec2025 00:54:40.223] [main/DEBUG] [mixin/]: Processing prepare() for PlatformAgent[MixinPlatformAgentDefault:SecureJarResource(spectrelib)]
[19Dec2025 00:54:40.223] [main/DEBUG] [mixin/]: Adding mixin platform agents for container SecureJarResource(fastpaintings)
[19Dec2025 00:54:40.223] [main/DEBUG] [mixin/]: Instancing new MixinPlatformAgentMinecraftForge for SecureJarResource(fastpaintings)
[19Dec2025 00:54:40.223] [main/DEBUG] [mixin/]: MixinPlatformAgentMinecraftForge rejected container SecureJarResource(fastpaintings)
[19Dec2025 00:54:40.223] [main/DEBUG] [mixin/]: Instancing new MixinPlatformAgentDefault for SecureJarResource(fastpaintings)
[19Dec2025 00:54:40.223] [main/DEBUG] [mixin/]: MixinPlatformAgentDefault accepted container SecureJarResource(fastpaintings)
[19Dec2025 00:54:40.223] [main/DEBUG] [mixin/]: Processing prepare() for PlatformAgent[MixinPlatformAgentDefault:SecureJarResource(fastpaintings)]
[19Dec2025 00:54:40.224] [main/DEBUG] [mixin/]: Registering mixin config: fastpaintings.mixins.json
[19Dec2025 00:54:40.225] [main/DEBUG] [mixin/]: Registering mixin config: fastpaintings-forge.mixins.json
[19Dec2025 00:54:40.226] [main/DEBUG] [mixin/]: Adding mixin platform agents for container SecureJarResource(true_herobrine)
[19Dec2025 00:54:40.226] [main/DEBUG] [mixin/]: Instancing new MixinPlatformAgentMinecraftForge for SecureJarResource(true_herobrine)
[19Dec2025 00:54:40.226] [main/DEBUG] [mixin/]: MixinPlatformAgentMinecraftForge rejected container SecureJarResource(true_herobrine)
[19Dec2025 00:54:40.226] [main/DEBUG] [mixin/]: Instancing new MixinPlatformAgentDefault for SecureJarResource(true_herobrine)
[19Dec2025 00:54:40.226] [main/DEBUG] [mixin/]: MixinPlatformAgentDefault accepted container SecureJarResource(true_herobrine)
[19Dec2025 00:54:40.226] [main/DEBUG] [mixin/]: Processing prepare() for PlatformAgent[MixinPlatformAgentDefault:SecureJarResource(true_herobrine)]
[19Dec2025 00:54:40.226] [main/DEBUG] [mixin/]: Adding mixin platform agents for container SecureJarResource(iceberg)
[19Dec2025 00:54:40.226] [main/DEBUG] [mixin/]: Instancing new MixinPlatformAgentMinecraftForge for SecureJarResource(iceberg)
[19Dec2025 00:54:40.226] [main/DEBUG] [mixin/]: MixinPlatformAgentMinecraftForge rejected container SecureJarResource(iceberg)
[19Dec2025 00:54:40.226] [main/DEBUG] [mixin/]: Instancing new MixinPlatformAgentDefault for SecureJarResource(iceberg)
[19Dec2025 00:54:40.226] [main/DEBUG] [mixin/]: MixinPlatformAgentDefault accepted container SecureJarResource(iceberg)
[19Dec2025 00:54:40.226] [main/DEBUG] [mixin/]: Processing prepare() for PlatformAgent[MixinPlatformAgentDefault:SecureJarResource(iceberg)]
[19Dec2025 00:54:40.226] [main/DEBUG] [mixin/]: Registering mixin config: iceberg.mixins.json
[19Dec2025 00:54:40.234] [main/DEBUG] [mixin/]: Adding mixin platform agents for container SecureJarResource(spartanshields)
[19Dec2025 00:54:40.234] [main/DEBUG] [mixin/]: Instancing new MixinPlatformAgentMinecraftForge for SecureJarResource(spartanshields)
[19Dec2025 00:54:40.234] [main/DEBUG] [mixin/]: MixinPlatformAgentMinecraftForge rejected container SecureJarResource(spartanshields)
[19Dec2025 00:54:40.234] [main/DEBUG] [mixin/]: Instancing new MixinPlatformAgentDefault for SecureJarResource(spartanshields)
[19Dec2025 00:54:40.234] [main/DEBUG] [mixin/]: MixinPlatformAgentDefault accepted container SecureJarResource(spartanshields)
[19Dec2025 00:54:40.234] [main/DEBUG] [mixin/]: Processing prepare() for PlatformAgent[MixinPlatformAgentDefault:SecureJarResource(spartanshields)]
[19Dec2025 00:54:40.234] [main/DEBUG] [mixin/]: Adding mixin platform agents for container SecureJarResource(mobsunscreen)
[19Dec2025 00:54:40.234] [main/DEBUG] [mixin/]: Instancing new MixinPlatformAgentMinecraftForge for SecureJarResource(mobsunscreen)
[19Dec2025 00:54:40.234] [main/DEBUG] [mixin/]: MixinPlatformAgentMinecraftForge rejected container SecureJarResource(mobsunscreen)
[19Dec2025 00:54:40.234] [main/DEBUG] [mixin/]: Instancing new MixinPlatformAgentDefault for SecureJarResource(mobsunscreen)
[19Dec2025 00:54:40.234] [main/DEBUG] [mixin/]: MixinPlatformAgentDefault accepted container SecureJarResource(mobsunscreen)
[19Dec2025 00:54:40.234] [main/DEBUG] [mixin/]: Processing prepare() for PlatformAgent[MixinPlatformAgentDefault:SecureJarResource(mobsunscreen)]
[19Dec2025 00:54:40.234] [main/DEBUG] [mixin/]: Adding mixin platform agents for container SecureJarResource(polymorph)
[19Dec2025 00:54:40.234] [main/DEBUG] [mixin/]: Instancing new MixinPlatformAgentMinecraftForge for SecureJarResource(polymorph)
[19Dec2025 00:54:40.234] [main/DEBUG] [mixin/]: MixinPlatformAgentMinecraftForge rejected container SecureJarResource(polymorph)
[19Dec2025 00:54:40.234] [main/DEBUG] [mixin/]: Instancing new MixinPlatformAgentDefault for SecureJarResource(polymorph)
[19Dec2025 00:54:40.235] [main/DEBUG] [mixin/]: MixinPlatformAgentDefault accepted container SecureJarResource(polymorph)
[19Dec2025 00:54:40.235] [main/DEBUG] [mixin/]: Processing prepare() for PlatformAgent[MixinPlatformAgentDefault:SecureJarResource(polymorph)]
[19Dec2025 00:54:40.235] [main/DEBUG] [mixin/]: Registering mixin config: polymorph.mixins.json
[19Dec2025 00:54:40.236] [main/DEBUG] [mixin/]: Registering mixin config: polymorph-integrations.forge.mixins.json
[19Dec2025 00:54:40.237] [main/DEBUG] [mixin/]: Compatibility level JAVA_16 specified by polymorph-integrations.forge.mixins.json is higher than the maximum level supported by this version of mixin (JAVA_13).
[19Dec2025 00:54:40.237] [main/DEBUG] [mixin/]: Adding mixin platform agents for container SecureJarResource(apollyon)
[19Dec2025 00:54:40.237] [main/DEBUG] [mixin/]: Instancing new MixinPlatformAgentMinecraftForge for SecureJarResource(apollyon)
[19Dec2025 00:54:40.237] [main/DEBUG] [mixin/]: MixinPlatformAgentMinecraftForge rejected container SecureJarResource(apollyon)
[19Dec2025 00:54:40.237] [main/DEBUG] [mixin/]: Instancing new MixinPlatformAgentDefault for SecureJarResource(apollyon)
[19Dec2025 00:54:40.237] [main/DEBUG] [mixin/]: MixinPlatformAgentDefault accepted container SecureJarResource(apollyon)
[19Dec2025 00:54:40.237] [main/DEBUG] [mixin/]: Processing prepare() for PlatformAgent[MixinPlatformAgentDefault:SecureJarResource(apollyon)]
[19Dec2025 00:54:40.237] [main/DEBUG] [mixin/]: Adding mixin platform agents for container SecureJarResource(betterchunkloading)
[19Dec2025 00:54:40.238] [main/DEBUG] [mixin/]: Instancing new MixinPlatformAgentMinecraftForge for SecureJarResource(betterchunkloading)
[19Dec2025 00:54:40.238] [main/DEBUG] [mixin/]: MixinPlatformAgentMinecraftForge rejected container SecureJarResource(betterchunkloading)
[19Dec2025 00:54:40.238] [main/DEBUG] [mixin/]: Instancing new MixinPlatformAgentDefault for SecureJarResource(betterchunkloading)
[19Dec2025 00:54:40.238] [main/DEBUG] [mixin/]: MixinPlatformAgentDefault accepted container SecureJarResource(betterchunkloading)
[19Dec2025 00:54:40.238] [main/DEBUG] [mixin/]: Processing prepare() for PlatformAgent[MixinPlatformAgentDefault:SecureJarResource(betterchunkloading)]
[19Dec2025 00:54:40.238] [main/DEBUG] [mixin/]: Registering mixin config: betterchunkloading.mixins.json
[19Dec2025 00:54:40.239] [main/DEBUG] [mixin/]: Adding mixin platform agents for container SecureJarResource(canary)
[19Dec2025 00:54:40.239] [main/DEBUG] [mixin/]: Instancing new MixinPlatformAgentMinecraftForge for SecureJarResource(canary)
[19Dec2025 00:54:40.239] [main/DEBUG] [mixin/]: MixinPlatformAgentMinecraftForge rejected container SecureJarResource(canary)
[19Dec2025 00:54:40.239] [main/DEBUG] [mixin/]: Instancing new MixinPlatformAgentDefault for SecureJarResource(canary)
[19Dec2025 00:54:40.239] [main/DEBUG] [mixin/]: MixinPlatformAgentDefault accepted container SecureJarResource(canary)
[19Dec2025 00:54:40.239] [main/DEBUG] [mixin/]: Processing prepare() for PlatformAgent[MixinPlatformAgentDefault:SecureJarResource(canary)]
[19Dec2025 00:54:40.239] [main/DEBUG] [mixin/]: Registering mixin config: canary.mixins.json
[19Dec2025 00:54:40.241] [main/DEBUG] [mixin/]: Adding mixin platform agents for container SecureJarResource(coroutil)
[19Dec2025 00:54:40.241] [main/DEBUG] [mixin/]: Instancing new MixinPlatformAgentMinecraftForge for SecureJarResource(coroutil)
[19Dec2025 00:54:40.241] [main/DEBUG] [mixin/]: MixinPlatformAgentMinecraftForge rejected container SecureJarResource(coroutil)
[19Dec2025 00:54:40.241] [main/DEBUG] [mixin/]: Instancing new MixinPlatformAgentDefault for SecureJarResource(coroutil)
[19Dec2025 00:54:40.241] [main/DEBUG] [mixin/]: MixinPlatformAgentDefault accepted container SecureJarResource(coroutil)
[19Dec2025 00:54:40.241] [main/DEBUG] [mixin/]: Processing prepare() for PlatformAgent[MixinPlatformAgentDefault:SecureJarResource(coroutil)]
[19Dec2025 00:54:40.241] [main/DEBUG] [mixin/]: Registering mixin config: coroutil.mixins.json
[19Dec2025 00:54:40.242] [main/DEBUG] [mixin/]: Adding mixin platform agents for container SecureJarResource(immediatelyfast)
[19Dec2025 00:54:40.242] [main/DEBUG] [mixin/]: Instancing new MixinPlatformAgentMinecraftForge for SecureJarResource(immediatelyfast)
[19Dec2025 00:54:40.243] [main/DEBUG] [mixin/]: MixinPlatformAgentMinecraftForge rejected container SecureJarResource(immediatelyfast)
[19Dec2025 00:54:40.243] [main/DEBUG] [mixin/]: Instancing new MixinPlatformAgentDefault for SecureJarResource(immediatelyfast)
[19Dec2025 00:54:40.243] [main/DEBUG] [mixin/]: MixinPlatformAgentDefault accepted container SecureJarResource(immediatelyfast)
[19Dec2025 00:54:40.243] [main/DEBUG] [mixin/]: Processing prepare() for PlatformAgent[MixinPlatformAgentDefault:SecureJarResource(immediatelyfast)]
[19Dec2025 00:54:40.243] [main/DEBUG] [mixin/]: Registering mixin config: immediatelyfast-forge.mixins.json
[19Dec2025 00:54:40.244] [main/DEBUG] [mixin/]: Registering mixin config: immediatelyfast-common.mixins.json
[19Dec2025 00:54:40.245] [main/DEBUG] [mixin/]: Adding mixin platform agents for container SecureJarResource(endofherobrine)
[19Dec2025 00:54:40.245] [main/DEBUG] [mixin/]: Instancing new MixinPlatformAgentMinecraftForge for SecureJarResource(endofherobrine)
[19Dec2025 00:54:40.245] [main/DEBUG] [mixin/]: MixinPlatformAgentMinecraftForge rejected container SecureJarResource(endofherobrine)
[19Dec2025 00:54:40.245] [main/DEBUG] [mixin/]: Instancing new MixinPlatformAgentDefault for SecureJarResource(endofherobrine)
[19Dec2025 00:54:40.245] [main/DEBUG] [mixin/]: MixinPlatformAgentDefault accepted container SecureJarResource(endofherobrine)
[19Dec2025 00:54:40.245] [main/DEBUG] [mixin/]: Processing prepare() for PlatformAgent[MixinPlatformAgentDefault:SecureJarResource(endofherobrine)]
[19Dec2025 00:54:40.245] [main/DEBUG] [mixin/]: Registering mixin config: endofherobrine.mixins.json
[19Dec2025 00:54:40.246] [main/DEBUG] [mixin/]: Compatibility level JAVA_16 specified by endofherobrine.mixins.json is higher than the maximum level supported by this version of mixin (JAVA_13).
[19Dec2025 00:54:40.246] [main/DEBUG] [mixin/]: Adding mixin platform agents for container SecureJarResource(fastfurnace)
[19Dec2025 00:54:40.246] [main/DEBUG] [mixin/]: Instancing new MixinPlatformAgentMinecraftForge for SecureJarResource(fastfurnace)
[19Dec2025 00:54:40.247] [main/DEBUG] [mixin/]: MixinPlatformAgentMinecraftForge rejected container SecureJarResource(fastfurnace)
[19Dec2025 00:54:40.247] [main/DEBUG] [mixin/]: Instancing new MixinPlatformAgentDefault for SecureJarResource(fastfurnace)
[19Dec2025 00:54:40.247] [main/DEBUG] [mixin/]: MixinPlatformAgentDefault accepted container SecureJarResource(fastfurnace)
[19Dec2025 00:54:40.247] [main/DEBUG] [mixin/]: Processing prepare() for PlatformAgent[MixinPlatformAgentDefault:SecureJarResource(fastfurnace)]
[19Dec2025 00:54:40.247] [main/DEBUG] [mixin/]: Registering mixin config: fastfurnace.mixins.json
[19Dec2025 00:54:40.248] [main/DEBUG] [mixin/]: Compatibility level JAVA_8 specified by fastfurnace.mixins.json is lower than the default level supported by the current mixin service (JAVA_16).
[19Dec2025 00:54:40.248] [main/DEBUG] [mixin/]: Adding mixin platform agents for container SecureJarResource(bwrtherain)
[19Dec2025 00:54:40.248] [main/DEBUG] [mixin/]: Instancing new MixinPlatformAgentMinecraftForge for SecureJarResource(bwrtherain)
[19Dec2025 00:54:40.248] [main/DEBUG] [mixin/]: MixinPlatformAgentMinecraftForge rejected container SecureJarResource(bwrtherain)
[19Dec2025 00:54:40.248] [main/DEBUG] [mixin/]: Instancing new MixinPlatformAgentDefault for SecureJarResource(bwrtherain)
[19Dec2025 00:54:40.248] [main/DEBUG] [mixin/]: MixinPlatformAgentDefault accepted container SecureJarResource(bwrtherain)
[19Dec2025 00:54:40.248] [main/DEBUG] [mixin/]: Processing prepare() for PlatformAgent[MixinPlatformAgentDefault:SecureJarResource(bwrtherain)]
[19Dec2025 00:54:40.248] [main/DEBUG] [mixin/]: Adding mixin platform agents for container SecureJarResource(shy_guy)
[19Dec2025 00:54:40.248] [main/DEBUG] [mixin/]: Instancing new MixinPlatformAgentMinecraftForge for SecureJarResource(shy_guy)
[19Dec2025 00:54:40.248] [main/DEBUG] [mixin/]: MixinPlatformAgentMinecraftForge rejected container SecureJarResource(shy_guy)
[19Dec2025 00:54:40.248] [main/DEBUG] [mixin/]: Instancing new MixinPlatformAgentDefault for SecureJarResource(shy_guy)
[19Dec2025 00:54:40.248] [main/DEBUG] [mixin/]: MixinPlatformAgentDefault accepted container SecureJarResource(shy_guy)
[19Dec2025 00:54:40.248] [main/DEBUG] [mixin/]: Processing prepare() for PlatformAgent[MixinPlatformAgentDefault:SecureJarResource(shy_guy)]
[19Dec2025 00:54:40.249] [main/DEBUG] [mixin/]: Adding mixin platform agents for container SecureJarResource(ferritecore)
[19Dec2025 00:54:40.249] [main/DEBUG] [mixin/]: Instancing new MixinPlatformAgentMinecraftForge for SecureJarResource(ferritecore)
[19Dec2025 00:54:40.249] [main/DEBUG] [mixin/]: MixinPlatformAgentMinecraftForge rejected container SecureJarResource(ferritecore)
[19Dec2025 00:54:40.249] [main/DEBUG] [mixin/]: Instancing new MixinPlatformAgentDefault for SecureJarResource(ferritecore)
[19Dec2025 00:54:40.249] [main/DEBUG] [mixin/]: MixinPlatformAgentDefault accepted container SecureJarResource(ferritecore)
[19Dec2025 00:54:40.249] [main/DEBUG] [mixin/]: Processing prepare() for PlatformAgent[MixinPlatformAgentDefault:SecureJarResource(ferritecore)]
[19Dec2025 00:54:40.249] [main/DEBUG] [mixin/]: Registering mixin config: ferritecore.predicates.mixin.json
[19Dec2025 00:54:40.250] [main/DEBUG] [mixin/]: Registering mixin config: ferritecore.fastmap.mixin.json
[19Dec2025 00:54:40.251] [main/DEBUG] [mixin/]: Registering mixin config: ferritecore.mrl.mixin.json
[19Dec2025 00:54:40.252] [main/DEBUG] [mixin/]: Registering mixin config: ferritecore.dedupmultipart.mixin.json
[19Dec2025 00:54:40.253] [main/DEBUG] [mixin/]: Registering mixin config: ferritecore.blockstatecache.mixin.json
[19Dec2025 00:54:40.254] [main/DEBUG] [mixin/]: Registering mixin config: ferritecore.dedupbakedquad.mixin.json
[19Dec2025 00:54:40.255] [main/DEBUG] [mixin/]: Registering mixin config: ferritecore.threaddetec.mixin.json
[19Dec2025 00:54:40.256] [main/DEBUG] [mixin/]: Adding mixin platform agents for container SecureJarResource(puzzleslib)
[19Dec2025 00:54:40.256] [main/DEBUG] [mixin/]: Instancing new MixinPlatformAgentMinecraftForge for SecureJarResource(puzzleslib)
[19Dec2025 00:54:40.256] [main/DEBUG] [mixin/]: MixinPlatformAgentMinecraftForge rejected container SecureJarResource(puzzleslib)
[19Dec2025 00:54:40.256] [main/DEBUG] [mixin/]: Instancing new MixinPlatformAgentDefault for SecureJarResource(puzzleslib)
[19Dec2025 00:54:40.256] [main/DEBUG] [mixin/]: MixinPlatformAgentDefault accepted container SecureJarResource(puzzleslib)
[19Dec2025 00:54:40.256] [main/DEBUG] [mixin/]: Processing prepare() for PlatformAgent[MixinPlatformAgentDefault:SecureJarResource(puzzleslib)]
[19Dec2025 00:54:40.256] [main/DEBUG] [mixin/]: Registering mixin config: puzzleslib.common.mixins.json
[19Dec2025 00:54:40.258] [main/DEBUG] [mixin/]: Registering mixin config: puzzleslib.forge.mixins.json
[19Dec2025 00:54:40.259] [main/DEBUG] [mixin/]: Adding mixin platform agents for container SecureJarResource(the_knocker)
[19Dec2025 00:54:40.259] [main/DEBUG] [mixin/]: Instancing new MixinPlatformAgentMinecraftForge for SecureJarResource(the_knocker)
[19Dec2025 00:54:40.259] [main/DEBUG] [mixin/]: MixinPlatformAgentMinecraftForge rejected container SecureJarResource(the_knocker)
[19Dec2025 00:54:40.259] [main/DEBUG] [mixin/]: Instancing new MixinPlatformAgentDefault for SecureJarResource(the_knocker)
[19Dec2025 00:54:40.259] [main/DEBUG] [mixin/]: MixinPlatformAgentDefault accepted container SecureJarResource(the_knocker)
[19Dec2025 00:54:40.259] [main/DEBUG] [mixin/]: Processing prepare() for PlatformAgent[MixinPlatformAgentDefault:SecureJarResource(the_knocker)]
[19Dec2025 00:54:40.259] [main/DEBUG] [mixin/]: Adding mixin platform agents for container SecureJarResource(packetfixer)
[19Dec2025 00:54:40.259] [main/DEBUG] [mixin/]: Instancing new MixinPlatformAgentMinecraftForge for SecureJarResource(packetfixer)
[19Dec2025 00:54:40.259] [main/DEBUG] [mixin/]: MixinPlatformAgentMinecraftForge rejected container SecureJarResource(packetfixer)
[19Dec2025 00:54:40.259] [main/DEBUG] [mixin/]: Instancing new MixinPlatformAgentDefault for SecureJarResource(packetfixer)
[19Dec2025 00:54:40.259] [main/DEBUG] [mixin/]: MixinPlatformAgentDefault accepted container SecureJarResource(packetfixer)
[19Dec2025 00:54:40.259] [main/DEBUG] [mixin/]: Processing prepare() for PlatformAgent[MixinPlatformAgentDefault:SecureJarResource(packetfixer)]
[19Dec2025 00:54:40.259] [main/DEBUG] [mixin/]: Registering mixin config: packetfixer-common.mixins.json
[19Dec2025 00:54:40.260] [main/DEBUG] [mixin/]: Registering mixin config: packetfixer-forge.mixins.json
[19Dec2025 00:54:40.261] [main/DEBUG] [mixin/]: Adding mixin platform agents for container SecureJarResource(cartoon_dweller)
[19Dec2025 00:54:40.261] [main/DEBUG] [mixin/]: Instancing new MixinPlatformAgentMinecraftForge for SecureJarResource(cartoon_dweller)
[19Dec2025 00:54:40.261] [main/DEBUG] [mixin/]: MixinPlatformAgentMinecraftForge rejected container SecureJarResource(cartoon_dweller)
[19Dec2025 00:54:40.261] [main/DEBUG] [mixin/]: Instancing new MixinPlatformAgentDefault for SecureJarResource(cartoon_dweller)
[19Dec2025 00:54:40.261] [main/DEBUG] [mixin/]: MixinPlatformAgentDefault accepted container SecureJarResource(cartoon_dweller)
[19Dec2025 00:54:40.262] [main/DEBUG] [mixin/]: Processing prepare() for PlatformAgent[MixinPlatformAgentDefault:SecureJarResource(cartoon_dweller)]
[19Dec2025 00:54:40.262] [main/DEBUG] [mixin/]: Registering mixin config: cartoon_dweller.mixins.json
[19Dec2025 00:54:40.262] [main/DEBUG] [mixin/]: Adding mixin platform agents for container SecureJarResource(chunksending)
[19Dec2025 00:54:40.263] [main/DEBUG] [mixin/]: Instancing new MixinPlatformAgentMinecraftForge for SecureJarResource(chunksending)
[19Dec2025 00:54:40.263] [main/DEBUG] [mixin/]: MixinPlatformAgentMinecraftForge rejected container SecureJarResource(chunksending)
[19Dec2025 00:54:40.263] [main/DEBUG] [mixin/]: Instancing new MixinPlatformAgentDefault for SecureJarResource(chunksending)
[19Dec2025 00:54:40.263] [main/DEBUG] [mixin/]: MixinPlatformAgentDefault accepted container SecureJarResource(chunksending)
[19Dec2025 00:54:40.263] [main/DEBUG] [mixin/]: Processing prepare() for PlatformAgent[MixinPlatformAgentDefault:SecureJarResource(chunksending)]
[19Dec2025 00:54:40.263] [main/DEBUG] [mixin/]: Registering mixin config: chunksending.mixins.json
[19Dec2025 00:54:40.264] [main/DEBUG] [mixin/]: Adding mixin platform agents for container SecureJarResource(responsiveshields)
[19Dec2025 00:54:40.264] [main/DEBUG] [mixin/]: Instancing new MixinPlatformAgentMinecraftForge for SecureJarResource(responsiveshields)
[19Dec2025 00:54:40.264] [main/DEBUG] [mixin/]: MixinPlatformAgentMinecraftForge rejected container SecureJarResource(responsiveshields)
[19Dec2025 00:54:40.264] [main/DEBUG] [mixin/]: Instancing new MixinPlatformAgentDefault for SecureJarResource(responsiveshields)
[19Dec2025 00:54:40.264] [main/DEBUG] [mixin/]: MixinPlatformAgentDefault accepted container SecureJarResource(responsiveshields)
[19Dec2025 00:54:40.264] [main/DEBUG] [mixin/]: Processing prepare() for PlatformAgent[MixinPlatformAgentDefault:SecureJarResource(responsiveshields)]
[19Dec2025 00:54:40.264] [main/DEBUG] [mixin/]: Registering mixin config: responsiveshields.mixin.json
[19Dec2025 00:54:40.266] [main/DEBUG] [mixin/]: Adding mixin platform agents for container SecureJarResource(mixinextras)
[19Dec2025 00:54:40.266] [main/DEBUG] [mixin/]: Instancing new MixinPlatformAgentMinecraftForge for SecureJarResource(mixinextras)
[19Dec2025 00:54:40.266] [main/DEBUG] [mixin/]: MixinPlatformAgentMinecraftForge rejected container SecureJarResource(mixinextras)
[19Dec2025 00:54:40.266] [main/DEBUG] [mixin/]: Instancing new MixinPlatformAgentDefault for SecureJarResource(mixinextras)
[19Dec2025 00:54:40.266] [main/DEBUG] [mixin/]: MixinPlatformAgentDefault accepted container SecureJarResource(mixinextras)
[19Dec2025 00:54:40.266] [main/DEBUG] [mixin/]: Processing prepare() for PlatformAgent[MixinPlatformAgentDefault:SecureJarResource(mixinextras)]
[19Dec2025 00:54:40.266] [main/DEBUG] [mixin/]: Registering mixin config: mixinextras.init.mixins.json
[19Dec2025 00:54:40.267] [main/DEBUG] [mixin/]: Adding mixin platform agents for container SecureJarResource(Reflect)
[19Dec2025 00:54:40.267] [main/DEBUG] [mixin/]: Instancing new MixinPlatformAgentMinecraftForge for SecureJarResource(Reflect)
[19Dec2025 00:54:40.267] [main/DEBUG] [mixin/]: MixinPlatformAgentMinecraftForge rejected container SecureJarResource(Reflect)
[19Dec2025 00:54:40.267] [main/DEBUG] [mixin/]: Instancing new MixinPlatformAgentDefault for SecureJarResource(Reflect)
[19Dec2025 00:54:40.267] [main/DEBUG] [mixin/]: MixinPlatformAgentDefault accepted container SecureJarResource(Reflect)
[19Dec2025 00:54:40.267] [main/DEBUG] [mixin/]: Processing prepare() for PlatformAgent[MixinPlatformAgentDefault:SecureJarResource(Reflect)]
[19Dec2025 00:54:40.267] [main/DEBUG] [mixin/]: Adding mixin platform agents for container SecureJarResource(MixinExtras)
[19Dec2025 00:54:40.267] [main/DEBUG] [mixin/]: Instancing new MixinPlatformAgentMinecraftForge for SecureJarResource(MixinExtras)
[19Dec2025 00:54:40.267] [main/DEBUG] [mixin/]: MixinPlatformAgentMinecraftForge rejected container SecureJarResource(MixinExtras)
[19Dec2025 00:54:40.268] [main/DEBUG] [mixin/]: Instancing new MixinPlatformAgentDefault for SecureJarResource(MixinExtras)
[19Dec2025 00:54:40.268] [main/DEBUG] [mixin/]: MixinPlatformAgentDefault accepted container SecureJarResource(MixinExtras)
[19Dec2025 00:54:40.268] [main/DEBUG] [mixin/]: Processing prepare() for PlatformAgent[MixinPlatformAgentDefault:SecureJarResource(MixinExtras)]
[19Dec2025 00:54:40.268] [main/DEBUG] [mixin/]: inject() running with 106 agents
[19Dec2025 00:54:40.268] [main/DEBUG] [mixin/]: Processing inject() for PlatformAgent[MixinPlatformAgentDefault:ModLauncher Root Container(ModLauncher:4f56a0a2)]
[19Dec2025 00:54:40.268] [main/DEBUG] [mixin/]: Processing inject() for PlatformAgent[MixinPlatformAgentDefault:SecureJarResource(kubejs)]
[19Dec2025 00:54:40.268] [main/DEBUG] [mixin/]: Processing inject() for PlatformAgent[MixinPlatformAgentDefault:SecureJarResource(notenoughcrashes)]
[19Dec2025 00:54:40.268] [main/DEBUG] [mixin/]: Processing inject() for PlatformAgent[MixinPlatformAgentDefault:SecureJarResource(playeranimator)]
[19Dec2025 00:54:40.268] [main/DEBUG] [mixin/]: Processing inject() for PlatformAgent[MixinPlatformAgentDefault:SecureJarResource(rolling_giant)]
[19Dec2025 00:54:40.268] [main/DEBUG] [mixin/]: Processing inject() for PlatformAgent[MixinPlatformAgentDefault:SecureJarResource(connectivity)]
[19Dec2025 00:54:40.268] [main/DEBUG] [mixin/]: Processing inject() for PlatformAgent[MixinPlatformAgentDefault:SecureJarResource(blanketghost)]
[19Dec2025 00:54:40.268] [main/DEBUG] [mixin/]: Processing inject() for PlatformAgent[MixinPlatformAgentDefault:SecureJarResource(insanelib)]
[19Dec2025 00:54:40.268] [main/DEBUG] [mixin/]: Processing inject() for PlatformAgent[MixinPlatformAgentDefault:SecureJarResource(modernfix)]
[19Dec2025 00:54:40.268] [main/DEBUG] [mixin/]: Processing inject() for PlatformAgent[MixinPlatformAgentDefault:SecureJarResource(placebo)]
[19Dec2025 00:54:40.268] [main/DEBUG] [mixin/]: Processing inject() for PlatformAgent[MixinPlatformAgentDefault:SecureJarResource(zombieawareness)]
[19Dec2025 00:54:40.268] [main/DEBUG] [mixin/]: Processing inject() for PlatformAgent[MixinPlatformAgentDefault:SecureJarResource(item_obliterator)]
[19Dec2025 00:54:40.268] [main/DEBUG] [mixin/]: Processing inject() for PlatformAgent[MixinPlatformAgentDefault:SecureJarResource(cave_dweller)]
[19Dec2025 00:54:40.268] [main/DEBUG] [mixin/]: Processing inject() for PlatformAgent[MixinPlatformAgentDefault:SecureJarResource(sleepnt_mod)]
[19Dec2025 00:54:40.268] [main/DEBUG] [mixin/]: Processing inject() for PlatformAgent[MixinPlatformAgentDefault:SecureJarResource(balm)]
[19Dec2025 00:54:40.268] [main/DEBUG] [mixin/]: Processing inject() for PlatformAgent[MixinPlatformAgentDefault:SecureJarResource(immersive_armors)]
[19Dec2025 00:54:40.268] [main/DEBUG] [mixin/]: Processing inject() for PlatformAgent[MixinPlatformAgentDefault:SecureJarResource(steve_dweller)]
[19Dec2025 00:54:40.268] [main/DEBUG] [mixin/]: Processing inject() for PlatformAgent[MixinPlatformAgentDefault:SecureJarResource(cloth_config)]
[19Dec2025 00:54:40.268] [main/DEBUG] [mixin/]: Processing inject() for PlatformAgent[MixinPlatformAgentDefault:SecureJarResource(emojiful)]
[19Dec2025 00:54:40.268] [main/DEBUG] [mixin/]: Processing inject() for PlatformAgent[MixinPlatformAgentDefault:SecureJarResource(novillagerdm)]
[19Dec2025 00:54:40.269] [main/DEBUG] [mixin/]: Processing inject() for PlatformAgent[MixinPlatformAgentDefault:SecureJarResource(the_one_who_watches)]
[19Dec2025 00:54:40.269] [main/DEBUG] [mixin/]: Processing inject() for PlatformAgent[MixinPlatformAgentDefault:SecureJarResource(advancementplaques)]
[19Dec2025 00:54:40.269] [main/DEBUG] [mixin/]: Processing inject() for PlatformAgent[MixinPlatformAgentDefault:SecureJarResource(bcc)]
[19Dec2025 00:54:40.269] [main/DEBUG] [mixin/]: Processing inject() for PlatformAgent[MixinPlatformAgentDefault:SecureJarResource(mokey)]
[19Dec2025 00:54:40.269] [main/DEBUG] [mixin/]: Processing inject() for PlatformAgent[MixinPlatformAgentDefault:SecureJarResource(clockwork)]
[19Dec2025 00:54:40.269] [main/DEBUG] [mixin/]: Processing inject() for PlatformAgent[MixinPlatformAgentDefault:SecureJarResource(twm)]
[19Dec2025 00:54:40.269] [main/DEBUG] [mixin/]: Processing inject() for PlatformAgent[MixinPlatformAgentDefault:SecureJarResource(chunky)]
[19Dec2025 00:54:40.269] [main/DEBUG] [mixin/]: Processing inject() for PlatformAgent[MixinPlatformAgentDefault:SecureJarResource(demonic_watcher)]
[19Dec2025 00:54:40.269] [main/DEBUG] [mixin/]: Processing inject() for PlatformAgent[MixinPlatformAgentDefault:SecureJarResource(spark)]
[19Dec2025 00:54:40.269] [main/DEBUG] [mixin/]: Processing inject() for PlatformAgent[MixinPlatformAgentDefault:SecureJarResource(rightclickharvest)]
[19Dec2025 00:54:40.269] [main/DEBUG] [mixin/]: Processing inject() for PlatformAgent[MixinPlatformAgentDefault:SecureJarResource(collective)]
[19Dec2025 00:54:40.269] [main/DEBUG] [mixin/]: Processing inject() for PlatformAgent[MixinPlatformAgentDefault:SecureJarResource(man)]
[19Dec2025 00:54:40.269] [main/DEBUG] [mixin/]: Processing inject() for PlatformAgent[MixinPlatformAgentDefault:SecureJarResource(arphex)]
[19Dec2025 00:54:40.269] [main/DEBUG] [mixin/]: Processing inject() for PlatformAgent[MixinPlatformAgentDefault:SecureJarResource(zombies_reworked)]
[19Dec2025 00:54:40.269] [main/DEBUG] [mixin/]: Processing inject() for PlatformAgent[MixinPlatformAgentDefault:SecureJarResource(architectury)]
[19Dec2025 00:54:40.269] [main/DEBUG] [mixin/]: Processing inject() for PlatformAgent[MixinPlatformAgentDefault:SecureJarResource(cupboard)]
[19Dec2025 00:54:40.269] [main/DEBUG] [mixin/]: Processing inject() for PlatformAgent[MixinPlatformAgentDefault:SecureJarResource(enhancedai)]
[19Dec2025 00:54:40.269] [main/DEBUG] [mixin/]: Processing inject() for PlatformAgent[MixinPlatformAgentDefault:SecureJarResource(torture)]
[19Dec2025 00:54:40.269] [main/DEBUG] [mixin/]: Processing inject() for PlatformAgent[MixinPlatformAgentDefault:SecureJarResource(geckolib3)]
[19Dec2025 00:54:40.269] [main/DEBUG] [mixin/]: Processing inject() for PlatformAgent[MixinPlatformAgentDefault:SecureJarResource(majruszlibrary)]
[19Dec2025 00:54:40.269] [main/DEBUG] [mixin/]: Processing inject() for PlatformAgent[MixinPlatformAgentDefault:SecureJarResource(betteradvancements)]
[19Dec2025 00:54:40.269] [main/DEBUG] [mixin/]: Processing inject() for PlatformAgent[MixinPlatformAgentDefault:SecureJarResource(inventorysorter)]
[19Dec2025 00:54:40.269] [main/DEBUG] [mixin/]: Processing inject() for PlatformAgent[MixinPlatformAgentDefault:SecureJarResource(rhino)]
[19Dec2025 00:54:40.269] [main/DEBUG] [mixin/]: Processing inject() for PlatformAgent[MixinPlatformAgentDefault:SecureJarResource(fastload)]
[19Dec2025 00:54:40.269] [main/DEBUG] [mixin/]: Processing inject() for PlatformAgent[MixinPlatformAgentDefault:SecureJarResource(endertrigon)]
[19Dec2025 00:54:40.269] [main/DEBUG] [mixin/]: Processing inject() for PlatformAgent[MixinPlatformAgentDefault:SecureJarResource(spiderstpo)]
[19Dec2025 00:54:40.269] [main/DEBUG] [mixin/]: Processing inject() for PlatformAgent[MixinPlatformAgentDefault:SecureJarResource(the_rake)]
[19Dec2025 00:54:40.269] [main/DEBUG] [mixin/]: Processing inject() for PlatformAgent[MixinPlatformAgentDefault:SecureJarResource(jei)]
[19Dec2025 00:54:40.269] [main/DEBUG] [mixin/]: Processing inject() for PlatformAgent[MixinPlatformAgentDefault:SecureJarResource(visualworkbench)]
[19Dec2025 00:54:40.269] [main/DEBUG] [mixin/]: Processing inject() for PlatformAgent[MixinPlatformAgentDefault:SecureJarResource(builder_bear)]
[19Dec2025 00:54:40.269] [main/DEBUG] [mixin/]: Processing inject() for PlatformAgent[MixinPlatformAgentDefault:SecureJarResource(the_cuckoo_clock)]
[19Dec2025 00:54:40.269] [main/DEBUG] [mixin/]: Processing inject() for PlatformAgent[MixinPlatformAgentDefault:SecureJarResource(clumps)]
[19Dec2025 00:54:40.269] [main/DEBUG] [mixin/]: Processing inject() for PlatformAgent[MixinPlatformAgentDefault:SecureJarResource(fastsuite)]
[19Dec2025 00:54:40.269] [main/DEBUG] [mixin/]: Processing inject() for PlatformAgent[MixinPlatformAgentDefault:SecureJarResource(shutupexperimentalsettings)]
[19Dec2025 00:54:40.269] [main/DEBUG] [mixin/]: Processing inject() for PlatformAgent[MixinPlatformAgentDefault:SecureJarResource(badmobs)]
[19Dec2025 00:54:40.269] [main/DEBUG] [mixin/]: Processing inject() for PlatformAgent[MixinPlatformAgentDefault:SecureJarResource(beautifiedchatserver)]
[19Dec2025 00:54:40.270] [main/DEBUG] [mixin/]: Processing inject() for PlatformAgent[MixinPlatformAgentDefault:SecureJarResource(farsightedmobs)]
[19Dec2025 00:54:40.270] [main/DEBUG] [mixin/]: Processing inject() for PlatformAgent[MixinPlatformAgentDefault:SecureJarResource(lazydfu)]
[19Dec2025 00:54:40.270] [main/DEBUG] [mixin/]: Processing inject() for PlatformAgent[MixinPlatformAgentDefault:SecureJarResource(realistictorches)]
[19Dec2025 00:54:40.270] [main/DEBUG] [mixin/]: Processing inject() for PlatformAgent[MixinPlatformAgentDefault:SecureJarResource(the_sculpture)]
[19Dec2025 00:54:40.270] [main/DEBUG] [mixin/]: Processing inject() for PlatformAgent[MixinPlatformAgentDefault:SecureJarResource(watut)]
[19Dec2025 00:54:40.270] [main/DEBUG] [mixin/]: Processing inject() for PlatformAgent[MixinPlatformAgentDefault:SecureJarResource(forge)]
[19Dec2025 00:54:40.270] [main/DEBUG] [mixin/]: Processing inject() for PlatformAgent[MixinPlatformAgentDefault:SecureJarResource(thepossessivemask)]
[19Dec2025 00:54:40.270] [main/DEBUG] [mixin/]: Processing inject() for PlatformAgent[MixinPlatformAgentDefault:SecureJarResource(toofast)]
[19Dec2025 00:54:40.270] [main/DEBUG] [mixin/]: Processing inject() for PlatformAgent[MixinPlatformAgentDefault:SecureJarResource(logbegone)]
[19Dec2025 00:54:40.270] [main/DEBUG] [mixin/]: Processing inject() for PlatformAgent[MixinPlatformAgentDefault:SecureJarResource(emotecraft)]
[19Dec2025 00:54:40.270] [main/DEBUG] [mixin/]: Processing inject() for PlatformAgent[MixinPlatformAgentDefault:SecureJarResource(eyesinthedark)]
[19Dec2025 00:54:40.270] [main/DEBUG] [mixin/]: Processing inject() for PlatformAgent[MixinPlatformAgentDefault:SecureJarResource(craftingtweaks)]
[19Dec2025 00:54:40.270] [main/DEBUG] [mixin/]: Processing inject() for PlatformAgent[MixinPlatformAgentDefault:SecureJarResource(logprot)]
[19Dec2025 00:54:40.270] [main/DEBUG] [mixin/]: Processing inject() for PlatformAgent[MixinPlatformAgentDefault:SecureJarResource(smoothchunk)]
[19Dec2025 00:54:40.270] [main/DEBUG] [mixin/]: Processing inject() for PlatformAgent[MixinPlatformAgentDefault:SecureJarResource(minecraft)]
[19Dec2025 00:54:40.270] [main/DEBUG] [mixin/]: Processing inject() for PlatformAgent[MixinPlatformAgentDefault:SecureJarResource(simplebackups)]
[19Dec2025 00:54:40.270] [main/DEBUG] [mixin/]: Processing inject() for PlatformAgent[MixinPlatformAgentDefault:SecureJarResource(simplyswords)]
[19Dec2025 00:54:40.270] [main/DEBUG] [mixin/]: Processing inject() for PlatformAgent[MixinPlatformAgentDefault:SecureJarResource(moonlight)]
[19Dec2025 00:54:40.270] [main/DEBUG] [mixin/]: Processing inject() for PlatformAgent[MixinPlatformAgentDefault:SecureJarResource(bettercombat)]
[19Dec2025 00:54:40.270] [main/DEBUG] [mixin/]: Processing inject() for PlatformAgent[MixinPlatformAgentDefault:SecureJarResource(kim_dweller)]
[19Dec2025 00:54:40.270] [main/DEBUG] [mixin/]: Processing inject() for PlatformAgent[MixinPlatformAgentDefault:SecureJarResource(necronomicon)]
[19Dec2025 00:54:40.270] [main/DEBUG] [mixin/]: Processing inject() for PlatformAgent[MixinPlatformAgentDefault:SecureJarResource(minechosis)]
[19Dec2025 00:54:40.270] [main/DEBUG] [mixin/]: Processing inject() for PlatformAgent[MixinPlatformAgentDefault:SecureJarResource(watching)]
[19Dec2025 00:54:40.270] [main/DEBUG] [mixin/]: Processing inject() for PlatformAgent[MixinPlatformAgentDefault:SecureJarResource(vivilly_dweller)]
[19Dec2025 00:54:40.270] [main/DEBUG] [mixin/]: Processing inject() for PlatformAgent[MixinPlatformAgentDefault:SecureJarResource(spectrelib)]
[19Dec2025 00:54:40.270] [main/DEBUG] [mixin/]: Processing inject() for PlatformAgent[MixinPlatformAgentDefault:SecureJarResource(fastpaintings)]
[19Dec2025 00:54:40.270] [main/DEBUG] [mixin/]: Processing inject() for PlatformAgent[MixinPlatformAgentDefault:SecureJarResource(true_herobrine)]
[19Dec2025 00:54:40.270] [main/DEBUG] [mixin/]: Processing inject() for PlatformAgent[MixinPlatformAgentDefault:SecureJarResource(iceberg)]
[19Dec2025 00:54:40.270] [main/DEBUG] [mixin/]: Processing inject() for PlatformAgent[MixinPlatformAgentDefault:SecureJarResource(spartanshields)]
[19Dec2025 00:54:40.271] [main/DEBUG] [mixin/]: Processing inject() for PlatformAgent[MixinPlatformAgentDefault:SecureJarResource(mobsunscreen)]
[19Dec2025 00:54:40.271] [main/DEBUG] [mixin/]: Processing inject() for PlatformAgent[MixinPlatformAgentDefault:SecureJarResource(polymorph)]
[19Dec2025 00:54:40.271] [main/DEBUG] [mixin/]: Processing inject() for PlatformAgent[MixinPlatformAgentDefault:SecureJarResource(apollyon)]
[19Dec2025 00:54:40.271] [main/DEBUG] [mixin/]: Processing inject() for PlatformAgent[MixinPlatformAgentDefault:SecureJarResource(betterchunkloading)]
[19Dec2025 00:54:40.271] [main/DEBUG] [mixin/]: Processing inject() for PlatformAgent[MixinPlatformAgentDefault:SecureJarResource(canary)]
[19Dec2025 00:54:40.271] [main/DEBUG] [mixin/]: Processing inject() for PlatformAgent[MixinPlatformAgentDefault:SecureJarResource(coroutil)]
[19Dec2025 00:54:40.271] [main/DEBUG] [mixin/]: Processing inject() for PlatformAgent[MixinPlatformAgentDefault:SecureJarResource(immediatelyfast)]
[19Dec2025 00:54:40.271] [main/DEBUG] [mixin/]: Processing inject() for PlatformAgent[MixinPlatformAgentDefault:SecureJarResource(endofherobrine)]
[19Dec2025 00:54:40.271] [main/DEBUG] [mixin/]: Processing inject() for PlatformAgent[MixinPlatformAgentDefault:SecureJarResource(fastfurnace)]
[19Dec2025 00:54:40.271] [main/DEBUG] [mixin/]: Processing inject() for PlatformAgent[MixinPlatformAgentDefault:SecureJarResource(bwrtherain)]
[19Dec2025 00:54:40.271] [main/DEBUG] [mixin/]: Processing inject() for PlatformAgent[MixinPlatformAgentDefault:SecureJarResource(shy_guy)]
[19Dec2025 00:54:40.271] [main/DEBUG] [mixin/]: Processing inject() for PlatformAgent[MixinPlatformAgentDefault:SecureJarResource(ferritecore)]
[19Dec2025 00:54:40.271] [main/DEBUG] [mixin/]: Processing inject() for PlatformAgent[MixinPlatformAgentDefault:SecureJarResource(puzzleslib)]
[19Dec2025 00:54:40.271] [main/DEBUG] [mixin/]: Processing inject() for PlatformAgent[MixinPlatformAgentDefault:SecureJarResource(the_knocker)]
[19Dec2025 00:54:40.271] [main/DEBUG] [mixin/]: Processing inject() for PlatformAgent[MixinPlatformAgentDefault:SecureJarResource(packetfixer)]
[19Dec2025 00:54:40.271] [main/DEBUG] [mixin/]: Processing inject() for PlatformAgent[MixinPlatformAgentDefault:SecureJarResource(cartoon_dweller)]
[19Dec2025 00:54:40.271] [main/DEBUG] [mixin/]: Processing inject() for PlatformAgent[MixinPlatformAgentDefault:SecureJarResource(chunksending)]
[19Dec2025 00:54:40.271] [main/DEBUG] [mixin/]: Processing inject() for PlatformAgent[MixinPlatformAgentDefault:SecureJarResource(responsiveshields)]
[19Dec2025 00:54:40.272] [main/DEBUG] [mixin/]: Processing inject() for PlatformAgent[MixinPlatformAgentDefault:SecureJarResource(mixinextras)]
[19Dec2025 00:54:40.272] [main/DEBUG] [mixin/]: Processing inject() for PlatformAgent[MixinPlatformAgentDefault:SecureJarResource(Reflect)]
[19Dec2025 00:54:40.272] [main/DEBUG] [mixin/]: Processing inject() for PlatformAgent[MixinPlatformAgentDefault:SecureJarResource(MixinExtras)]
[19Dec2025 00:54:40.272] [main/INFO] [cpw.mods.modlauncher.LaunchServiceHandler/MODLAUNCHER]: Launching target 'forgeserver' with arguments [nogui]
[19Dec2025 00:54:40.349] [main/DEBUG] [mixin/]: Error cleaning class output directory: .mixin.out
[19Dec2025 00:54:40.351] [main/DEBUG] [mixin/]: Preparing mixins for MixinEnvironment[DEFAULT]
[19Dec2025 00:54:40.351] [main/DEBUG] [mixin/]: Selecting config kubejs-forge.mixins.json
[19Dec2025 00:54:40.355] [main/DEBUG] [mixin/]: Selecting config kubejs-common.mixins.json
[19Dec2025 00:54:40.360] [main/DEBUG] [mixin/]: Selecting config notenoughcrashes.mixins.json
[19Dec2025 00:54:40.363] [main/DEBUG] [mixin/]: Selecting config notenoughcrashes.forge.mixins.json
[19Dec2025 00:54:40.366] [main/DEBUG] [mixin/]: Selecting config playerAnimator-common.mixins.json
[19Dec2025 00:54:40.378] [main/DEBUG] [mixin/]: Selecting config connectivity.mixins.json
[19Dec2025 00:54:40.381] [main/DEBUG] [mixin/]: Selecting config insanelib.mixins.json
[19Dec2025 00:54:40.383] [main/WARN] [mixin/]: Reference map 'insanelib.refmap.json' for insanelib.mixins.json could not be read. If this is a development environment you can ignore this message
[19Dec2025 00:54:40.383] [main/DEBUG] [mixin/]: Selecting config modernfix-common.mixins.json
[19Dec2025 00:54:40.535] [main/INFO] [ModernFix/]: Loaded configuration file for ModernFix 5.18.1+mc1.19.2: 87 options available, 1 override(s) found
[19Dec2025 00:54:40.535] [main/WARN] [ModernFix/]: Option 'mixin.bugfix.item_cache_flag' overriden (by mods [canary]) to 'false'
[19Dec2025 00:54:40.536] [main/INFO] [ModernFix/]: Applying Nashorn fix
[19Dec2025 00:54:40.551] [main/INFO] [ModernFix/]: Applied Forge config corruption patch
[19Dec2025 00:54:40.555] [main/DEBUG] [mixin/]: Selecting config modernfix-forge.mixins.json
[19Dec2025 00:54:40.556] [main/DEBUG] [mixin/]: Selecting config placebo.mixins.json
[19Dec2025 00:54:40.557] [main/DEBUG] [mixin/]: Selecting config zombieawareness.mixins.json
[19Dec2025 00:54:40.558] [main/DEBUG] [mixin/]: Selecting config item_obliterator.mixins.json
[19Dec2025 00:54:40.559] [main/DEBUG] [mixin/]: Selecting config cave_dweller.mixins.json
[19Dec2025 00:54:40.561] [main/DEBUG] [mixin/]: Selecting config balm.mixins.json
[19Dec2025 00:54:40.562] [main/DEBUG] [mixin/]: Selecting config immersive_armors.mixins.json
[19Dec2025 00:54:40.563] [main/DEBUG] [mixin/]: Selecting config steve_dweller.mixins.json
[19Dec2025 00:54:40.564] [main/DEBUG] [mixin/]: Selecting config emojiful.mixins.json
[19Dec2025 00:54:40.565] [main/DEBUG] [mixin/]: Selecting config emojiful.forge.mixins.json
[19Dec2025 00:54:40.565] [main/DEBUG] [mixin/]: Selecting config bcc.mixins.json
[19Dec2025 00:54:40.566] [main/DEBUG] [mixin/]: Selecting config mokey.mixins.json
[19Dec2025 00:54:40.566] [main/DEBUG] [mixin/]: Selecting config demonic_watcher.mixins.json
[19Dec2025 00:54:40.567] [main/DEBUG] [mixin/]: Selecting config collective_forge.mixins.json
[19Dec2025 00:54:40.568] [main/DEBUG] [mixin/]: Selecting config architectury.mixins.json
[19Dec2025 00:54:40.570] [main/DEBUG] [mixin/]: Selecting config architectury-common.mixins.json
[19Dec2025 00:54:40.570] [main/DEBUG] [mixin/]: Selecting config cupboard.mixins.json
[19Dec2025 00:54:40.571] [main/DEBUG] [mixin/]: Selecting config enhancedai.mixins.json
[19Dec2025 00:54:40.572] [main/DEBUG] [mixin/]: Selecting config torture.mixins.json
[19Dec2025 00:54:40.573] [main/DEBUG] [mixin/]: Selecting config majruszlibrary-common.mixins.json
[19Dec2025 00:54:40.575] [main/DEBUG] [mixin/]: Selecting config majruszlibrary-forge.mixins.json
[19Dec2025 00:54:40.577] [main/DEBUG] [mixin/]: Selecting config rhino-common.mixins.json
[19Dec2025 00:54:40.578] [main/DEBUG] [mixin/]: Selecting config fastload.mixins.json
[19Dec2025 00:54:40.579] [main/DEBUG] [mixin/]: Selecting config endertrigon.mixins.json
[19Dec2025 00:54:40.580] [main/DEBUG] [mixin/]: Selecting config spiderstpo.mixins.json
[19Dec2025 00:54:40.581] [main/DEBUG] [mixin/]: Selecting config the_rake.mixins.json
[19Dec2025 00:54:40.582] [main/DEBUG] [mixin/]: Selecting config visualworkbench.common.mixins.json
[19Dec2025 00:54:40.582] [main/DEBUG] [mixin/]: Selecting config clumps.mixins.json
[19Dec2025 00:54:40.583] [main/DEBUG] [mixin/]: Selecting config fastsuite.mixins.json
[19Dec2025 00:54:40.584] [main/DEBUG] [mixin/]: Selecting config shutupexperimentalsettings.mixins.json
[19Dec2025 00:54:40.584] [main/DEBUG] [mixin/]: Selecting config beautifiedchatserver_forge.mixins.json
[19Dec2025 00:54:40.585] [main/DEBUG] [mixin/]: Selecting config lazydfu.mixins.json
[19Dec2025 00:54:40.586] [main/DEBUG] [mixin/]: Selecting config watut.mixins.json
[19Dec2025 00:54:40.587] [main/DEBUG] [mixin/]: Selecting config toofast.mixins.json
[19Dec2025 00:54:40.588] [main/DEBUG] [mixin/]: Selecting config emotecraft.mixins.json
[19Dec2025 00:54:40.589] [main/DEBUG] [mixin/]: Selecting config emotecraft-arch.mixins.json
[19Dec2025 00:54:40.592] [main/DEBUG] [mixin/]: Selecting config smoothchunk.mixins.json
[19Dec2025 00:54:40.593] [main/DEBUG] [mixin/]: Selecting config simplyswords-common.mixins.json
[19Dec2025 00:54:40.595] [main/WARN] [mixin/]: Reference map 'simplyswords-common-refmap.json' for simplyswords-common.mixins.json could not be read. If this is a development environment you can ignore this message
[19Dec2025 00:54:40.595] [main/DEBUG] [mixin/]: Selecting config simplyswords.mixins.json
[19Dec2025 00:54:40.596] [main/WARN] [mixin/]: Reference map 'simplyswords-forge-refmap.json' for simplyswords.mixins.json could not be read. If this is a development environment you can ignore this message
[19Dec2025 00:54:40.596] [main/DEBUG] [mixin/]: Selecting config moonlight-common.mixins.json
[19Dec2025 00:54:40.598] [main/DEBUG] [mixin/]: Selecting config moonlight.mixins.json
[19Dec2025 00:54:40.598] [main/DEBUG] [mixin/]: Selecting config bettercombat.mixins.json
[19Dec2025 00:54:40.601] [main/DEBUG] [mixin/]: Selecting config kim_dweller.mixins.json
[19Dec2025 00:54:40.601] [main/DEBUG] [mixin/]: Selecting config necronomicon.forge.mixins.json
[19Dec2025 00:54:40.602] [main/DEBUG] [mixin/]: Selecting config vivilly_dweller.mixins.json
[19Dec2025 00:54:40.603] [main/DEBUG] [mixin/]: Selecting config fastpaintings.mixins.json
[19Dec2025 00:54:40.604] [main/DEBUG] [mixin/]: Selecting config fastpaintings-forge.mixins.json
[19Dec2025 00:54:40.605] [main/WARN] [mixin/]: Reference map 'fastpaintings-forge-refmap.json' for fastpaintings-forge.mixins.json could not be read. If this is a development environment you can ignore this message
[19Dec2025 00:54:40.605] [main/DEBUG] [mixin/]: Selecting config iceberg.mixins.json
[19Dec2025 00:54:40.607] [main/DEBUG] [mixin/]: Selecting config polymorph.mixins.json
[19Dec2025 00:54:40.608] [main/DEBUG] [mixin/]: Selecting config polymorph-integrations.forge.mixins.json
[19Dec2025 00:54:40.614] [main/DEBUG] [Polymorph/]: Loaded com.illusivesoulworks.polymorph.platform.ForgeIntegrationPlatform@f2b90fc for service interface com.illusivesoulworks.polymorph.platform.services.IIntegrationPlatform
[19Dec2025 00:54:40.616] [main/DEBUG] [Polymorph/]: Loaded com.illusivesoulworks.polymorph.platform.ForgeClientPlatform@79a13920 for service interface com.illusivesoulworks.polymorph.platform.services.IClientPlatform
[19Dec2025 00:54:40.618] [main/DEBUG] [Polymorph/]: Loaded com.illusivesoulworks.polymorph.platform.ForgePlatform@3a7c678b for service interface com.illusivesoulworks.polymorph.platform.services.IPlatform
[19Dec2025 00:54:40.627] [main/DEBUG] [mixin/]: Selecting config betterchunkloading.mixins.json
[19Dec2025 00:54:40.629] [main/DEBUG] [mixin/]: Selecting config canary.mixins.json
[19Dec2025 00:54:40.700] [main/INFO] [Canary/]: Loaded configuration file for Canary: 117 options available, 0 override(s) found
[19Dec2025 00:54:40.707] [main/DEBUG] [mixin/]: Selecting config coroutil.mixins.json
[19Dec2025 00:54:40.708] [main/WARN] [mixin/]: Reference map 'coroutil.refmap.json' for coroutil.mixins.json could not be read. If this is a development environment you can ignore this message
[19Dec2025 00:54:40.708] [main/DEBUG] [mixin/]: Selecting config immediatelyfast-forge.mixins.json
[19Dec2025 00:54:40.721] [main/DEBUG] [mixin/]: Selecting config immediatelyfast-common.mixins.json
[19Dec2025 00:54:40.722] [main/DEBUG] [mixin/]: Selecting config endofherobrine.mixins.json
[19Dec2025 00:54:40.723] [main/DEBUG] [mixin/]: Selecting config fastfurnace.mixins.json
[19Dec2025 00:54:40.724] [main/DEBUG] [mixin/]: Selecting config ferritecore.predicates.mixin.json
[19Dec2025 00:54:40.737] [main/DEBUG] [mixin/]: Selecting config ferritecore.fastmap.mixin.json
[19Dec2025 00:54:40.739] [main/DEBUG] [mixin/]: Selecting config ferritecore.mrl.mixin.json
[19Dec2025 00:54:40.740] [main/DEBUG] [mixin/]: Selecting config ferritecore.dedupmultipart.mixin.json
[19Dec2025 00:54:40.741] [main/DEBUG] [mixin/]: Selecting config ferritecore.blockstatecache.mixin.json
[19Dec2025 00:54:40.742] [main/DEBUG] [mixin/]: Selecting config ferritecore.dedupbakedquad.mixin.json
[19Dec2025 00:54:40.744] [main/DEBUG] [mixin/]: Selecting config ferritecore.threaddetec.mixin.json
[19Dec2025 00:54:40.745] [main/DEBUG] [mixin/]: Selecting config puzzleslib.common.mixins.json
[19Dec2025 00:54:40.748] [main/DEBUG] [mixin/]: Selecting config puzzleslib.forge.mixins.json
[19Dec2025 00:54:40.749] [main/DEBUG] [mixin/]: Selecting config packetfixer-common.mixins.json
[19Dec2025 00:54:40.814] [main/DEBUG] [mixin/]: Selecting config packetfixer-forge.mixins.json
[19Dec2025 00:54:40.816] [main/WARN] [mixin/]: Reference map 'packetfixer-forge-forge-refmap.json' for packetfixer-forge.mixins.json could not be read. If this is a development environment you can ignore this message
[19Dec2025 00:54:40.816] [main/DEBUG] [mixin/]: Selecting config cartoon_dweller.mixins.json
[19Dec2025 00:54:40.817] [main/DEBUG] [mixin/]: Selecting config chunksending.mixins.json
[19Dec2025 00:54:40.818] [main/DEBUG] [mixin/]: Selecting config responsiveshields.mixin.json
[19Dec2025 00:54:40.819] [main/DEBUG] [mixin/]: Selecting config mixinextras.init.mixins.json
[19Dec2025 00:54:40.838] [main/DEBUG] [MixinExtras|Service/]: com.llamalad7.mixinextras.service.MixinExtrasServiceImpl(version=0.3.6) is taking over from null
[19Dec2025 00:54:41.025] [main/DEBUG] [mixin/]: Registering new injector for @Inject with org.spongepowered.asm.mixin.injection.struct.CallbackInjectionInfo
[19Dec2025 00:54:41.027] [main/DEBUG] [mixin/]: Registering new injector for @ModifyArg with org.spongepowered.asm.mixin.injection.struct.ModifyArgInjectionInfo
[19Dec2025 00:54:41.028] [main/DEBUG] [mixin/]: Registering new injector for @ModifyArgs with org.spongepowered.asm.mixin.injection.struct.ModifyArgsInjectionInfo
[19Dec2025 00:54:41.029] [main/DEBUG] [mixin/]: Registering new injector for @Redirect with org.spongepowered.asm.mixin.injection.struct.RedirectInjectionInfo
[19Dec2025 00:54:41.030] [main/DEBUG] [mixin/]: Registering new injector for @ModifyVariable with org.spongepowered.asm.mixin.injection.struct.ModifyVariableInjectionInfo
[19Dec2025 00:54:41.031] [main/DEBUG] [mixin/]: Registering new injector for @ModifyConstant with org.spongepowered.asm.mixin.injection.struct.ModifyConstantInjectionInfo
[19Dec2025 00:54:41.039] [main/DEBUG] [mixin/]: Preparing kubejs-forge.mixins.json (7)
[19Dec2025 00:54:41.231] [main/DEBUG] [mixin/]: Preparing kubejs-common.mixins.json (50)
[19Dec2025 00:54:41.302] [main/DEBUG] [mixin/]: @Mixin target net/minecraft/world/item/crafting/Ingredient$TagValue is public in kubejs-common.mixins.json:IngredientTagValueMixin and should be specified in value
[19Dec2025 00:54:41.317] [main/DEBUG] [net.minecraftforge.coremod.transformer.CoreModBaseTransformer/COREMOD]: Transforming net/minecraft/world/item/ItemStack
[19Dec2025 00:54:41.336] [main/DEBUG] [net.minecraftforge.coremod.transformer.CoreModBaseTransformer/COREMOD]: Transforming getEnchantmentLevel with desc (Lnet/minecraft/world/item/enchantment/Enchantment;)I
[19Dec2025 00:54:41.362] [main/INFO] [net.minecraftforge.coremod.CoreMod.placebo/COREMODLOG]: Patching IForgeItemStack#getEnchantmentLevel
[19Dec2025 00:54:41.397] [main/DEBUG] [net.minecraftforge.coremod.transformer.CoreModBaseTransformer/COREMOD]: Transforming getAllEnchantments with desc ()Ljava/util/Map;
[19Dec2025 00:54:41.404] [main/INFO] [net.minecraftforge.coremod.CoreMod.placebo/COREMODLOG]: Patching IForgeItemStack#getEnchantmentLevel
[19Dec2025 00:54:41.570] [main/DEBUG] [mixin/]: Preparing notenoughcrashes.mixins.json (6)
[19Dec2025 00:54:41.575] [main/DEBUG] [mixin/]: Preparing notenoughcrashes.forge.mixins.json (2)
[19Dec2025 00:54:41.577] [main/DEBUG] [mixin/]: Preparing playerAnimator-common.mixins.json (14)
[19Dec2025 00:54:41.577] [main/DEBUG] [mixin/]: Preparing connectivity.mixins.json (19)
[19Dec2025 00:54:41.626] [main/DEBUG] [mixin/]: Preparing insanelib.mixins.json (0)
[19Dec2025 00:54:41.626] [main/DEBUG] [mixin/]: Preparing modernfix-common.mixins.json (91)
[19Dec2025 00:54:41.629] [main/DEBUG] [ModernFix/]: No rules matched mixin 'perf.compact_mojang_registries.MappedRegistryMixin', treating as foreign and disabling!
[19Dec2025 00:54:41.709] [main/DEBUG] [net.minecraftforge.coremod.transformer.CoreModBaseTransformer/COREMOD]: Transforming net/minecraft/world/level/biome/Biome
[19Dec2025 00:54:41.769] [main/DEBUG] [mixin/]: Preparing modernfix-forge.mixins.json (50)
[19Dec2025 00:54:41.806] [main/DEBUG] [mixin/]: Preparing placebo.mixins.json (5)
[19Dec2025 00:54:41.814] [main/DEBUG] [mixin/]: Preparing zombieawareness.mixins.json (2)
[19Dec2025 00:54:41.815] [main/DEBUG] [mixin/]: Preparing item_obliterator.mixins.json (6)
[19Dec2025 00:54:41.822] [main/DEBUG] [mixin/]: Preparing cave_dweller.mixins.json (3)
[19Dec2025 00:54:41.825] [main/DEBUG] [mixin/]: Preparing balm.mixins.json (14)
[19Dec2025 00:54:41.831] [main/DEBUG] [mixin/]: Preparing immersive_armors.mixins.json (10)
[19Dec2025 00:54:41.842] [main/DEBUG] [mixin/]: Preparing steve_dweller.mixins.json (3)
[19Dec2025 00:54:41.843] [main/DEBUG] [mixin/]: Preparing emojiful.mixins.json (1)
[19Dec2025 00:54:41.843] [main/DEBUG] [mixin/]: Preparing emojiful.forge.mixins.json (0)
[19Dec2025 00:54:41.843] [main/DEBUG] [mixin/]: Preparing bcc.mixins.json (4)
[19Dec2025 00:54:41.844] [main/DEBUG] [mixin/]: Preparing mokey.mixins.json (3)
[19Dec2025 00:54:41.845] [main/DEBUG] [mixin/]: Preparing demonic_watcher.mixins.json (3)
[19Dec2025 00:54:41.846] [main/DEBUG] [mixin/]: Preparing collective_forge.mixins.json (4)
[19Dec2025 00:54:41.849] [main/DEBUG] [mixin/]: Preparing architectury.mixins.json (8)
[19Dec2025 00:54:41.857] [main/DEBUG] [mixin/]: Preparing architectury-common.mixins.json (9)
[19Dec2025 00:54:41.859] [main/DEBUG] [net.minecraftforge.coremod.transformer.CoreModBaseTransformer/COREMOD]: Transforming net/minecraft/world/item/BucketItem
[19Dec2025 00:54:41.870] [main/DEBUG] [net.minecraftforge.coremod.transformer.CoreModBaseTransformer/COREMOD]: Transforming net/minecraft/world/level/block/LiquidBlock
[19Dec2025 00:54:41.876] [main/DEBUG] [mixin/]: Preparing cupboard.mixins.json (5)
[19Dec2025 00:54:41.879] [main/DEBUG] [mixin/]: Preparing enhancedai.mixins.json (6)
[19Dec2025 00:54:41.889] [main/DEBUG] [mixin/]: Preparing torture.mixins.json (3)
[19Dec2025 00:54:41.890] [main/DEBUG] [mixin/]: Preparing majruszlibrary-common.mixins.json (56)
[19Dec2025 00:54:41.948] [main/DEBUG] [mixin/]: Preparing majruszlibrary-forge.mixins.json (4)
[19Dec2025 00:54:41.950] [main/DEBUG] [mixin/]: Preparing rhino-common.mixins.json (8)
[19Dec2025 00:54:41.961] [main/DEBUG] [mixin/]: Preparing fastload.mixins.json (7)
[19Dec2025 00:54:41.961] [main/DEBUG] [mixin/]: Preparing endertrigon.mixins.json (12)
[19Dec2025 00:54:41.975] [main/DEBUG] [mixin/]: Preparing spiderstpo.mixins.json (6)
[19Dec2025 00:54:41.982] [main/DEBUG] [mixin/]: Preparing the_rake.mixins.json (3)
[19Dec2025 00:54:41.984] [main/DEBUG] [mixin/]: Preparing visualworkbench.common.mixins.json (2)
[19Dec2025 00:54:41.990] [main/DEBUG] [mixin/]: Preparing clumps.mixins.json (2)
[19Dec2025 00:54:41.991] [main/DEBUG] [mixin/]: Preparing fastsuite.mixins.json (3)
[19Dec2025 00:54:41.992] [main/DEBUG] [mixin/]: Preparing shutupexperimentalsettings.mixins.json (2)
[19Dec2025 00:54:41.992] [main/DEBUG] [mixin/]: Preparing beautifiedchatserver_forge.mixins.json (0)
[19Dec2025 00:54:41.992] [main/DEBUG] [mixin/]: Preparing lazydfu.mixins.json (1)
[19Dec2025 00:54:41.994] [main/DEBUG] [mixin/]: Preparing watut.mixins.json (3)
[19Dec2025 00:54:41.994] [main/DEBUG] [mixin/]: Preparing toofast.mixins.json (1)
[19Dec2025 00:54:41.994] [main/DEBUG] [mixin/]: Preparing emotecraft.mixins.json (3)
[19Dec2025 00:54:41.996] [main/DEBUG] [mixin/]: @Mixin target net/minecraft/server/level/ChunkMap$TrackedEntity is public in emotecraft.mixins.json:TrackedEntityAccessor and should be specified in value
[19Dec2025 00:54:41.996] [main/DEBUG] [mixin/]: Preparing emotecraft-arch.mixins.json (4)
[19Dec2025 00:54:41.998] [main/DEBUG] [mixin/]: Preparing smoothchunk.mixins.json (3)
[19Dec2025 00:54:41.999] [main/DEBUG] [mixin/]: Preparing simplyswords-common.mixins.json (0)
[19Dec2025 00:54:41.999] [main/DEBUG] [mixin/]: Preparing simplyswords.mixins.json (0)
[19Dec2025 00:54:41.999] [main/DEBUG] [mixin/]: Preparing moonlight-common.mixins.json (26)
[19Dec2025 00:54:42.038] [main/DEBUG] [mixin/]: Preparing moonlight.mixins.json (10)
[19Dec2025 00:54:42.047] [main/DEBUG] [mixin/]: Preparing bettercombat.mixins.json (16)
[19Dec2025 00:54:42.051] [main/DEBUG] [mixin/]: Preparing kim_dweller.mixins.json (3)
[19Dec2025 00:54:42.052] [main/DEBUG] [mixin/]: Preparing necronomicon.forge.mixins.json (1)
[19Dec2025 00:54:42.052] [main/DEBUG] [mixin/]: Preparing vivilly_dweller.mixins.json (3)
[19Dec2025 00:54:42.053] [main/DEBUG] [mixin/]: Preparing fastpaintings.mixins.json (4)
[19Dec2025 00:54:42.056] [main/DEBUG] [mixin/]: Preparing fastpaintings-forge.mixins.json (0)
[19Dec2025 00:54:42.056] [main/DEBUG] [mixin/]: Preparing iceberg.mixins.json (6)
[19Dec2025 00:54:42.057] [main/DEBUG] [mixin/]: Preparing polymorph.mixins.json (8)
[19Dec2025 00:54:42.063] [main/DEBUG] [mixin/]: Preparing polymorph-integrations.forge.mixins.json (2)
[19Dec2025 00:54:42.064] [main/DEBUG] [mixin/]: Preparing betterchunkloading.mixins.json (8)
[19Dec2025 00:54:42.070] [main/DEBUG] [mixin/]: Preparing canary.mixins.json (204)
[19Dec2025 00:54:42.218] [main/DEBUG] [mixin/]: Preparing coroutil.mixins.json (0)
[19Dec2025 00:54:42.218] [main/DEBUG] [mixin/]: Preparing immediatelyfast-forge.mixins.json (4)
[19Dec2025 00:54:42.218] [main/DEBUG] [mixin/]: Preparing immediatelyfast-common.mixins.json (36)
[19Dec2025 00:54:42.218] [main/DEBUG] [mixin/]: Preparing endofherobrine.mixins.json (1)
[19Dec2025 00:54:42.218] [main/DEBUG] [mixin/]: Preparing fastfurnace.mixins.json (1)
[19Dec2025 00:54:42.219] [main/DEBUG] [mixin/]: Preparing ferritecore.predicates.mixin.json (3)
[19Dec2025 00:54:42.219] [main/DEBUG] [mixin/]: Preparing ferritecore.fastmap.mixin.json (1)
[19Dec2025 00:54:42.221] [main/DEBUG] [mixin/]: Preparing ferritecore.mrl.mixin.json (2)
[19Dec2025 00:54:42.221] [main/DEBUG] [mixin/]: Preparing ferritecore.dedupmultipart.mixin.json (2)
[19Dec2025 00:54:42.221] [main/DEBUG] [mixin/]: Preparing ferritecore.blockstatecache.mixin.json (8)
[19Dec2025 00:54:42.224] [main/DEBUG] [mixin/]: @Mixin target net/minecraft/world/level/block/state/BlockBehaviour$BlockStateBase$Cache is public in ferritecore.blockstatecache.mixin.json:BlockStateCacheMixin and should be specified in value
[19Dec2025 00:54:42.226] [main/DEBUG] [mixin/]: Preparing ferritecore.dedupbakedquad.mixin.json (2)
[19Dec2025 00:54:42.226] [main/DEBUG] [mixin/]: Preparing ferritecore.threaddetec.mixin.json (1)
[19Dec2025 00:54:42.226] [main/DEBUG] [mixin/]: Preparing puzzleslib.common.mixins.json (1)
[19Dec2025 00:54:42.226] [main/DEBUG] [mixin/]: Preparing puzzleslib.forge.mixins.json (7)
[19Dec2025 00:54:42.232] [main/DEBUG] [mixin/]: Preparing packetfixer-common.mixins.json (9)
[19Dec2025 00:54:42.234] [main/WARN] [dev.tonimatas.packetfixer.mixins.MixinConfigPlugin/]: You are using connectivity for fix "Badly compressed packet - size of " + X + " is larger than protocol maximum of 8388608" if you have and issue with that delete connectivity.
[19Dec2025 00:54:42.240] [main/DEBUG] [mixin/]: Preparing packetfixer-forge.mixins.json (0)
[19Dec2025 00:54:42.240] [main/DEBUG] [mixin/]: Preparing cartoon_dweller.mixins.json (3)
[19Dec2025 00:54:42.241] [main/DEBUG] [mixin/]: Preparing chunksending.mixins.json (2)
[19Dec2025 00:54:42.241] [main/DEBUG] [mixin/]: Preparing responsiveshields.mixin.json (1)
[19Dec2025 00:54:42.241] [main/DEBUG] [mixin/]: Preparing mixinextras.init.mixins.json (0)
[19Dec2025 00:54:42.255] [main/DEBUG] [mixin/]: Inner class dev/latvian/mods/kubejs/core/mixin/common/GameRulesMixin$1 in dev/latvian/mods/kubejs/core/mixin/common/GameRulesMixin on net/minecraft/world/level/GameRules gets unique name net/minecraft/world/level/GameRules$Anonymous$2cffa34931a942ac9c3545a1d73a10ad
[19Dec2025 00:54:42.374] [main/DEBUG] [mixin/]: Inner class com/connectivity/mixin/AdvancedPacketErrorLogging$2 in com/connectivity/mixin/AdvancedPacketErrorLogging on net/minecraft/network/Connection gets unique name net/minecraft/network/Connection$Anonymous$4fe49fc75e054a4990283aac2d33aa9f
[19Dec2025 00:54:42.375] [main/DEBUG] [mixin/]: Inner class com/connectivity/mixin/AdvancedPacketErrorLogging$1 in com/connectivity/mixin/AdvancedPacketErrorLogging on net/minecraft/network/Connection gets unique name net/minecraft/network/Connection$Anonymous$8b06aa507e8e4a3d9963c2a0e764f555
[19Dec2025 00:54:42.483] [main/DEBUG] [mixin/]: Inner class immersive_armors/mixin/MobEntityMixin$1 in immersive_armors/mixin/MobEntityMixin on net/minecraft/world/entity/Mob gets unique name net/minecraft/world/entity/Mob$Anonymous$ea6233ade3fa446da9ffb9d93ec15f12
[19Dec2025 00:54:42.496] [main/DEBUG] [mixin/]: Inner class com/majruszlibrary/mixin/MixinEntity$Config in com/majruszlibrary/mixin/MixinEntity on net/minecraft/world/entity/Entity gets unique name net/minecraft/world/entity/Entity$Config$cb9af75764fb459fb48b7387ca4294ff
[19Dec2025 00:54:42.512] [main/DEBUG] [mixin/]: Inner class tcb/spiderstpo/mixins/ClimberEntityMixin$1 in tcb/spiderstpo/mixins/ClimberEntityMixin on net/minecraft/world/entity/monster/Spider gets unique name net/minecraft/world/entity/monster/Spider$Anonymous$692bab72f472491eb6c58c3c22706636
[19Dec2025 00:54:42.532] [main/DEBUG] [mixin/]: Inner class com/abdelaziz/canary/mixin/ai/poi/SectionStorageMixin$1 in com/abdelaziz/canary/mixin/ai/poi/SectionStorageMixin on net/minecraft/world/level/chunk/storage/SectionStorage gets unique name net/minecraft/world/level/chunk/storage/SectionStorage$Anonymous$6d51c0c2ea864a0fb1d22c527b638be6
[19Dec2025 00:54:42.595] [main/DEBUG] [mixin/]: Inner class com/abdelaziz/canary/mixin/chunk/palette/PalettedContainerMixin$1 in com/abdelaziz/canary/mixin/chunk/palette/PalettedContainerMixin on net/minecraft/world/level/chunk/PalettedContainer$Strategy gets unique name net/minecraft/world/level/chunk/PalettedContainer$Strategy$Anonymous$1b06c25b14014d66bbc6efadd2ff46a3
[19Dec2025 00:54:42.595] [main/DEBUG] [mixin/]: Inner class com/abdelaziz/canary/mixin/chunk/palette/PalettedContainerMixin$2 in com/abdelaziz/canary/mixin/chunk/palette/PalettedContainerMixin on net/minecraft/world/level/chunk/PalettedContainer$Strategy gets unique name net/minecraft/world/level/chunk/PalettedContainer$Strategy$Anonymous$bc47591a347f414d984ce073b61cd9bc
[19Dec2025 00:54:42.623] [main/DEBUG] [mixin/]: Prepared 539 mixins in 2.269 sec (4.2ms avg) (0ms load, 0ms transform, 0ms plugin)
[19Dec2025 00:54:42.625] [main/INFO] [MixinExtras|Service/]: Initializing MixinExtras via com.llamalad7.mixinextras.service.MixinExtrasServiceImpl(version=0.3.6).
[19Dec2025 00:54:42.628] [main/DEBUG] [mixin/]: Registering new injector for @SugarWrapper with com.llamalad7.mixinextras.sugar.impl.SugarWrapperInjectionInfo
[19Dec2025 00:54:42.630] [main/DEBUG] [mixin/]: Registering new injector for @FactoryRedirectWrapper with com.llamalad7.mixinextras.wrapper.factory.FactoryRedirectWrapperInjectionInfo
[19Dec2025 00:54:42.635] [main/DEBUG] [mixin/]: Mixing MixinMain from notenoughcrashes.forge.mixins.json into net.minecraft.server.Main
[19Dec2025 00:54:42.636] [main/DEBUG] [mixin/]: notenoughcrashes.forge.mixins.json:MixinMain: Class version 61 required is higher than the class version supported by the current version of Mixin (JAVA_8 supports class version 52)
[19Dec2025 00:54:42.643] [main/DEBUG] [mixin/]: Mixing MainMixin from iceberg.mixins.json into net.minecraft.server.Main
[19Dec2025 00:54:42.803] [main/DEBUG] [mixin/]: Mixing MinecraftServerMixin from kubejs-common.mixins.json into net.minecraft.server.MinecraftServer
[19Dec2025 00:54:42.811] [main/DEBUG] [mixin/]: Renaming synthetic method lambda$kjs$getData$0(Ldev/latvian/mods/kubejs/KubeJSPlugin;)V to md3c33d9$lambda$kjs$getData$0$0 in kubejs-common.mixins.json:MinecraftServerMixin
[19Dec2025 00:54:42.907] [main/DEBUG] [mixin/]: Mixing inject_resources.MinecraftServerMixin from kubejs-common.mixins.json into net.minecraft.server.MinecraftServer
[19Dec2025 00:54:42.911] [main/DEBUG] [mixin/]: Mixing core.MinecraftServerMixin from modernfix-common.mixins.json into net.minecraft.server.MinecraftServer
[19Dec2025 00:54:42.913] [main/DEBUG] [mixin/]: Mixing perf.dedicated_reload_executor.MinecraftServerMixin from modernfix-common.mixins.json into net.minecraft.server.MinecraftServer
[19Dec2025 00:54:42.914] [main/DEBUG] [mixin/]: Mixing MinecraftServerMixin from balm.mixins.json into net.minecraft.server.MinecraftServer
[19Dec2025 00:54:42.914] [main/DEBUG] [mixin/]: Renaming synthetic method lambda$reloadResources$0(Ljava/lang/Void;)V to md3c33d9$lambda$reloadResources$0$1 in balm.mixins.json:MinecraftServerMixin
[19Dec2025 00:54:42.924] [main/DEBUG] [mixin/]: Mixing MixinMinecraftServer from majruszlibrary-common.mixins.json into net.minecraft.server.MinecraftServer
[19Dec2025 00:54:42.969] [main/DEBUG] [mixin/]: Renaming synthetic method lambda$loadLevel$2(Lit/unimi/dsi/fastutil/ints/Int2ObjectMap;Ljava/lang/Integer;Ljava/util/List;)V to md3c33d9$lambda$loadLevel$2$2 in majruszlibrary-common.mixins.json:MixinMinecraftServer
[19Dec2025 00:54:42.969] [main/DEBUG] [mixin/]: Renaming synthetic method lambda$loadLevel$1(I)[Lnet/minecraft/world/entity/npc/VillagerTrades$ItemListing; to md3c33d9$lambda$loadLevel$1$3 in majruszlibrary-common.mixins.json:MixinMinecraftServer
[19Dec2025 00:54:42.969] [main/DEBUG] [mixin/]: Renaming synthetic method lambda$loadLevel$0(Lit/unimi/dsi/fastutil/ints/Int2ObjectMap;Ljava/lang/Integer;[Lnet/minecraft/world/entity/npc/VillagerTrades$ItemListing;)V to md3c33d9$lambda$loadLevel$0$4 in majruszlibrary-common.mixins.json:MixinMinecraftServer
[19Dec2025 00:54:43.084] [main/DEBUG] [mixin/]: Mixing server.MinecraftServerMixin from fastload.mixins.json into net.minecraft.server.MinecraftServer
[19Dec2025 00:54:43.342] [main/DEBUG] [mixin/]: Mixing perf.fix_loop_spin_waiting.BlockableEventLoopMixin from modernfix-common.mixins.json into net.minecraft.util.thread.BlockableEventLoop
[19Dec2025 00:54:43.350] [main/DEBUG] [mixin/]: Mixing MixinDedicatedServer from majruszlibrary-common.mixins.json into net.minecraft.server.dedicated.DedicatedServer
[19Dec2025 00:54:43.364] [main/DEBUG] [mixin/]: Mixing SharedConstantsMixin from lazydfu.mixins.json into net.minecraft.SharedConstants
[19Dec2025 00:54:43.364] [main/DEBUG] [mixin/]: lazydfu.mixins.json:SharedConstantsMixin: Class version 61 required is higher than the class version supported by the current version of Mixin (JAVA_16 supports class version 60)
[19Dec2025 00:54:43.382] [main/DEBUG] [io.netty.util.internal.logging.InternalLoggerFactory/]: Using SLF4J as the default logging framework
[19Dec2025 00:54:43.384] [main/DEBUG] [io.netty.util.ResourceLeakDetector/]: -Dio.netty.leakDetection.level: simple
[19Dec2025 00:54:43.385] [main/DEBUG] [io.netty.util.ResourceLeakDetector/]: -Dio.netty.leakDetection.targetRecords: 4
[19Dec2025 00:54:43.401] [main/DEBUG] [mixin/]: Mixing components.MutableComponentMixin from kubejs-common.mixins.json into net.minecraft.network.chat.MutableComponent
[19Dec2025 00:54:43.430] [main/DEBUG] [mixin/]: Mixing TextColorMixin from rhino-common.mixins.json into net.minecraft.network.chat.TextColor
[19Dec2025 00:54:43.455] [main/DEBUG] [mixin/]: Mixing ChatFormattingMixin from rhino-common.mixins.json into net.minecraft.ChatFormatting
[19Dec2025 00:54:43.469] [main/DEBUG] [mixin/]: Mixing perf.tag_id_caching.TagOrElementLocationMixin from modernfix-forge.mixins.json into net.minecraft.util.ExtraCodecs$TagOrElementLocation
[19Dec2025 00:54:43.470] [main/WARN] [mixin/]: Static binding violation: PRIVATE @Overwrite method m_216202_ in modernfix-forge.mixins.json:perf.tag_id_caching.TagOrElementLocationMixin cannot reduce visibiliy of PUBLIC target method, visibility will be upgraded.
[19Dec2025 00:54:43.479] [main/DEBUG] [mixin/]: Mixing ResourceLocationMixin from rhino-common.mixins.json into net.minecraft.resources.ResourceLocation
[19Dec2025 00:54:43.484] [main/DEBUG] [mixin/]: Mixing ResourceLocationExceptionMixin from connectivity.mixins.json into net.minecraft.ResourceLocationException
[19Dec2025 00:54:43.537] [main/DEBUG] [mixin/]: Mixing MixinCrashReport from notenoughcrashes.mixins.json into net.minecraft.CrashReport
[19Dec2025 00:54:43.538] [main/DEBUG] [mixin/]: Renaming synthetic method lambda$beforeSystemDetailsAreWritten$1()Ljava/lang/String; to md3c33d9$lambda$beforeSystemDetailsAreWritten$1$0 in notenoughcrashes.mixins.json:MixinCrashReport
[19Dec2025 00:54:43.538] [main/DEBUG] [mixin/]: Renaming synthetic method lambda$beforeSystemDetailsAreWritten$0(Lfudge/notenoughcrashes/platform/CommonModMetadata;)Ljava/lang/String; to md3c33d9$lambda$beforeSystemDetailsAreWritten$0$1 in notenoughcrashes.mixins.json:MixinCrashReport
[19Dec2025 00:54:43.644] [main/DEBUG] [oshi.util.FileUtil/]: No oshi.properties file found from ClassLoader cpw.mods.modlauncher.TransformingClassLoader@4bdf
[19Dec2025 00:54:43.644] [main/DEBUG] [oshi.util.FileUtil/]: No oshi.properties file found from ClassLoader jdk.internal.loader.ClassLoaders$AppClassLoader@76ed5528
[19Dec2025 00:54:43.672] [main/DEBUG] [oshi.util.FileUtil/]: Reading file /proc/cpuinfo
[19Dec2025 00:54:43.675] [main/DEBUG] [oshi.util.FileUtil/]: Reading file /proc/cpuinfo
[19Dec2025 00:54:43.688] [main/DEBUG] [oshi.util.FileUtil/]: No oshi.architecture.properties file found from ClassLoader cpw.mods.modlauncher.TransformingClassLoader@4bdf
[19Dec2025 00:54:43.689] [main/DEBUG] [oshi.util.FileUtil/]: No oshi.architecture.properties file found from ClassLoader jdk.internal.loader.ClassLoaders$AppClassLoader@76ed5528
[19Dec2025 00:54:43.716] [main/DEBUG] [oshi.util.FileUtil/]: Reading file /proc/meminfo
[19Dec2025 00:54:43.716] [main/DEBUG] [oshi.util.FileUtil/]: Reading file /proc/meminfo
[19Dec2025 00:54:43.720] [main/DEBUG] [mixin/]: Mixing UtilMixin from kubejs-common.mixins.json into net.minecraft.Util
[19Dec2025 00:54:43.721] [main/DEBUG] [mixin/]: Mixing perf.thread_priorities.UtilMixin from modernfix-common.mixins.json into net.minecraft.Util
[19Dec2025 00:54:43.721] [main/DEBUG] [mixin/]: Renaming synthetic method lambda$adjustPriorityOfThreadFactory$0(Ljava/util/concurrent/ForkJoinPool$ForkJoinWorkerThreadFactory;Ljava/util/concurrent/ForkJoinPool;)Ljava/util/concurrent/ForkJoinWorkerThread; to md3c33d9$lambda$adjustPriorityOfThreadFactory$0$0 in modernfix-common.mixins.json:perf.thread_priorities.UtilMixin
[19Dec2025 00:54:43.739] [main/DEBUG] [mixin/]: Mixing math.sine_lut.MthMixin from canary.mixins.json into net.minecraft.util.Mth
[19Dec2025 00:54:43.778] [main/DEBUG] [mixin/]: Mixing feature.measure_time.BootstrapMixin from modernfix-common.mixins.json into net.minecraft.server.Bootstrap
[19Dec2025 00:54:43.780] [main/DEBUG] [mixin/]: Mixing core.BootstrapMixin from modernfix-forge.mixins.json into net.minecraft.server.Bootstrap
[19Dec2025 00:54:43.792] [main/INFO] [net.minecraft.server.Bootstrap/]: ModernFix reached bootstrap stage (19.67 s after launch)
[19Dec2025 00:54:43.799] [main/DEBUG] [mixin/]: Mixing perf.mojang_registry_size.MappedRegistryMixin from modernfix-common.mixins.json into net.minecraft.core.MappedRegistry
[19Dec2025 00:54:43.816] [main/DEBUG] [mixin/]: Mixing perf.mojang_registry_size.ResourceKeyMixin from modernfix-common.mixins.json into net.minecraft.resources.ResourceKey
[19Dec2025 00:54:43.816] [main/DEBUG] [mixin/]: Renaming synthetic method lambda$createEfficient$0(Lnet/minecraft/resources/ResourceLocation;)Ljava/util/Map; to md3c33d9$lambda$createEfficient$0$0 in modernfix-common.mixins.json:perf.mojang_registry_size.ResourceKeyMixin
[19Dec2025 00:54:43.821] [main/DEBUG] [mixin/]: Mixing perf.resource_key_equality.ResourceKeyMixin from modernfix-forge.mixins.json into net.minecraft.resources.ResourceKey
[19Dec2025 00:54:43.822] [main/DEBUG] [mixin/]: Mixing ResourceKeyMixin from rhino-common.mixins.json into net.minecraft.resources.ResourceKey
[19Dec2025 00:54:43.916] [main/DEBUG] [mixin/]: Mixing inject.MixinGameEvent from architectury-common.mixins.json into net.minecraft.world.level.gameevent.GameEvent
[19Dec2025 00:54:43.924] [main/DEBUG] [mixin/]: Mixing perf.reduce_blockstate_cache_rebuilds.GameDataMixin from modernfix-forge.mixins.json into net.minecraftforge.registries.GameData
[19Dec2025 00:54:43.944] [main/DEBUG] [mixin/]: Mixing perf.fast_registry_validation.ForgeRegistryMixin from modernfix-forge.mixins.json into net.minecraftforge.registries.ForgeRegistry
[19Dec2025 00:54:43.949] [main/DEBUG] [mixin/]: Mixing perf.forge_registry_alloc.ForgeRegistryMixin from modernfix-forge.mixins.json into net.minecraftforge.registries.ForgeRegistry
[19Dec2025 00:54:43.960] [main/WARN] [mixin/]: @Final field delegatesByName:Ljava/util/Map; in modernfix-forge.mixins.json:perf.forge_registry_alloc.ForgeRegistryMixin should be final
[19Dec2025 00:54:43.960] [main/WARN] [mixin/]: @Final field delegatesByValue:Ljava/util/Map; in modernfix-forge.mixins.json:perf.forge_registry_alloc.ForgeRegistryMixin should be final
[19Dec2025 00:54:43.979] [main/DEBUG] [mixin/]: Mixing perf.reduce_blockstate_cache_rebuilds.BlockCallbacksMixin from modernfix-forge.mixins.json into net.minecraftforge.registries.GameData$BlockCallbacks
[19Dec2025 00:54:43.986] [main/DEBUG] [mixin/]: Mixing perf.forge_registry_alloc.DelegateHolderMixin from modernfix-forge.mixins.json into net.minecraft.world.level.block.Block
[19Dec2025 00:54:43.988] [main/DEBUG] [mixin/]: Mixing inject.MixinBlock from architectury-common.mixins.json into net.minecraft.world.level.block.Block
[19Dec2025 00:54:43.988] [main/DEBUG] [mixin/]: Mixing shapes.blockstate_cache.BlockMixin from canary.mixins.json into net.minecraft.world.level.block.Block
[19Dec2025 00:54:43.989] [main/DEBUG] [mixin/]: Renaming synthetic method lambda$static$0(Lnet/minecraft/world/phys/shapes/VoxelShape;)Z to md3c33d9$lambda$static$0$0 in canary.mixins.json:shapes.blockstate_cache.BlockMixin
[19Dec2025 00:54:44.005] [main/DEBUG] [mixin/]: Mixing BlockBehaviourMixin from kubejs-common.mixins.json into net.minecraft.world.level.block.state.BlockBehaviour
[19Dec2025 00:54:44.025] [main/DEBUG] [mixin/]: Mixing bugfix.chunk_deadlock.BlockStateBaseMixin from modernfix-common.mixins.json into net.minecraft.world.level.block.state.BlockBehaviour$BlockStateBase
[19Dec2025 00:54:44.027] [main/DEBUG] [mixin/]: Mixing BlockStateBaseMixin from kubejs-common.mixins.json into net.minecraft.world.level.block.state.BlockBehaviour$BlockStateBase
[19Dec2025 00:54:44.028] [main/DEBUG] [mixin/]: Mixing perf.reduce_blockstate_cache_rebuilds.BlockStateBaseMixin from modernfix-common.mixins.json into net.minecraft.world.level.block.state.BlockBehaviour$BlockStateBase
[19Dec2025 00:54:44.032] [main/DEBUG] [mixin/]: Mixing ai.pathing.BlockStateBaseMixin from canary.mixins.json into net.minecraft.world.level.block.state.BlockBehaviour$BlockStateBase
[19Dec2025 00:54:44.041] [main/DEBUG] [mixin/]: Mixing block.flatten_states.BlockStateBaseMixin from canary.mixins.json into net.minecraft.world.level.block.state.BlockBehaviour$BlockStateBase
[19Dec2025 00:54:44.044] [main/DEBUG] [mixin/]: Mixing BlockStateBaseMixin from ferritecore.blockstatecache.mixin.json into net.minecraft.world.level.block.state.BlockBehaviour$BlockStateBase
[19Dec2025 00:54:44.065] [main/INFO] [ModernFix/]: Injecting BlockStateBase cache population hook into getNeighborPathNodeType from com.abdelaziz.canary.mixin.ai.pathing.BlockStateBaseMixin
[19Dec2025 00:54:44.065] [main/INFO] [ModernFix/]: Injecting BlockStateBase cache population hook into getPathNodeType from com.abdelaziz.canary.mixin.ai.pathing.BlockStateBaseMixin
[19Dec2025 00:54:44.066] [main/INFO] [ModernFix/]: Injecting BlockStateBase cache population hook into m_60823_ from com.abdelaziz.canary.mixin.block.flatten_states.BlockStateBaseMixin
[19Dec2025 00:54:44.073] [main/DEBUG] [mixin/]: Mixing FastMapStateHolderMixin from ferritecore.fastmap.mixin.json into net.minecraft.world.level.block.state.StateHolder
[19Dec2025 00:54:44.088] [main/DEBUG] [mixin/]: Mixing math.fast_blockpos.BlockPosMixin from canary.mixins.json into net.minecraft.core.BlockPos
[19Dec2025 00:54:44.121] [main/DEBUG] [mixin/]: Mixing perf.model_optimizations.PropertyMixin from modernfix-common.mixins.json into net.minecraft.world.level.block.state.properties.Property
[19Dec2025 00:54:44.137] [main/DEBUG] [mixin/]: Mixing EntityLoadMixin from cupboard.mixins.json into net.minecraft.world.entity.Entity
[19Dec2025 00:54:44.141] [main/DEBUG] [mixin/]: Mixing EntityMixin from kubejs-forge.mixins.json into net.minecraft.world.entity.Entity
[19Dec2025 00:54:44.142] [main/DEBUG] [mixin/]: Mixing EntityMixin from kubejs-common.mixins.json into net.minecraft.world.entity.Entity
[19Dec2025 00:54:44.145] [main/DEBUG] [mixin/]: Mixing MixinEntity from majruszlibrary-common.mixins.json into net.minecraft.world.entity.Entity
[19Dec2025 00:54:44.158] [main/DEBUG] [mixin/]: Mixing EntityMixin from spiderstpo.mixins.json into net.minecraft.world.entity.Entity
[19Dec2025 00:54:44.158] [main/DEBUG] [mixin/]: spiderstpo.mixins.json:EntityMixin: Class version 61 required is higher than the class version supported by the current version of Mixin (JAVA_8 supports class version 52)
[19Dec2025 00:54:44.162] [main/DEBUG] [mixin/]: Mixing alloc.deep_passengers.EntityMixin from canary.mixins.json into net.minecraft.world.entity.Entity
[19Dec2025 00:54:44.174] [main/DEBUG] [mixin/]: Mixing collections.fluid_submersion.EntityMixin from canary.mixins.json into net.minecraft.world.entity.Entity
[19Dec2025 00:54:44.181] [main/DEBUG] [mixin/]: Mixing entity.collisions.movement.EntityMixin from canary.mixins.json into net.minecraft.world.entity.Entity
[19Dec2025 00:54:44.192] [main/DEBUG] [mixin/]: Mixing entity.collisions.suffocation.EntityMixin from canary.mixins.json into net.minecraft.world.entity.Entity
[19Dec2025 00:54:44.198] [main/DEBUG] [mixin/]: Mixing entity.collisions.unpushable_cramming.EntityMixin from canary.mixins.json into net.minecraft.world.entity.Entity
[19Dec2025 00:54:44.200] [main/DEBUG] [mixin/]: Mixing entity.skip_fire_check.EntityMixin from canary.mixins.json into net.minecraft.world.entity.Entity
[19Dec2025 00:54:44.207] [main/DEBUG] [mixin/]: Mixing MixinEntity from notenoughcrashes.mixins.json into net.minecraft.world.entity.Entity
[19Dec2025 00:54:44.207] [main/DEBUG] [mixin/]: Renaming synthetic method lambda$onPopulateCrashReport$0()Ljava/lang/String; to md3c33d9$lambda$onPopulateCrashReport$0$0 in notenoughcrashes.mixins.json:MixinEntity
[19Dec2025 00:54:44.313] [main/DEBUG] [mixin/]: Mixing LivingEntityMixin from kubejs-common.mixins.json into net.minecraft.world.entity.LivingEntity
[19Dec2025 00:54:44.315] [main/DEBUG] [mixin/]: Mixing perf.forge_cap_retrieval.LivingEntityMixin from modernfix-forge.mixins.json into net.minecraft.world.entity.LivingEntity
[19Dec2025 00:54:44.316] [main/DEBUG] [mixin/]: Mixing MixinLivingEntity from cave_dweller.mixins.json into net.minecraft.world.entity.LivingEntity
[19Dec2025 00:54:44.321] [main/DEBUG] [mixin/]: Mixing MixinLivingEntity from immersive_armors.mixins.json into net.minecraft.world.entity.LivingEntity
[19Dec2025 00:54:44.329] [main/DEBUG] [mixin/]: Mixing MixinLivingEntity from steve_dweller.mixins.json into net.minecraft.world.entity.LivingEntity
[19Dec2025 00:54:44.334] [main/DEBUG] [mixin/]: Mixing MixinLivingEntity from mokey.mixins.json into net.minecraft.world.entity.LivingEntity
[19Dec2025 00:54:44.338] [main/DEBUG] [mixin/]: Mixing MixinLivingEntity from demonic_watcher.mixins.json into net.minecraft.world.entity.LivingEntity
[19Dec2025 00:54:44.342] [main/DEBUG] [mixin/]: Mixing MixinLivingEntity from torture.mixins.json into net.minecraft.world.entity.LivingEntity
[19Dec2025 00:54:44.347] [main/DEBUG] [mixin/]: Mixing MixinLivingEntity from majruszlibrary-common.mixins.json into net.minecraft.world.entity.LivingEntity
[19Dec2025 00:54:44.357] [main/DEBUG] [net.minecraftforge.coremod.transformer.CoreModBaseTransformer/COREMOD]: Transforming getEnchantmentLevel with desc (Lnet/minecraft/world/item/enchantment/Enchantment;)I
[19Dec2025 00:54:44.358] [main/INFO] [net.minecraftforge.coremod.CoreMod.placebo/COREMODLOG]: Patching IForgeItemStack#getEnchantmentLevel
[19Dec2025 00:54:44.359] [main/DEBUG] [net.minecraftforge.coremod.transformer.CoreModBaseTransformer/COREMOD]: Transforming getAllEnchantments with desc ()Ljava/util/Map;
[19Dec2025 00:54:44.359] [main/INFO] [net.minecraftforge.coremod.CoreMod.placebo/COREMODLOG]: Patching IForgeItemStack#getEnchantmentLevel
[19Dec2025 00:54:44.369] [main/DEBUG] [mixin/]: Mixing LivingEntityMixin from spiderstpo.mixins.json into net.minecraft.world.entity.LivingEntity
[19Dec2025 00:54:44.370] [main/DEBUG] [mixin/]: spiderstpo.mixins.json:LivingEntityMixin: Class version 61 required is higher than the class version supported by the current version of Mixin (JAVA_8 supports class version 52)
[19Dec2025 00:54:44.371] [main/DEBUG] [mixin/]: Mixing MixinLivingEntity from the_rake.mixins.json into net.minecraft.world.entity.LivingEntity
[19Dec2025 00:54:44.374] [main/DEBUG] [mixin/]: Mixing LivingEntityAccessor from bettercombat.mixins.json into net.minecraft.world.entity.LivingEntity
[19Dec2025 00:54:44.375] [main/DEBUG] [mixin/]: Mixing LivingEntityMixin from bettercombat.mixins.json into net.minecraft.world.entity.LivingEntity
[19Dec2025 00:54:44.376] [main/DEBUG] [mixin/]: Renaming synthetic method lambda$getAttributeValue_Inject$0(Lnet/minecraft/world/entity/player/Player;Lnet/minecraft/world/entity/ai/attributes/Attribute;Lorg/spongepowered/asm/mixin/injection/callback/CallbackInfoReturnable;)V to md3c33d9$lambda$getAttributeValue_Inject$0$0 in bettercombat.mixins.json:LivingEntityMixin
[19Dec2025 00:54:44.379] [main/DEBUG] [mixin/]: Mixing MixinLivingEntity from kim_dweller.mixins.json into net.minecraft.world.entity.LivingEntity
[19Dec2025 00:54:44.382] [main/DEBUG] [mixin/]: Mixing MixinLivingEntity from vivilly_dweller.mixins.json into net.minecraft.world.entity.LivingEntity
[19Dec2025 00:54:44.386] [main/DEBUG] [mixin/]: Mixing alloc.enum_values.living_entity.LivingEntityMixin from canary.mixins.json into net.minecraft.world.entity.LivingEntity
[19Dec2025 00:54:44.387] [main/DEBUG] [mixin/]: Mixing entity.collisions.unpushable_cramming.LivingEntityMixin from canary.mixins.json into net.minecraft.world.entity.LivingEntity
[19Dec2025 00:54:44.392] [main/DEBUG] [mixin/]: Mixing entity.fast_elytra_check.LivingEntityMixin from canary.mixins.json into net.minecraft.world.entity.LivingEntity
[19Dec2025 00:54:44.392] [main/DEBUG] [mixin/]: Mixing entity.fast_hand_swing.LivingEntityMixin from canary.mixins.json into net.minecraft.world.entity.LivingEntity
[19Dec2025 00:54:44.393] [main/DEBUG] [mixin/]: Mixing entity.fast_powder_snow_check.LivingEntityMixin from canary.mixins.json into net.minecraft.world.entity.LivingEntity
[19Dec2025 00:54:44.394] [main/DEBUG] [mixin/]: Mixing entity.skip_equipment_change_check.LivingEntityMixin from canary.mixins.json into net.minecraft.world.entity.LivingEntity
[19Dec2025 00:54:44.395] [main/DEBUG] [mixin/]: Renaming synthetic method lambda$static$0(Lnet/minecraft/world/item/ItemStack;)Z to md3c33d9$lambda$static$0$1 in canary.mixins.json:entity.skip_equipment_change_check.LivingEntityMixin
[19Dec2025 00:54:44.405] [main/DEBUG] [mixin/]: Mixing MixinLivingEntity from cartoon_dweller.mixins.json into net.minecraft.world.entity.LivingEntity
[19Dec2025 00:54:44.408] [main/DEBUG] [mixin/]: Mixing MixinTicksConst from responsiveshields.mixin.json into net.minecraft.world.entity.LivingEntity
[19Dec2025 00:54:44.439] [main/DEBUG] [net.minecraftforge.coremod.transformer.CoreModBaseTransformer/COREMOD]: Transforming net/minecraft/world/effect/MobEffectInstance
[19Dec2025 00:54:44.636] [main/DEBUG] [mixin/]: Mixing perf.model_optimizations.BooleanPropertyMixin from modernfix-common.mixins.json into net.minecraft.world.level.block.state.properties.BooleanProperty
[19Dec2025 00:54:44.643] [main/DEBUG] [mixin/]: Mixing LevelMixin from kubejs-common.mixins.json into net.minecraft.world.level.Level
[19Dec2025 00:54:44.644] [main/DEBUG] [mixin/]: Renaming synthetic method lambda$kjs$getData$0(Ldev/latvian/mods/kubejs/KubeJSPlugin;)V to md3c33d9$lambda$kjs$getData$0$0 in kubejs-common.mixins.json:LevelMixin
[19Dec2025 00:54:44.645] [main/DEBUG] [mixin/]: Mixing alloc.chunk_random.LevelMixin from canary.mixins.json into net.minecraft.world.level.Level
[19Dec2025 00:54:44.647] [main/DEBUG] [mixin/]: Mixing entity.collisions.intersection.LevelMixin from canary.mixins.json into net.minecraft.world.level.Level
[19Dec2025 00:54:44.650] [main/DEBUG] [mixin/]: Mixing util.block_entity_retrieval.LevelMixin from canary.mixins.json into net.minecraft.world.level.Level
[19Dec2025 00:54:44.656] [main/DEBUG] [mixin/]: Mixing world.block_entity_ticking.sleeping.LevelMixin from canary.mixins.json into net.minecraft.world.level.Level
[19Dec2025 00:54:44.657] [main/DEBUG] [mixin/]: Mixing world.chunk_access.LevelMixin from canary.mixins.json into net.minecraft.world.level.Level
[19Dec2025 00:54:44.659] [main/DEBUG] [mixin/]: Mixing world.inline_block_access.LevelMixin from canary.mixins.json into net.minecraft.world.level.Level
[19Dec2025 00:54:44.662] [main/DEBUG] [mixin/]: Mixing world.inline_height.LevelMixin from canary.mixins.json into net.minecraft.world.level.Level
[19Dec2025 00:54:44.689] [main/DEBUG] [mixin/]: Mixing util.chunk_access.LevelReaderMixin from canary.mixins.json into net.minecraft.world.level.LevelReader
[19Dec2025 00:54:44.697] [main/DEBUG] [mixin/]: Mixing ServerAddEntityMixin from cupboard.mixins.json into net.minecraft.server.level.ServerLevel
[19Dec2025 00:54:44.705] [main/DEBUG] [mixin/]: Mixing ServerLevelMixin from kubejs-common.mixins.json into net.minecraft.server.level.ServerLevel
[19Dec2025 00:54:44.707] [main/DEBUG] [mixin/]: Mixing bugfix.chunk_deadlock.ServerLevelMixin from modernfix-common.mixins.json into net.minecraft.server.level.ServerLevel
[19Dec2025 00:54:44.708] [main/DEBUG] [mixin/]: Mixing perf.cache_strongholds.ServerLevelMixin from modernfix-common.mixins.json into net.minecraft.server.level.ServerLevel
[19Dec2025 00:54:44.711] [main/DEBUG] [mixin/]: Mixing MixinPlaySound from zombieawareness.mixins.json into net.minecraft.server.level.ServerLevel
[19Dec2025 00:54:44.713] [main/DEBUG] [mixin/]: Mixing MixinLevelEvent from zombieawareness.mixins.json into net.minecraft.server.level.ServerLevel
[19Dec2025 00:54:44.714] [main/DEBUG] [mixin/]: Mixing IMixinServerLevel from majruszlibrary-common.mixins.json into net.minecraft.server.level.ServerLevel
[19Dec2025 00:54:44.714] [main/DEBUG] [mixin/]: Mixing MixinServerLevel from majruszlibrary-common.mixins.json into net.minecraft.server.level.ServerLevel
[19Dec2025 00:54:44.715] [main/DEBUG] [mixin/]: Mixing alloc.chunk_random.ServerLevelMixin from canary.mixins.json into net.minecraft.server.level.ServerLevel
[19Dec2025 00:54:44.717] [main/DEBUG] [mixin/]: Mixing chunk.replace_streams.ServerLevelMixin from canary.mixins.json into net.minecraft.server.level.ServerLevel
[19Dec2025 00:54:44.721] [main/DEBUG] [mixin/]: Mixing entity.inactive_navigations.ServerLevelMixin from canary.mixins.json into net.minecraft.server.level.ServerLevel
[19Dec2025 00:54:44.726] [main/DEBUG] [mixin/]: Mixing profiler.ServerLevelMixin from canary.mixins.json into net.minecraft.server.level.ServerLevel
[19Dec2025 00:54:44.727] [main/DEBUG] [mixin/]: Mixing util.accessors.ServerLevelAccessor from canary.mixins.json into net.minecraft.server.level.ServerLevel
[19Dec2025 00:54:44.727] [main/DEBUG] [mixin/]: Mixing world.block_entity_ticking.sleeping.ServerLevelMixin from canary.mixins.json into net.minecraft.server.level.ServerLevel
[19Dec2025 00:54:44.763] [main/DEBUG] [mixin/]: Unexpected: Registered method getEntityManager()Lnet/minecraft/world/level/entity/PersistentEntitySectionManager; in net.minecraft.server.level.ServerLevel was not merged
[19Dec2025 00:54:44.825] [main/DEBUG] [mixin/]: Mixing ItemEntityMixin from kubejs-common.mixins.json into net.minecraft.world.entity.item.ItemEntity
[19Dec2025 00:54:44.826] [main/DEBUG] [mixin/]: Mixing ItemEntityMixin from item_obliterator.mixins.json into net.minecraft.world.entity.item.ItemEntity
[19Dec2025 00:54:44.838] [main/DEBUG] [mixin/]: Mixing MixinPlayer from majruszlibrary-common.mixins.json into net.minecraft.world.entity.player.Player
[19Dec2025 00:54:44.842] [main/DEBUG] [mixin/]: Mixing MixinPlayer from endertrigon.mixins.json into net.minecraft.world.entity.player.Player
[19Dec2025 00:54:44.845] [main/DEBUG] [mixin/]: Mixing ServerPlayerMixin from emotecraft-arch.mixins.json into net.minecraft.world.entity.player.Player
[19Dec2025 00:54:44.845] [main/DEBUG] [mixin/]: emotecraft-arch.mixins.json:ServerPlayerMixin: Class version 61 required is higher than the class version supported by the current version of Mixin (JAVA_16 supports class version 60)
[19Dec2025 00:54:44.850] [main/DEBUG] [mixin/]: Mixing PlayerEntityAccessor from bettercombat.mixins.json into net.minecraft.world.entity.player.Player
[19Dec2025 00:54:44.851] [main/DEBUG] [mixin/]: Mixing PlayerEntityMixin from bettercombat.mixins.json into net.minecraft.world.entity.player.Player
[19Dec2025 00:54:44.875] [main/DEBUG] [mixin/]: Mixing PlayerMixin from kubejs-common.mixins.json into net.minecraft.world.entity.player.Player
[19Dec2025 00:54:44.876] [main/DEBUG] [mixin/]: Renaming synthetic method lambda$kjs$getData$0(Ldev/latvian/mods/kubejs/KubeJSPlugin;)V to md3c33d9$lambda$kjs$getData$0$0 in kubejs-common.mixins.json:PlayerMixin
[19Dec2025 00:54:44.944] [main/DEBUG] [mixin/]: Mixing perf.fast_forge_dummies.NamespacedHolderHelperMixin from modernfix-forge.mixins.json into net.minecraftforge.registries.NamespacedHolderHelper
[19Dec2025 00:54:44.953] [main/DEBUG] [mixin/]: Mixing inject.MixinFluid from architectury-common.mixins.json into net.minecraft.world.level.material.Fluid
[19Dec2025 00:54:44.957] [main/DEBUG] [mixin/]: Mixing perf.forge_registry_alloc.DelegateHolderMixin from modernfix-forge.mixins.json into net.minecraft.world.item.Item
[19Dec2025 00:54:44.958] [main/DEBUG] [mixin/]: Mixing inject.MixinItem from architectury-common.mixins.json into net.minecraft.world.item.Item
[19Dec2025 00:54:44.958] [main/DEBUG] [mixin/]: Mixing MixinItem from majruszlibrary-common.mixins.json into net.minecraft.world.item.Item
[19Dec2025 00:54:44.959] [main/DEBUG] [mixin/]: Mixing ItemMixin from kubejs-common.mixins.json into net.minecraft.world.item.Item
[19Dec2025 00:54:45.004] [main/DEBUG] [mixin/]: Mixing inject.MixinEntityType from architectury-common.mixins.json into net.minecraft.world.entity.EntityType
[19Dec2025 00:54:45.016] [main/DEBUG] [mixin/]: Mixing IMixinEnchantment from majruszlibrary-common.mixins.json into net.minecraft.world.item.enchantment.Enchantment
[19Dec2025 00:54:45.016] [main/DEBUG] [mixin/]: Mixing MixinEnchantment from majruszlibrary-forge.mixins.json into net.minecraft.world.item.enchantment.Enchantment
[19Dec2025 00:54:45.018] [main/DEBUG] [mixin/]: Mixing EnchantmentMixin from bettercombat.mixins.json into net.minecraft.world.item.enchantment.Enchantment
[19Dec2025 00:54:45.027] [main/DEBUG] [mixin/]: Mixing perf.dynamic_dfu.BlockEntityTypeMixin from modernfix-common.mixins.json into net.minecraft.world.level.block.entity.BlockEntityType
[19Dec2025 00:54:45.038] [main/DEBUG] [mixin/]: Mixing IMixinArgumentTypeInfos from majruszlibrary-common.mixins.json into net.minecraft.commands.synchronization.ArgumentTypeInfos
[19Dec2025 00:54:45.039] [main/DEBUG] [mixin/]: Renaming @Accessor method getByClass()Ljava/util/Map; to getByClass_$md$3c33d9$0 in majruszlibrary-common.mixins.json:IMixinArgumentTypeInfos
[19Dec2025 00:54:45.045] [main/DEBUG] [mixin/]: Mixing ai.poi.PoiTypesMixin from canary.mixins.json into net.minecraft.world.entity.ai.village.poi.PoiTypes
[19Dec2025 00:54:45.083] [main/DEBUG] [net.minecraftforge.coremod.transformer.CoreModBaseTransformer/COREMOD]: Transforming net/minecraft/world/level/levelgen/structure/Structure
[19Dec2025 00:54:45.148] [main/DEBUG] [mixin/]: Mixing perf.reduce_blockstate_cache_rebuilds.BlocksMixin from modernfix-common.mixins.json into net.minecraft.world.level.block.Blocks
[19Dec2025 00:54:45.148] [main/DEBUG] [mixin/]: Renaming synthetic method lambda$getEmptyConsumer$0(Ljava/lang/Object;)V to md3c33d9$lambda$getEmptyConsumer$0$0 in modernfix-common.mixins.json:perf.reduce_blockstate_cache_rebuilds.BlocksMixin
[19Dec2025 00:54:45.167] [main/DEBUG] [net.minecraftforge.coremod.transformer.CoreModBaseTransformer/COREMOD]: Transforming net/minecraft/world/level/block/LiquidBlock
[19Dec2025 00:54:45.167] [main/DEBUG] [mixin/]: Mixing inject.MixinLiquidBlock from architectury-common.mixins.json into net.minecraft.world.level.block.LiquidBlock
[19Dec2025 00:54:45.176] [main/DEBUG] [mixin/]: Mixing accessor.DispenserBlockAccessor from moonlight-common.mixins.json into net.minecraft.world.level.block.DispenserBlock
[19Dec2025 00:54:45.176] [main/DEBUG] [mixin/]: Renaming @Accessor method getDispenserRegistry()Ljava/util/Map; to getDispenserRegistry_$md$3c33d9$0 in moonlight-common.mixins.json:accessor.DispenserBlockAccessor
[19Dec2025 00:54:45.183] [main/DEBUG] [mixin/]: Mixing alloc.enum_values.piston_block.PistonBaseBlockMixin from canary.mixins.json into net.minecraft.world.level.block.piston.PistonBaseBlock
[19Dec2025 00:54:45.195] [main/DEBUG] [mixin/]: Mixing FireBlockMixin from moonlight.mixins.json into net.minecraft.world.level.block.FireBlock
[19Dec2025 00:54:45.198] [main/DEBUG] [mixin/]: Mixing accessor.FireBlockForgeAccessor from puzzleslib.forge.mixins.json into net.minecraft.world.level.block.FireBlock
[19Dec2025 00:54:45.205] [main/DEBUG] [net.minecraftforge.coremod.transformer.CoreModBaseTransformer/COREMOD]: Transforming net/minecraft/world/level/block/StairBlock
[19Dec2025 00:54:45.213] [main/DEBUG] [mixin/]: Mixing alloc.enum_values.redstone_wire.RedStoneWireBlockMixin from canary.mixins.json into net.minecraft.world.level.block.RedStoneWireBlock
[19Dec2025 00:54:45.214] [main/DEBUG] [mixin/]: Mixing block.redstone_wire.RedStoneWireBlockMixin from canary.mixins.json into net.minecraft.world.level.block.RedStoneWireBlock
[19Dec2025 00:54:45.234] [main/DEBUG] [mixin/]: Mixing CraftingTableBlockMixin from visualworkbench.common.mixins.json into net.minecraft.world.level.block.CraftingTableBlock
[19Dec2025 00:54:45.247] [main/DEBUG] [mixin/]: Mixing CropBlockMixin from balm.mixins.json into net.minecraft.world.level.block.CropBlock
[19Dec2025 00:54:45.277] [main/DEBUG] [mixin/]: Mixing StemBlockMixin from balm.mixins.json into net.minecraft.world.level.block.StemBlock
[19Dec2025 00:54:45.295] [main/DEBUG] [mixin/]: Mixing perf.deduplicate_wall_shapes.WallBlockMixin from modernfix-common.mixins.json into net.minecraft.world.level.block.WallBlock
[19Dec2025 00:54:45.308] [main/DEBUG] [net.minecraftforge.coremod.transformer.CoreModBaseTransformer/COREMOD]: Transforming net/minecraft/world/level/block/FlowerPotBlock
[19Dec2025 00:54:45.317] [main/DEBUG] [mixin/]: Mixing AnvilBlockMixin from placebo.mixins.json into net.minecraft.world.level.block.AnvilBlock
[19Dec2025 00:54:45.322] [main/DEBUG] [mixin/]: Mixing util.inventory_comparator_tracking.ComparatorBlockMixin from canary.mixins.json into net.minecraft.world.level.block.ComparatorBlock
[19Dec2025 00:54:45.369] [main/DEBUG] [mixin/]: Mixing MixinPowderSnowBlock from majruszlibrary-common.mixins.json into net.minecraft.world.level.block.PowderSnowBlock
[19Dec2025 00:54:45.389] [main/DEBUG] [mixin/]: Mixing math.fast_blockpos.DirectionMixin from canary.mixins.json into net.minecraft.core.Direction
[19Dec2025 00:54:45.390] [main/DEBUG] [mixin/]: Mixing math.fast_util.DirectionMixin from canary.mixins.json into net.minecraft.core.Direction
[19Dec2025 00:54:45.391] [main/DEBUG] [mixin/]: Mixing DirectionMixin from rhino-common.mixins.json into net.minecraft.core.Direction
[19Dec2025 00:54:45.462] [main/DEBUG] [mixin/]: Mixing block.moving_block_shapes.VoxelShapeMixin from canary.mixins.json into net.minecraft.world.phys.shapes.VoxelShape
[19Dec2025 00:54:45.467] [main/DEBUG] [mixin/]: Mixing shapes.specialized_shapes.VoxelShapeMixin from canary.mixins.json into net.minecraft.world.phys.shapes.VoxelShape
[19Dec2025 00:54:45.530] [main/DEBUG] [mixin/]: Mixing VoxelShapeAccess from ferritecore.blockstatecache.mixin.json into net.minecraft.world.phys.shapes.VoxelShape
[19Dec2025 00:54:45.610] [main/DEBUG] [mixin/]: Mixing perf.state_definition_construct.StateDefinitionMixin from modernfix-common.mixins.json into net.minecraft.world.level.block.state.StateDefinition
[19Dec2025 00:54:45.664] [main/DEBUG] [mixin/]: Mixing shapes.optimized_matching.ShapesMixin from canary.mixins.json into net.minecraft.world.phys.shapes.Shapes
[19Dec2025 00:54:45.665] [main/DEBUG] [mixin/]: Mixing shapes.shape_merging.ShapesMixin from canary.mixins.json into net.minecraft.world.phys.shapes.Shapes
[19Dec2025 00:54:45.667] [main/DEBUG] [mixin/]: Mixing shapes.specialized_shapes.ShapesMixin from canary.mixins.json into net.minecraft.world.phys.shapes.Shapes
[19Dec2025 00:54:45.687] [main/DEBUG] [mixin/]: Mixing DiscreteVSAccess from ferritecore.blockstatecache.mixin.json into net.minecraft.world.phys.shapes.DiscreteVoxelShape
[19Dec2025 00:54:45.689] [main/DEBUG] [mixin/]: Mixing BitSetDVSAccess from ferritecore.blockstatecache.mixin.json into net.minecraft.world.phys.shapes.BitSetDiscreteVoxelShape
[19Dec2025 00:54:45.692] [main/DEBUG] [mixin/]: Mixing ArrayVSAccess from ferritecore.blockstatecache.mixin.json into net.minecraft.world.phys.shapes.ArrayVoxelShape
[19Dec2025 00:54:45.695] [main/DEBUG] [mixin/]: Mixing SliceShapeAccess from ferritecore.blockstatecache.mixin.json into net.minecraft.world.phys.shapes.SliceShape
[19Dec2025 00:54:45.696] [main/DEBUG] [mixin/]: Mixing shapes.precompute_shape_arrays.CubeVoxelShapeMixin from canary.mixins.json into net.minecraft.world.phys.shapes.CubeVoxelShape
[19Dec2025 00:54:45.752] [main/DEBUG] [mixin/]: Mixing shapes.precompute_shape_arrays.CubePointRangeMixin from canary.mixins.json into net.minecraft.world.phys.shapes.CubePointRange
[19Dec2025 00:54:45.774] [main/DEBUG] [mixin/]: Mixing block.flatten_states.FluidStateMixin from canary.mixins.json into net.minecraft.world.level.material.FluidState
[19Dec2025 00:54:45.830] [main/INFO] [net.minecraft.server.Bootstrap/]: Vanilla bootstrap took 2035 milliseconds
[19Dec2025 00:54:45.846] [main/DEBUG] [io.netty.util.internal.PlatformDependent0/]: -Dio.netty.noUnsafe: false
[19Dec2025 00:54:45.846] [main/DEBUG] [io.netty.util.internal.PlatformDependent0/]: Java version: 17
[19Dec2025 00:54:45.846] [main/DEBUG] [io.netty.util.internal.PlatformDependent0/]: sun.misc.Unsafe.theUnsafe: available
[19Dec2025 00:54:45.847] [main/DEBUG] [io.netty.util.internal.PlatformDependent0/]: sun.misc.Unsafe.copyMemory: available
[19Dec2025 00:54:45.847] [main/DEBUG] [io.netty.util.internal.PlatformDependent0/]: sun.misc.Unsafe.storeFence: available
[19Dec2025 00:54:45.847] [main/DEBUG] [io.netty.util.internal.PlatformDependent0/]: java.nio.Buffer.address: available
[19Dec2025 00:54:45.848] [main/DEBUG] [io.netty.util.internal.PlatformDependent0/]: direct buffer constructor: unavailable
java.lang.UnsupportedOperationException: Reflective setAccessible(true) disabled
	at io.netty.util.internal.ReflectionUtil.trySetAccessible(ReflectionUtil.java:31) ~[netty-common-4.1.77.Final.jar%2381!/:4.1.77.Final]
	at io.netty.util.internal.PlatformDependent0$5.run(PlatformDependent0.java:287) ~[netty-common-4.1.77.Final.jar%2381!/:4.1.77.Final]
	at java.security.AccessController.doPrivileged(AccessController.java:318) ~[?:?]
	at io.netty.util.internal.PlatformDependent0.<clinit>(PlatformDependent0.java:281) ~[netty-common-4.1.77.Final.jar%2381!/:4.1.77.Final]
	at io.netty.util.internal.PlatformDependent.isAndroid(PlatformDependent.java:294) ~[netty-common-4.1.77.Final.jar%2381!/:4.1.77.Final]
	at io.netty.util.internal.PlatformDependent.<clinit>(PlatformDependent.java:88) ~[netty-common-4.1.77.Final.jar%2381!/:4.1.77.Final]
	at io.netty.util.ConstantPool.<init>(ConstantPool.java:34) ~[netty-common-4.1.77.Final.jar%2381!/:4.1.77.Final]
	at io.netty.util.AttributeKey$1.<init>(AttributeKey.java:27) ~[netty-common-4.1.77.Final.jar%2381!/:4.1.77.Final]
	at io.netty.util.AttributeKey.<clinit>(AttributeKey.java:27) ~[netty-common-4.1.77.Final.jar%2381!/:4.1.77.Final]
	at net.minecraftforge.network.NetworkConstants.<clinit>(NetworkConstants.java:34) ~[forge-1.19.2-43.4.2-universal.jar%23304!/:?]
	at net.minecraft.server.Bootstrap.handler$zdo000$doClassloadHack(Bootstrap.java:1034) ~[server-1.19.2-20220805.130853-srg.jar%23299!/:?]
	at net.minecraft.server.Bootstrap.m_135870_(Bootstrap.java:62) ~[server-1.19.2-20220805.130853-srg.jar%23299!/:?]
	at net.minecraftforge.registries.ForgeRegistries.init(ForgeRegistries.java:205) ~[forge-1.19.2-43.4.2-universal.jar%23304!/:?]
	at net.minecraftforge.registries.ForgeRegistries.<clinit>(ForgeRegistries.java:60) ~[forge-1.19.2-43.4.2-universal.jar%23304!/:?]
	at net.minecraft.world.level.block.LiquidBlock.<init>(LiquidBlock.java:53) ~[server-1.19.2-20220805.130853-srg.jar%23299!/:?]
	at net.minecraft.world.level.block.Blocks.<clinit>(Blocks.java:67) ~[server-1.19.2-20220805.130853-srg.jar%23299!/:?]
	at net.minecraft.world.level.levelgen.carver.CarverDebugSettings.<clinit>(CarverDebugSettings.java:9) ~[server-1.19.2-20220805.130853-srg.jar%23299!/:?]
	at net.minecraft.world.level.levelgen.carver.CarverConfiguration.m_224838_(CarverConfiguration.java:20) ~[server-1.19.2-20220805.130853-srg.jar%23299!/:?]
	at com.mojang.serialization.codecs.RecordCodecBuilder.mapCodec(RecordCodecBuilder.java:76) ~[datafixerupper-5.0.28.jar%2375!/:?]
	at net.minecraft.world.level.levelgen.carver.CarverConfiguration.<clinit>(CarverConfiguration.java:16) ~[server-1.19.2-20220805.130853-srg.jar%23299!/:?]
	at net.minecraft.world.level.levelgen.carver.WorldCarver.<clinit>(WorldCarver.java:32) ~[server-1.19.2-20220805.130853-srg.jar%23299!/:?]
	at net.minecraft.data.worldgen.Carvers.<clinit>(Carvers.java:21) ~[server-1.19.2-20220805.130853-srg.jar%23299!/:?]
	at net.minecraft.data.BuiltinRegistries.m_236012_(BuiltinRegistries.java:53) ~[server-1.19.2-20220805.130853-srg.jar%23299!/:?]
	at net.minecraft.data.BuiltinRegistries.m_236009_(BuiltinRegistries.java:87) ~[server-1.19.2-20220805.130853-srg.jar%23299!/:?]
	at net.minecraft.data.BuiltinRegistries.m_236004_(BuiltinRegistries.java:114) ~[server-1.19.2-20220805.130853-srg.jar%23299!/:?]
	at java.util.LinkedHashMap.forEach(LinkedHashMap.java:721) ~[?:?]
	at net.minecraft.data.BuiltinRegistries.<clinit>(BuiltinRegistries.java:113) ~[server-1.19.2-20220805.130853-srg.jar%23299!/:?]
	at net.minecraft.core.Registry.<clinit>(Registry.java:665) ~[server-1.19.2-20220805.130853-srg.jar%23299!/:?]
	at net.minecraft.server.Bootstrap.m_135870_(Bootstrap.java:43) ~[server-1.19.2-20220805.130853-srg.jar%23299!/:?]
	at net.minecraft.server.Main.main(Main.java:110) ~[server-1.19.2-20220805.130853-srg.jar%23299!/:?]
	at jdk.internal.reflect.NativeMethodAccessorImpl.invoke0(Native Method) ~[?:?]
	at jdk.internal.reflect.NativeMethodAccessorImpl.invoke(NativeMethodAccessorImpl.java:77) ~[?:?]
	at jdk.internal.reflect.DelegatingMethodAccessorImpl.invoke(DelegatingMethodAccessorImpl.java:43) ~[?:?]
	at java.lang.reflect.Method.invoke(Method.java:569) ~[?:?]
	at net.minecraftforge.fml.loading.targets.CommonServerLaunchHandler.lambda$launchService$0(CommonServerLaunchHandler.java:29) ~[fmlloader-1.19.2-43.4.2.jar%2367!/:?]
	at cpw.mods.modlauncher.LaunchServiceHandlerDecorator.launch(LaunchServiceHandlerDecorator.java:30) [modlauncher-10.0.8.jar%2354!/:?]
	at cpw.mods.modlauncher.LaunchServiceHandler.launch(LaunchServiceHandler.java:53) [modlauncher-10.0.8.jar%2354!/:?]
	at cpw.mods.modlauncher.LaunchServiceHandler.launch(LaunchServiceHandler.java:71) [modlauncher-10.0.8.jar%2354!/:?]
	at cpw.mods.modlauncher.Launcher.run(Launcher.java:106) [modlauncher-10.0.8.jar%2354!/:?]
	at cpw.mods.modlauncher.Launcher.main(Launcher.java:77) [modlauncher-10.0.8.jar%2354!/:?]
	at cpw.mods.modlauncher.BootstrapLaunchConsumer.accept(BootstrapLaunchConsumer.java:26) [modlauncher-10.0.8.jar%2354!/:?]
	at cpw.mods.modlauncher.BootstrapLaunchConsumer.accept(BootstrapLaunchConsumer.java:23) [modlauncher-10.0.8.jar%2354!/:?]
	at cpw.mods.bootstraplauncher.BootstrapLauncher.main(BootstrapLauncher.java:141) [bootstraplauncher-1.1.2.jar:?]
[19Dec2025 00:54:45.849] [main/DEBUG] [io.netty.util.internal.PlatformDependent0/]: java.nio.Bits.unaligned: available, true
[19Dec2025 00:54:45.850] [main/DEBUG] [io.netty.util.internal.PlatformDependent0/]: jdk.internal.misc.Unsafe.allocateUninitializedArray(int): unavailable
java.lang.IllegalAccessException: class io.netty.util.internal.PlatformDependent0$7 (in module io.netty.common) cannot access class jdk.internal.misc.Unsafe (in module java.base) because module java.base does not export jdk.internal.misc to module io.netty.common
	at jdk.internal.reflect.Reflection.newIllegalAccessException(Reflection.java:392) ~[?:?]
	at java.lang.reflect.AccessibleObject.checkAccess(AccessibleObject.java:674) ~[?:?]
	at java.lang.reflect.Method.invoke(Method.java:561) ~[?:?]
	at io.netty.util.internal.PlatformDependent0$7.run(PlatformDependent0.java:409) ~[netty-common-4.1.77.Final.jar%2381!/:4.1.77.Final]
	at java.security.AccessController.doPrivileged(AccessController.java:318) ~[?:?]
	at io.netty.util.internal.PlatformDependent0.<clinit>(PlatformDependent0.java:400) ~[netty-common-4.1.77.Final.jar%2381!/:4.1.77.Final]
	at io.netty.util.internal.PlatformDependent.isAndroid(PlatformDependent.java:294) ~[netty-common-4.1.77.Final.jar%2381!/:4.1.77.Final]
	at io.netty.util.internal.PlatformDependent.<clinit>(PlatformDependent.java:88) ~[netty-common-4.1.77.Final.jar%2381!/:4.1.77.Final]
	at io.netty.util.ConstantPool.<init>(ConstantPool.java:34) ~[netty-common-4.1.77.Final.jar%2381!/:4.1.77.Final]
	at io.netty.util.AttributeKey$1.<init>(AttributeKey.java:27) ~[netty-common-4.1.77.Final.jar%2381!/:4.1.77.Final]
	at io.netty.util.AttributeKey.<clinit>(AttributeKey.java:27) ~[netty-common-4.1.77.Final.jar%2381!/:4.1.77.Final]
	at net.minecraftforge.network.NetworkConstants.<clinit>(NetworkConstants.java:34) ~[forge-1.19.2-43.4.2-universal.jar%23304!/:?]
	at net.minecraft.server.Bootstrap.handler$zdo000$doClassloadHack(Bootstrap.java:1034) ~[server-1.19.2-20220805.130853-srg.jar%23299!/:?]
	at net.minecraft.server.Bootstrap.m_135870_(Bootstrap.java:62) ~[server-1.19.2-20220805.130853-srg.jar%23299!/:?]
	at net.minecraftforge.registries.ForgeRegistries.init(ForgeRegistries.java:205) ~[forge-1.19.2-43.4.2-universal.jar%23304!/:?]
	at net.minecraftforge.registries.ForgeRegistries.<clinit>(ForgeRegistries.java:60) ~[forge-1.19.2-43.4.2-universal.jar%23304!/:?]
	at net.minecraft.world.level.block.LiquidBlock.<init>(LiquidBlock.java:53) ~[server-1.19.2-20220805.130853-srg.jar%23299!/:?]
	at net.minecraft.world.level.block.Blocks.<clinit>(Blocks.java:67) ~[server-1.19.2-20220805.130853-srg.jar%23299!/:?]
	at net.minecraft.world.level.levelgen.carver.CarverDebugSettings.<clinit>(CarverDebugSettings.java:9) ~[server-1.19.2-20220805.130853-srg.jar%23299!/:?]
	at net.minecraft.world.level.levelgen.carver.CarverConfiguration.m_224838_(CarverConfiguration.java:20) ~[server-1.19.2-20220805.130853-srg.jar%23299!/:?]
	at com.mojang.serialization.codecs.RecordCodecBuilder.mapCodec(RecordCodecBuilder.java:76) ~[datafixerupper-5.0.28.jar%2375!/:?]
	at net.minecraft.world.level.levelgen.carver.CarverConfiguration.<clinit>(CarverConfiguration.java:16) ~[server-1.19.2-20220805.130853-srg.jar%23299!/:?]
	at net.minecraft.world.level.levelgen.carver.WorldCarver.<clinit>(WorldCarver.java:32) ~[server-1.19.2-20220805.130853-srg.jar%23299!/:?]
	at net.minecraft.data.worldgen.Carvers.<clinit>(Carvers.java:21) ~[server-1.19.2-20220805.130853-srg.jar%23299!/:?]
	at net.minecraft.data.BuiltinRegistries.m_236012_(BuiltinRegistries.java:53) ~[server-1.19.2-20220805.130853-srg.jar%23299!/:?]
	at net.minecraft.data.BuiltinRegistries.m_236009_(BuiltinRegistries.java:87) ~[server-1.19.2-20220805.130853-srg.jar%23299!/:?]
	at net.minecraft.data.BuiltinRegistries.m_236004_(BuiltinRegistries.java:114) ~[server-1.19.2-20220805.130853-srg.jar%23299!/:?]
	at java.util.LinkedHashMap.forEach(LinkedHashMap.java:721) ~[?:?]
	at net.minecraft.data.BuiltinRegistries.<clinit>(BuiltinRegistries.java:113) ~[server-1.19.2-20220805.130853-srg.jar%23299!/:?]
	at net.minecraft.core.Registry.<clinit>(Registry.java:665) ~[server-1.19.2-20220805.130853-srg.jar%23299!/:?]
	at net.minecraft.server.Bootstrap.m_135870_(Bootstrap.java:43) ~[server-1.19.2-20220805.130853-srg.jar%23299!/:?]
	at net.minecraft.server.Main.main(Main.java:110) ~[server-1.19.2-20220805.130853-srg.jar%23299!/:?]
	at jdk.internal.reflect.NativeMethodAccessorImpl.invoke0(Native Method) ~[?:?]
	at jdk.internal.reflect.NativeMethodAccessorImpl.invoke(NativeMethodAccessorImpl.java:77) ~[?:?]
	at jdk.internal.reflect.DelegatingMethodAccessorImpl.invoke(DelegatingMethodAccessorImpl.java:43) ~[?:?]
	at java.lang.reflect.Method.invoke(Method.java:569) ~[?:?]
	at net.minecraftforge.fml.loading.targets.CommonServerLaunchHandler.lambda$launchService$0(CommonServerLaunchHandler.java:29) ~[fmlloader-1.19.2-43.4.2.jar%2367!/:?]
	at cpw.mods.modlauncher.LaunchServiceHandlerDecorator.launch(LaunchServiceHandlerDecorator.java:30) [modlauncher-10.0.8.jar%2354!/:?]
	at cpw.mods.modlauncher.LaunchServiceHandler.launch(LaunchServiceHandler.java:53) [modlauncher-10.0.8.jar%2354!/:?]
	at cpw.mods.modlauncher.LaunchServiceHandler.launch(LaunchServiceHandler.java:71) [modlauncher-10.0.8.jar%2354!/:?]
	at cpw.mods.modlauncher.Launcher.run(Launcher.java:106) [modlauncher-10.0.8.jar%2354!/:?]
	at cpw.mods.modlauncher.Launcher.main(Launcher.java:77) [modlauncher-10.0.8.jar%2354!/:?]
	at cpw.mods.modlauncher.BootstrapLaunchConsumer.accept(BootstrapLaunchConsumer.java:26) [modlauncher-10.0.8.jar%2354!/:?]
	at cpw.mods.modlauncher.BootstrapLaunchConsumer.accept(BootstrapLaunchConsumer.java:23) [modlauncher-10.0.8.jar%2354!/:?]
	at cpw.mods.bootstraplauncher.BootstrapLauncher.main(BootstrapLauncher.java:141) [bootstraplauncher-1.1.2.jar:?]
[19Dec2025 00:54:45.852] [main/DEBUG] [io.netty.util.internal.PlatformDependent0/]: java.nio.DirectByteBuffer.<init>(long, int): unavailable
[19Dec2025 00:54:45.852] [main/DEBUG] [io.netty.util.internal.PlatformDependent/]: sun.misc.Unsafe: available
[19Dec2025 00:54:45.853] [main/DEBUG] [io.netty.util.internal.PlatformDependent/]: maxDirectMemory: 12884901888 bytes (maybe)
[19Dec2025 00:54:45.853] [main/DEBUG] [io.netty.util.internal.PlatformDependent/]: -Dio.netty.tmpdir: /tmp (java.io.tmpdir)
[19Dec2025 00:54:45.853] [main/DEBUG] [io.netty.util.internal.PlatformDependent/]: -Dio.netty.bitMode: 64 (sun.arch.data.model)
[19Dec2025 00:54:45.854] [main/DEBUG] [io.netty.util.internal.PlatformDependent/]: -Dio.netty.maxDirectMemory: -1 bytes
[19Dec2025 00:54:45.854] [main/DEBUG] [io.netty.util.internal.PlatformDependent/]: -Dio.netty.uninitializedArrayAllocationThreshold: -1
[19Dec2025 00:54:45.855] [main/DEBUG] [io.netty.util.internal.CleanerJava9/]: java.nio.ByteBuffer.cleaner(): available
[19Dec2025 00:54:45.855] [main/DEBUG] [io.netty.util.internal.PlatformDependent/]: -Dio.netty.noPreferDirect: false
[19Dec2025 00:54:45.859] [main/DEBUG] [mixin/]: Mixing SimpleChannelMixin from connectivity.mixins.json into net.minecraftforge.network.simple.SimpleChannel
[19Dec2025 00:54:45.898] [main/DEBUG] [mixin/]: Mixing networkstats.CCustomPayloadPacketNameMixin from connectivity.mixins.json into net.minecraft.network.protocol.game.ServerboundCustomPayloadPacket
[19Dec2025 00:54:45.899] [main/DEBUG] [mixin/]: Mixing ServerboundCustomPayloadPacketMixin from packetfixer-common.mixins.json into net.minecraft.network.protocol.game.ServerboundCustomPayloadPacket
[19Dec2025 00:54:45.907] [main/DEBUG] [mixin/]: Mixing FriendlyByteBufMixin from packetfixer-common.mixins.json into net.minecraft.network.FriendlyByteBuf
[19Dec2025 00:54:45.917] [main/DEBUG] [mixin/]: Mixing ClientBoundCustomPayloadPacketLMixin from connectivity.mixins.json into net.minecraft.network.protocol.game.ClientboundCustomPayloadPacket
[19Dec2025 00:54:45.918] [main/DEBUG] [mixin/]: Mixing networkstats.SCustomPayloadPlayPacketNameMixin from connectivity.mixins.json into net.minecraft.network.protocol.game.ClientboundCustomPayloadPacket
[19Dec2025 00:54:45.918] [main/DEBUG] [mixin/]: Mixing ClientboundCustomPayloadPacketMixin from packetfixer-common.mixins.json into net.minecraft.network.protocol.game.ClientboundCustomPayloadPacket
[19Dec2025 00:54:45.922] [main/WARN] [mixin/]: @ModifyConstant conflict. Skipping connectivity.mixins.json:ClientBoundCustomPayloadPacketLMixin->@ModifyConstant::modifyLimit(I)I with priority 1, already redirected by packetfixer-common.mixins.json:ClientboundCustomPayloadPacketMixin->@ModifyConstant::newSize(I)I with priority 9999
[19Dec2025 00:54:45.922] [main/WARN] [mixin/]: @ModifyConstant conflict. Skipping connectivity.mixins.json:ClientBoundCustomPayloadPacketLMixin->@ModifyConstant::modifyLimit(I)I with priority 1, already redirected by packetfixer-common.mixins.json:ClientboundCustomPayloadPacketMixin->@ModifyConstant::newSize(I)I with priority 9999
[19Dec2025 00:54:45.924] [main/DEBUG] [mixin/]: Mixing networkstats.CCustomPayloadLoginPacketNameMixin from connectivity.mixins.json into net.minecraft.network.protocol.login.ServerboundCustomQueryPacket
[19Dec2025 00:54:45.925] [main/DEBUG] [mixin/]: Mixing ServerboundCustomQueryPacketMixin from packetfixer-common.mixins.json into net.minecraft.network.protocol.login.ServerboundCustomQueryPacket
[19Dec2025 00:54:45.929] [main/DEBUG] [mixin/]: Mixing networkstats.SCustomPayloadLoginPacketNameMixin from connectivity.mixins.json into net.minecraft.network.protocol.login.ClientboundCustomQueryPacket
[19Dec2025 00:54:45.930] [main/DEBUG] [mixin/]: Mixing ClientboundCustomQueryPacketMixin from packetfixer-common.mixins.json into net.minecraft.network.protocol.login.ClientboundCustomQueryPacket
[19Dec2025 00:54:45.964] [main/DEBUG] [mixin/]: Mixing DyeColorMixin from rhino-common.mixins.json into net.minecraft.world.item.DyeColor
[19Dec2025 00:54:45.991] [main/DEBUG] [mixin/]: Mixing ContainerMixin from kubejs-common.mixins.json into net.minecraft.world.Container
[19Dec2025 00:54:46.019] [main/DEBUG] [mixin/]: Mixing util.inventory_change_listening.BlockEntityMixin from canary.mixins.json into net.minecraft.world.level.block.entity.BlockEntity
[19Dec2025 00:54:46.020] [main/DEBUG] [mixin/]: Mixing util.inventory_comparator_tracking.BlockEntityMixin from canary.mixins.json into net.minecraft.world.level.block.entity.BlockEntity
[19Dec2025 00:54:46.022] [main/DEBUG] [mixin/]: Mixing MixinTileEntity from notenoughcrashes.mixins.json into net.minecraft.world.level.block.entity.BlockEntity
[19Dec2025 00:54:46.022] [main/DEBUG] [mixin/]: Renaming synthetic method lambda$onPopulateCrashReport$0()Ljava/lang/String; to md3c33d9$lambda$onPopulateCrashReport$0$0 in notenoughcrashes.mixins.json:MixinTileEntity
[19Dec2025 00:54:46.031] [main/DEBUG] [mixin/]: Mixing accessor.DispenserBlockEntityAccessor from moonlight-common.mixins.json into net.minecraft.world.level.block.entity.DispenserBlockEntity
[19Dec2025 00:54:46.032] [main/DEBUG] [mixin/]: Mixing util.inventory_change_listening.StackListReplacementTracking$InventoryChangeTrackingDispenserBlockEntity from canary.mixins.json into net.minecraft.world.level.block.entity.DispenserBlockEntity
[19Dec2025 00:54:46.035] [main/DEBUG] [mixin/]: Mixing util.inventory_change_listening.RandomizableContainerBlockEntityMixin from canary.mixins.json into net.minecraft.world.level.block.entity.RandomizableContainerBlockEntity
[19Dec2025 00:54:46.051] [main/DEBUG] [mixin/]: Mixing util.inventory_change_listening.StackListReplacementTracking$StackListReplacementTrackingBaseContainerBlockEntity from canary.mixins.json into net.minecraft.world.level.block.entity.BaseContainerBlockEntity
[19Dec2025 00:54:46.071] [main/DEBUG] [mixin/]: Mixing math.fast_util.AxisCycleDirectionMixin$ForwardMixin from canary.mixins.json into net.minecraft.core.AxisCycle$2
[19Dec2025 00:54:46.074] [main/DEBUG] [mixin/]: Mixing math.fast_util.AxisCycleDirectionMixin$BackwardMixin from canary.mixins.json into net.minecraft.core.AxisCycle$3
[19Dec2025 00:54:46.100] [main/DEBUG] [mixin/]: Mixing PistonBlockEntityMixin from moonlight-common.mixins.json into net.minecraft.world.level.block.piston.PistonMovingBlockEntity
[19Dec2025 00:54:46.105] [main/DEBUG] [mixin/]: Mixing block.moving_block_shapes.PistonMovingBlockEntityMixin from canary.mixins.json into net.minecraft.world.level.block.piston.PistonMovingBlockEntity
[19Dec2025 00:54:46.183] [main/DEBUG] [mixin/]: Mixing util.inventory_change_listening.ChestBlockEntityMixin from canary.mixins.json into net.minecraft.world.level.block.entity.ChestBlockEntity
[19Dec2025 00:54:46.184] [main/DEBUG] [mixin/]: Mixing util.inventory_change_listening.StackListReplacementTracking$InventoryChangeTrackingChestBlockEntity from canary.mixins.json into net.minecraft.world.level.block.entity.ChestBlockEntity
[19Dec2025 00:54:46.212] [main/DEBUG] [mixin/]: Mixing AbstractContainerMenuInvoker from placebo.mixins.json into net.minecraft.world.inventory.AbstractContainerMenu
[19Dec2025 00:54:46.215] [main/DEBUG] [mixin/]: Mixing accessor.CraftingMenuAccessor from visualworkbench.common.mixins.json into net.minecraft.world.inventory.CraftingMenu
[19Dec2025 00:54:46.216] [main/DEBUG] [mixin/]: Mixing AccessorCraftingMenu from polymorph.mixins.json into net.minecraft.world.inventory.CraftingMenu
[19Dec2025 00:54:46.216] [main/DEBUG] [mixin/]: Mixing MixinCraftingMenu from polymorph.mixins.json into net.minecraft.world.inventory.CraftingMenu
[19Dec2025 00:54:46.224] [main/DEBUG] [mixin/]: Mixing AccessorAbstractFurnaceBlockEntity from polymorph.mixins.json into net.minecraft.world.level.block.entity.AbstractFurnaceBlockEntity
[19Dec2025 00:54:46.224] [main/DEBUG] [mixin/]: Mixing world.block_entity_ticking.sleeping.furnace.AbstractFurnaceBlockEntityMixin from canary.mixins.json into net.minecraft.world.level.block.entity.AbstractFurnaceBlockEntity
[19Dec2025 00:54:46.228] [main/DEBUG] [mixin/]: Mixing MixinAbstractFurnaceBlockEntity from fastfurnace.mixins.json into net.minecraft.world.level.block.entity.AbstractFurnaceBlockEntity
[19Dec2025 00:54:46.229] [main/DEBUG] [mixin/]: fastfurnace.mixins.json:MixinAbstractFurnaceBlockEntity: Class version 61 required is higher than the class version supported by the current version of Mixin (JAVA_8 supports class version 52)
[19Dec2025 00:54:46.259] [main/DEBUG] [mixin/]: Mixing math.fast_util.AABBMixin from canary.mixins.json into net.minecraft.world.phys.AABB
[19Dec2025 00:54:46.288] [main/DEBUG] [mixin/]: Mixing MobEntityMixin from immersive_armors.mixins.json into net.minecraft.world.entity.Mob
[19Dec2025 00:54:46.301] [main/DEBUG] [mixin/]: Mixing MobMixin from enhancedai.mixins.json into net.minecraft.world.entity.Mob
[19Dec2025 00:54:46.301] [main/DEBUG] [mixin/]: enhancedai.mixins.json:MobMixin: Class version 61 required is higher than the class version supported by the current version of Mixin (JAVA_8 supports class version 52)
[19Dec2025 00:54:46.304] [main/DEBUG] [mixin/]: Mixing IMixinMob from majruszlibrary-common.mixins.json into net.minecraft.world.entity.Mob
[19Dec2025 00:54:46.305] [main/DEBUG] [mixin/]: Mixing MixinMob from majruszlibrary-common.mixins.json into net.minecraft.world.entity.Mob
[19Dec2025 00:54:46.307] [main/DEBUG] [mixin/]: Mixing MobEntityMixin from spiderstpo.mixins.json into net.minecraft.world.entity.Mob
[19Dec2025 00:54:46.307] [main/DEBUG] [mixin/]: spiderstpo.mixins.json:MobEntityMixin: Class version 61 required is higher than the class version supported by the current version of Mixin (JAVA_8 supports class version 52)
[19Dec2025 00:54:46.309] [main/DEBUG] [mixin/]: Mixing EntityMixin from moonlight-common.mixins.json into net.minecraft.world.entity.Mob
[19Dec2025 00:54:46.310] [main/DEBUG] [mixin/]: Mixing entity.inactive_navigations.MobMixin from canary.mixins.json into net.minecraft.world.entity.Mob
[19Dec2025 00:54:46.314] [main/DEBUG] [mixin/]: Mixing entity.skip_equipment_change_check.MobMixin from canary.mixins.json into net.minecraft.world.entity.Mob
[19Dec2025 00:54:46.380] [main/DEBUG] [mixin/]: Mixing MixinBrewingStandBlockEntity from majruszlibrary-common.mixins.json into net.minecraft.world.level.block.entity.BrewingStandBlockEntity
[19Dec2025 00:54:46.381] [main/DEBUG] [mixin/]: Mixing world.block_entity_ticking.sleeping.brewing_stand.BrewingStandBlockEntityMixin from canary.mixins.json into net.minecraft.world.level.block.entity.BrewingStandBlockEntity
[19Dec2025 00:54:46.437] [main/DEBUG] [net.minecraftforge.coremod.transformer.CoreModBaseTransformer/COREMOD]: Transforming net/minecraft/world/item/ItemStack
[19Dec2025 00:54:46.438] [main/DEBUG] [mixin/]: Mixing ItemStackMixin from kubejs-common.mixins.json into net.minecraft.world.item.ItemStack
[19Dec2025 00:54:46.439] [main/DEBUG] [mixin/]: Mixing ItemStackMixin from placebo.mixins.json into net.minecraft.world.item.ItemStack
[19Dec2025 00:54:46.439] [main/DEBUG] [mixin/]: Renaming synthetic method lambda$getOrCreate$0(Ljava/util/function/Function;Ljava/util/function/ToIntFunction;Lnet/minecraft/resources/ResourceLocation;)Lshadows/placebo/util/CachedObject; to md3c33d9$lambda$getOrCreate$0$0 in placebo.mixins.json:ItemStackMixin
[19Dec2025 00:54:46.444] [main/DEBUG] [mixin/]: Mixing ItemStackMixin from fastsuite.mixins.json into net.minecraft.world.item.ItemStack
[19Dec2025 00:54:46.444] [main/DEBUG] [mixin/]: fastsuite.mixins.json:ItemStackMixin: Class version 61 required is higher than the class version supported by the current version of Mixin (JAVA_8 supports class version 52)
[19Dec2025 00:54:46.445] [main/DEBUG] [mixin/]: Mixing ItemStackMixin from bettercombat.mixins.json into net.minecraft.world.item.ItemStack
[19Dec2025 00:54:46.447] [main/DEBUG] [mixin/]: Mixing AnimatedItemNameMixin from necronomicon.forge.mixins.json into net.minecraft.world.item.ItemStack
[19Dec2025 00:54:46.447] [main/DEBUG] [mixin/]: necronomicon.forge.mixins.json:AnimatedItemNameMixin: Class version 61 required is higher than the class version supported by the current version of Mixin (JAVA_16 supports class version 60)
[19Dec2025 00:54:46.452] [main/DEBUG] [mixin/]: Mixing item.ItemStackMixin from canary.mixins.json into net.minecraft.world.item.ItemStack
[19Dec2025 00:54:46.453] [main/DEBUG] [mixin/]: Mixing util.item_stack_tracking.ItemStackMixin from canary.mixins.json into net.minecraft.world.item.ItemStack
[19Dec2025 00:54:46.460] [main/DEBUG] [mixin/]: Mixing MixinItemStack from majruszlibrary-common.mixins.json into net.minecraft.world.item.ItemStack
[19Dec2025 00:54:46.496] [main/DEBUG] [net.minecraftforge.coremod.transformer.CoreModBaseTransformer/COREMOD]: Transforming getEnchantmentLevel with desc (Lnet/minecraft/world/item/enchantment/Enchantment;)I
[19Dec2025 00:54:46.497] [main/INFO] [net.minecraftforge.coremod.CoreMod.placebo/COREMODLOG]: Patching IForgeItemStack#getEnchantmentLevel
[19Dec2025 00:54:46.497] [main/DEBUG] [net.minecraftforge.coremod.transformer.CoreModBaseTransformer/COREMOD]: Transforming getAllEnchantments with desc ()Ljava/util/Map;
[19Dec2025 00:54:46.497] [main/INFO] [net.minecraftforge.coremod.CoreMod.placebo/COREMODLOG]: Patching IForgeItemStack#getEnchantmentLevel
[19Dec2025 00:54:46.559] [main/DEBUG] [mixin/]: Mixing entity.hopper_minecart.HopperBlockEntityMixin from canary.mixins.json into net.minecraft.world.level.block.entity.HopperBlockEntity
[19Dec2025 00:54:46.563] [main/DEBUG] [mixin/]: Mixing util.inventory_change_listening.StackListReplacementTracking$InventoryChangeTrackingHopperBlockEntity from canary.mixins.json into net.minecraft.world.level.block.entity.HopperBlockEntity
[19Dec2025 00:54:46.564] [main/DEBUG] [mixin/]: Mixing world.block_entity_ticking.sleeping.hopper.HopperBlockEntityMixin from canary.mixins.json into net.minecraft.world.level.block.entity.HopperBlockEntity
[19Dec2025 00:54:46.644] [main/DEBUG] [mixin/]: Mixing MixinProjectile from majruszlibrary-common.mixins.json into net.minecraft.world.entity.projectile.Projectile
[19Dec2025 00:54:46.657] [main/DEBUG] [mixin/]: Mixing util.inventory_change_listening.StackListReplacementTracking$InventoryChangeTrackingShulkerBoxBlockEntity from canary.mixins.json into net.minecraft.world.level.block.entity.ShulkerBoxBlockEntity
[19Dec2025 00:54:46.658] [main/DEBUG] [mixin/]: Mixing world.block_entity_ticking.sleeping.shulker_box.ShulkerBoxBlockEntityMixin from canary.mixins.json into net.minecraft.world.level.block.entity.ShulkerBoxBlockEntity
[19Dec2025 00:54:46.675] [main/DEBUG] [mixin/]: Mixing MixinAnimal from majruszlibrary-common.mixins.json into net.minecraft.world.entity.animal.Animal
[19Dec2025 00:54:46.735] [main/DEBUG] [mixin/]: Mixing util.inventory_change_listening.StackListReplacementTracking$InventoryChangeTrackingBarrelBlockEntity from canary.mixins.json into net.minecraft.world.level.block.entity.BarrelBlockEntity
[19Dec2025 00:54:46.744] [main/DEBUG] [mixin/]: Mixing MixinSmithingMenu from polymorph.mixins.json into net.minecraft.world.inventory.SmithingMenu
[19Dec2025 00:54:46.745] [main/DEBUG] [mixin/]: Renaming synthetic method lambda$polymorph$updateRepairOutput$0(Lnet/minecraft/world/item/crafting/UpgradeRecipe;)V to md3c33d9$lambda$polymorph$updateRepairOutput$0$0 in polymorph.mixins.json:MixinSmithingMenu
[19Dec2025 00:54:46.755] [main/DEBUG] [mixin/]: Mixing world.block_entity_ticking.sleeping.campfire.CampfireBlockEntityMixin from canary.mixins.json into net.minecraft.world.level.block.entity.CampfireBlockEntity
[19Dec2025 00:54:46.838] [main/DEBUG] [mixin/]: Mixing MixinLightningBolt from architectury-common.mixins.json into net.minecraft.world.entity.LightningBolt
[19Dec2025 00:54:46.840] [main/DEBUG] [mixin/]: Mixing LightningEntityMixin from moonlight-common.mixins.json into net.minecraft.world.entity.LightningBolt
[19Dec2025 00:54:46.938] [main/DEBUG] [mixin/]: Mixing world.combined_heightmap_update.HeightmapAccessor from canary.mixins.json into net.minecraft.world.level.levelgen.Heightmap
[19Dec2025 00:54:46.944] [main/DEBUG] [mixin/]: Mixing perf.nbt_memory_usage.CompoundTagMixin from modernfix-common.mixins.json into net.minecraft.nbt.CompoundTag
[19Dec2025 00:54:46.946] [main/DEBUG] [mixin/]: Mixing alloc.nbt.CompoundTagMixin from canary.mixins.json into net.minecraft.nbt.CompoundTag
[19Dec2025 00:54:46.955] [main/DEBUG] [mixin/]: Mixing perf.nbt_memory_usage.CompoundTag1Mixin from modernfix-common.mixins.json into net.minecraft.nbt.CompoundTag$1
[19Dec2025 00:54:46.956] [main/DEBUG] [mixin/]: Mixing alloc.nbt.CompoundTagMixin$Type from canary.mixins.json into net.minecraft.nbt.CompoundTag$1
[19Dec2025 00:54:46.998] [main/DEBUG] [mixin/]: Mixing PathRecomputeChunkLoadPrevention from betterchunkloading.mixins.json into net.minecraft.world.entity.ai.navigation.PathNavigation
[19Dec2025 00:54:46.999] [main/DEBUG] [mixin/]: Mixing MixinPathNavigation from cave_dweller.mixins.json into net.minecraft.world.entity.ai.navigation.PathNavigation
[19Dec2025 00:54:47.000] [main/DEBUG] [mixin/]: Mixing MixinPathNavigation from steve_dweller.mixins.json into net.minecraft.world.entity.ai.navigation.PathNavigation
[19Dec2025 00:54:47.002] [main/DEBUG] [mixin/]: Mixing MixinPathNavigation from mokey.mixins.json into net.minecraft.world.entity.ai.navigation.PathNavigation
[19Dec2025 00:54:47.003] [main/DEBUG] [mixin/]: Mixing MixinPathNavigation from demonic_watcher.mixins.json into net.minecraft.world.entity.ai.navigation.PathNavigation
[19Dec2025 00:54:47.004] [main/DEBUG] [mixin/]: Mixing MixinPathNavigation from torture.mixins.json into net.minecraft.world.entity.ai.navigation.PathNavigation
[19Dec2025 00:54:47.005] [main/DEBUG] [mixin/]: Mixing MixinPathNavigation from the_rake.mixins.json into net.minecraft.world.entity.ai.navigation.PathNavigation
[19Dec2025 00:54:47.007] [main/DEBUG] [mixin/]: Mixing MixinPathNavigation from kim_dweller.mixins.json into net.minecraft.world.entity.ai.navigation.PathNavigation
[19Dec2025 00:54:47.008] [main/DEBUG] [mixin/]: Mixing MixinPathNavigation from vivilly_dweller.mixins.json into net.minecraft.world.entity.ai.navigation.PathNavigation
[19Dec2025 00:54:47.009] [main/DEBUG] [mixin/]: Mixing entity.inactive_navigations.PathNavigationMixin from canary.mixins.json into net.minecraft.world.entity.ai.navigation.PathNavigation
[19Dec2025 00:54:47.011] [main/DEBUG] [mixin/]: Mixing MixinPathNavigation from cartoon_dweller.mixins.json into net.minecraft.world.entity.ai.navigation.PathNavigation
[19Dec2025 00:54:47.031] [main/DEBUG] [mixin/]: Mixing MixinGroundPathNavigation from cave_dweller.mixins.json into net.minecraft.world.entity.ai.navigation.GroundPathNavigation
[19Dec2025 00:54:47.033] [main/DEBUG] [mixin/]: Mixing MixinGroundPathNavigation from steve_dweller.mixins.json into net.minecraft.world.entity.ai.navigation.GroundPathNavigation
[19Dec2025 00:54:47.034] [main/DEBUG] [mixin/]: Mixing MixinGroundPathNavigation from mokey.mixins.json into net.minecraft.world.entity.ai.navigation.GroundPathNavigation
[19Dec2025 00:54:47.035] [main/DEBUG] [mixin/]: Mixing MixinGroundPathNavigation from demonic_watcher.mixins.json into net.minecraft.world.entity.ai.navigation.GroundPathNavigation
[19Dec2025 00:54:47.036] [main/DEBUG] [mixin/]: Mixing MixinGroundPathNavigation from torture.mixins.json into net.minecraft.world.entity.ai.navigation.GroundPathNavigation
[19Dec2025 00:54:47.037] [main/DEBUG] [mixin/]: Mixing MixinGroundPathNavigation from the_rake.mixins.json into net.minecraft.world.entity.ai.navigation.GroundPathNavigation
[19Dec2025 00:54:47.038] [main/DEBUG] [mixin/]: Mixing MixinGroundPathNavigation from kim_dweller.mixins.json into net.minecraft.world.entity.ai.navigation.GroundPathNavigation
[19Dec2025 00:54:47.039] [main/DEBUG] [mixin/]: Mixing MixinGroundPathNavigation from vivilly_dweller.mixins.json into net.minecraft.world.entity.ai.navigation.GroundPathNavigation
[19Dec2025 00:54:47.041] [main/DEBUG] [mixin/]: Mixing MixinGroundPathNavigation from cartoon_dweller.mixins.json into net.minecraft.world.entity.ai.navigation.GroundPathNavigation
[19Dec2025 00:54:47.055] [main/DEBUG] [mixin/]: Mixing HangingentityMixin from fastpaintings.mixins.json into net.minecraft.world.entity.decoration.HangingEntity
[19Dec2025 00:54:47.057] [main/DEBUG] [mixin/]: Mixing entity.replace_entitytype_predicates.HangingEntityMixin from canary.mixins.json into net.minecraft.world.entity.decoration.HangingEntity
[19Dec2025 00:54:47.058] [main/DEBUG] [mixin/]: Renaming synthetic method lambda$getAbstractDecorationEntities$0(Lnet/minecraft/world/entity/Entity;Lnet/minecraft/world/entity/decoration/HangingEntity;)Z to md3c33d9$lambda$getAbstractDecorationEntities$0$0 in canary.mixins.json:entity.replace_entitytype_predicates.HangingEntityMixin
[19Dec2025 00:54:47.067] [main/DEBUG] [mixin/]: Mixing MobCategoryMixin from enhancedai.mixins.json into net.minecraft.world.entity.MobCategory
[19Dec2025 00:54:47.068] [main/DEBUG] [mixin/]: enhancedai.mixins.json:MobCategoryMixin: Class version 61 required is higher than the class version supported by the current version of Mixin (JAVA_8 supports class version 52)
[19Dec2025 00:54:47.068] [main/DEBUG] [mixin/]: Mixing MixinMobCategory from majruszlibrary-common.mixins.json into net.minecraft.world.entity.MobCategory
[19Dec2025 00:54:47.073] [main/DEBUG] [mixin/]: Mixing perf.dynamic_dfu.EntityTypeBuilderMixin from modernfix-common.mixins.json into net.minecraft.world.entity.EntityType$Builder
[19Dec2025 00:54:47.081] [main/DEBUG] [mixin/]: Mixing entity.replace_entitytype_predicates.ArmorStandMixin from canary.mixins.json into net.minecraft.world.entity.decoration.ArmorStand
[19Dec2025 00:54:47.081] [main/DEBUG] [mixin/]: Renaming synthetic method lambda$getMinecartsDirectly$0(Lnet/minecraft/world/entity/Entity;Lnet/minecraft/world/entity/Entity;)Z to md3c33d9$lambda$getMinecartsDirectly$0$0 in canary.mixins.json:entity.replace_entitytype_predicates.ArmorStandMixin
[19Dec2025 00:54:47.082] [main/DEBUG] [mixin/]: Mixing entity.skip_equipment_change_check.ArmorStandMixin from canary.mixins.json into net.minecraft.world.entity.decoration.ArmorStand
[19Dec2025 00:54:47.090] [main/DEBUG] [mixin/]: Mixing MixinArrow from majruszlibrary-common.mixins.json into net.minecraft.world.entity.projectile.Arrow
[19Dec2025 00:54:47.098] [main/DEBUG] [mixin/]: Mixing MixinExperienceOrb from majruszlibrary-common.mixins.json into net.minecraft.world.entity.ExperienceOrb
[19Dec2025 00:54:47.099] [main/DEBUG] [mixin/]: Mixing ExperienceOrbAccess from clumps.mixins.json into net.minecraft.world.entity.ExperienceOrb
[19Dec2025 00:54:47.099] [main/DEBUG] [mixin/]: Mixing MixinExperienceOrb from clumps.mixins.json into net.minecraft.world.entity.ExperienceOrb
[19Dec2025 00:54:47.100] [main/DEBUG] [mixin/]: Renaming synthetic method lambda$clumps$resolve$7(Ljava/util/Map$Entry;)Ljava/lang/Integer; to md3c33d9$lambda$clumps$resolve$7$0 in clumps.mixins.json:MixinExperienceOrb
[19Dec2025 00:54:47.100] [main/DEBUG] [mixin/]: Renaming synthetic method lambda$addAdditionalSaveData$6(Lnet/minecraft/nbt/CompoundTag;Ljava/lang/Integer;Ljava/lang/Integer;)V to md3c33d9$lambda$addAdditionalSaveData$6$1 in clumps.mixins.json:MixinExperienceOrb
[19Dec2025 00:54:47.100] [main/DEBUG] [mixin/]: Renaming synthetic method lambda$tryMergeToExisting$5(Ljava/util/Map;)Ljava/util/stream/Stream; to md3c33d9$lambda$tryMergeToExisting$5$2 in clumps.mixins.json:MixinExperienceOrb
[19Dec2025 00:54:47.100] [main/DEBUG] [mixin/]: Renaming synthetic method lambda$tryMergeToExisting$4(IILnet/minecraft/world/entity/ExperienceOrb;)Z to md3c33d9$lambda$tryMergeToExisting$4$3 in clumps.mixins.json:MixinExperienceOrb
[19Dec2025 00:54:47.100] [main/DEBUG] [mixin/]: Renaming synthetic method lambda$merge$3(Ljava/util/Map;)Ljava/util/stream/Stream; to md3c33d9$lambda$merge$3$4 in clumps.mixins.json:MixinExperienceOrb
[19Dec2025 00:54:47.100] [main/DEBUG] [mixin/]: Renaming synthetic method lambda$clumps$repairPlayerItems$2(ILnet/minecraft/world/entity/player/Player;Lnet/minecraft/world/item/ItemStack;)Ljava/lang/Integer; to md3c33d9$lambda$clumps$repairPlayerItems$2$5 in clumps.mixins.json:MixinExperienceOrb
[19Dec2025 00:54:47.101] [main/DEBUG] [mixin/]: Renaming synthetic method lambda$clumps$repairPlayerItems$1(Lnet/minecraft/world/item/ItemStack;Ljava/lang/Integer;)Ljava/lang/Float; to md3c33d9$lambda$clumps$repairPlayerItems$1$6 in clumps.mixins.json:MixinExperienceOrb
[19Dec2025 00:54:47.101] [main/DEBUG] [mixin/]: Renaming synthetic method lambda$playerTouch$0(Lnet/minecraft/world/entity/player/Player;Ljava/util/concurrent/atomic/AtomicInteger;Ljava/lang/Integer;Ljava/lang/Integer;)V to md3c33d9$lambda$playerTouch$0$7 in clumps.mixins.json:MixinExperienceOrb
[19Dec2025 00:54:47.132] [main/DEBUG] [mixin/]: Mixing ServerPlayerMixin from item_obliterator.mixins.json into net.minecraft.server.level.ServerPlayer
[19Dec2025 00:54:47.133] [main/DEBUG] [mixin/]: Mixing PlayerChunkDataMixin from betterchunkloading.mixins.json into net.minecraft.server.level.ServerPlayer
[19Dec2025 00:54:47.135] [main/DEBUG] [mixin/]: Mixing ServerPlayerMixin from kubejs-common.mixins.json into net.minecraft.server.level.ServerPlayer
[19Dec2025 00:54:47.135] [main/DEBUG] [mixin/]: Mixing MixinServerPlayer from majruszlibrary-common.mixins.json into net.minecraft.server.level.ServerPlayer
[19Dec2025 00:54:47.136] [main/DEBUG] [mixin/]: Mixing ServerPlayerChunkSending from chunksending.mixins.json into net.minecraft.server.level.ServerPlayer
[19Dec2025 00:54:47.136] [main/DEBUG] [mixin/]: Renaming synthetic method lambda$chunksending$update$0(Ljava/util/Map$Entry;)D to md3c33d9$lambda$chunksending$update$0$0 in chunksending.mixins.json:ServerPlayerChunkSending
[19Dec2025 00:54:47.156] [main/DEBUG] [mixin/]: Mixing perf.ticking_chunk_alloc.BatMixin from modernfix-common.mixins.json into net.minecraft.world.entity.ambient.Bat
[19Dec2025 00:54:47.166] [main/DEBUG] [mixin/]: Mixing MeleeAttackGoalMixin from enhancedai.mixins.json into net.minecraft.world.entity.ai.goal.MeleeAttackGoal
[19Dec2025 00:54:47.167] [main/DEBUG] [mixin/]: enhancedai.mixins.json:MeleeAttackGoalMixin: Class version 61 required is higher than the class version supported by the current version of Mixin (JAVA_8 supports class version 52)
[19Dec2025 00:54:47.169] [main/DEBUG] [mixin/]: Mixing IMixinBreedGoal from majruszlibrary-common.mixins.json into net.minecraft.world.entity.ai.goal.BreedGoal
[19Dec2025 00:54:47.173] [main/DEBUG] [mixin/]: Mixing BeeGoalMixin from moonlight-common.mixins.json into net.minecraft.world.entity.animal.Bee$BeeGrowCropGoal
[19Dec2025 00:54:47.180] [main/DEBUG] [mixin/]: Mixing MixinFollowTargetGoal from immersive_armors.mixins.json into net.minecraft.world.entity.ai.goal.target.NearestAttackableTargetGoal
[19Dec2025 00:54:47.189] [main/DEBUG] [mixin/]: Mixing entity.collisions.unpushable_cramming.BoatMixin from canary.mixins.json into net.minecraft.world.entity.vehicle.Boat
[19Dec2025 00:54:47.198] [main/DEBUG] [mixin/]: Mixing MixinTamableAnimal from majruszlibrary-common.mixins.json into net.minecraft.world.entity.TamableAnimal
[19Dec2025 00:54:47.209] [main/DEBUG] [mixin/]: Mixing ClimberEntityMixin from spiderstpo.mixins.json into net.minecraft.world.entity.monster.Spider
[19Dec2025 00:54:47.210] [main/DEBUG] [mixin/]: spiderstpo.mixins.json:ClimberEntityMixin: Class version 61 required is higher than the class version supported by the current version of Mixin (JAVA_8 supports class version 52)
[19Dec2025 00:54:47.222] [main/DEBUG] [mixin/]: Renaming synthetic method lambda$updateOffsetsAndOrientation$2(Lnet/minecraft/world/phys/AABB;Lnet/minecraft/world/phys/shapes/Shapes$DoubleLineConsumer;)V to md3c33d9$lambda$updateOffsetsAndOrientation$2$0 in spiderstpo.mixins.json:ClimberEntityMixin
[19Dec2025 00:54:47.222] [main/DEBUG] [mixin/]: Renaming synthetic method lambda$getCollisionBoxes$1(Ljava/util/List;DDDDDD)V to md3c33d9$lambda$getCollisionBoxes$1$1 in spiderstpo.mixins.json:ClimberEntityMixin
[19Dec2025 00:54:47.222] [main/DEBUG] [mixin/]: Renaming synthetic method lambda$forEachCollisonBox$0(Lnet/minecraft/world/phys/shapes/Shapes$DoubleLineConsumer;Lnet/minecraft/world/phys/shapes/VoxelShape;)V to md3c33d9$lambda$forEachCollisonBox$0$2 in spiderstpo.mixins.json:ClimberEntityMixin
[19Dec2025 00:54:47.264] [main/DEBUG] [mixin/]: Mixing BetterSpiderEntityMixin from spiderstpo.mixins.json into net.minecraft.world.entity.monster.Spider
[19Dec2025 00:54:47.264] [main/DEBUG] [mixin/]: spiderstpo.mixins.json:BetterSpiderEntityMixin: Class version 61 required is higher than the class version supported by the current version of Mixin (JAVA_8 supports class version 52)
[19Dec2025 00:54:47.315] [main/DEBUG] [mixin/]: Mixing CreeperMixin from enhancedai.mixins.json into net.minecraft.world.entity.monster.Creeper
[19Dec2025 00:54:47.315] [main/DEBUG] [mixin/]: enhancedai.mixins.json:CreeperMixin: Class version 61 required is higher than the class version supported by the current version of Mixin (JAVA_8 supports class version 52)
[19Dec2025 00:54:47.325] [main/DEBUG] [mixin/]: Mixing MixinAbstractHorse from majruszlibrary-common.mixins.json into net.minecraft.world.entity.animal.horse.AbstractHorse
[19Dec2025 00:54:47.336] [main/DEBUG] [mixin/]: Mixing MixinDragonFireball from endertrigon.mixins.json into net.minecraft.world.entity.projectile.DragonFireball
[19Dec2025 00:54:47.341] [main/DEBUG] [mixin/]: Mixing entity.inactive_navigations.DrownedMixin from canary.mixins.json into net.minecraft.world.entity.monster.Drowned
[19Dec2025 00:54:47.356] [main/DEBUG] [mixin/]: Mixing entity.inactive_navigations.DrownedGoToBeachGoalMixin from canary.mixins.json into net.minecraft.world.entity.monster.Drowned$DrownedGoToBeachGoal
[19Dec2025 00:54:47.366] [main/DEBUG] [mixin/]: Mixing MixinEnderDragon from endertrigon.mixins.json into net.minecraft.world.entity.boss.enderdragon.EnderDragon
[19Dec2025 00:54:47.367] [main/DEBUG] [mixin/]: Renaming synthetic method lambda$static$0(Lnet/minecraft/world/entity/Entity;)Z to md3c33d9$lambda$static$0$0 in endertrigon.mixins.json:MixinEnderDragon
[19Dec2025 00:54:47.375] [main/DEBUG] [mixin/]: Mixing IMixinEnderDragon from endertrigon.mixins.json into net.minecraft.world.entity.boss.enderdragon.EnderDragon
[19Dec2025 00:54:47.383] [main/DEBUG] [mixin/]: Mixing MixinEnderDragonPart from endertrigon.mixins.json into net.minecraft.world.entity.boss.EnderDragonPart
[19Dec2025 00:54:47.392] [main/DEBUG] [mixin/]: Mixing ai.raid.RaiderMixin from canary.mixins.json into net.minecraft.world.entity.raid.Raider
[19Dec2025 00:54:47.393] [main/DEBUG] [mixin/]: Renaming synthetic method lambda$static$0(Lnet/minecraft/world/entity/item/ItemEntity;)Z to md3c33d9$lambda$static$0$0 in canary.mixins.json:ai.raid.RaiderMixin
[19Dec2025 00:54:47.399] [main/DEBUG] [mixin/]: Mixing ai.raid.ObtainRaidLeaderBannerGoalMixin from canary.mixins.json into net.minecraft.world.entity.raid.Raider$ObtainRaidLeaderBannerGoal
[19Dec2025 00:54:47.401] [main/DEBUG] [mixin/]: Mixing ai.poi.tasks.RaiderMoveThroughVillageGoalMixin from canary.mixins.json into net.minecraft.world.entity.raid.Raider$RaiderMoveThroughVillageGoal
[19Dec2025 00:54:47.412] [main/DEBUG] [mixin/]: Mixing MixinFallingBlockEntity from architectury.mixins.json into net.minecraft.world.entity.item.FallingBlockEntity
[19Dec2025 00:54:47.419] [main/DEBUG] [mixin/]: Mixing FixBlockPlaceContextMixin from moonlight-common.mixins.json into net.minecraft.world.item.context.BlockPlaceContext
[19Dec2025 00:54:47.423] [main/DEBUG] [mixin/]: Mixing FireworkRocketEntityMixin from kubejs-common.mixins.json into net.minecraft.world.entity.projectile.FireworkRocketEntity
[19Dec2025 00:54:47.429] [main/DEBUG] [mixin/]: Mixing MixinFoxBreedGoal from majruszlibrary-common.mixins.json into net.minecraft.world.entity.animal.Fox$FoxBreedGoal
[19Dec2025 00:54:47.447] [main/DEBUG] [mixin/]: Mixing ItemFrameEntityMixin from kubejs-common.mixins.json into net.minecraft.world.entity.decoration.ItemFrame
[19Dec2025 00:54:47.447] [main/DEBUG] [mixin/]: Mixing entity.replace_entitytype_predicates.ItemFrameMixin from canary.mixins.json into net.minecraft.world.entity.decoration.ItemFrame
[19Dec2025 00:54:47.448] [main/DEBUG] [mixin/]: Renaming synthetic method lambda$getAbstractDecorationEntities$0(Lnet/minecraft/world/entity/Entity;Lnet/minecraft/world/entity/decoration/HangingEntity;)Z to md3c33d9$lambda$getAbstractDecorationEntities$0$0 in canary.mixins.json:entity.replace_entitytype_predicates.ItemFrameMixin
[19Dec2025 00:54:47.469] [main/DEBUG] [mixin/]: Mixing entity.replace_entitytype_predicates.GolemRandomStrollInVillageGoalMixin from canary.mixins.json into net.minecraft.world.entity.ai.goal.GolemRandomStrollInVillageGoal
[19Dec2025 00:54:47.478] [main/DEBUG] [mixin/]: Mixing entity.replace_entitytype_predicates.LlamaFollowCaravanGoalMixin from canary.mixins.json into net.minecraft.world.entity.ai.goal.LlamaFollowCaravanGoal
[19Dec2025 00:54:47.479] [main/DEBUG] [mixin/]: Renaming synthetic method lambda$getLlamasForCaravan$0(Lnet/minecraft/world/entity/Entity;Lnet/minecraft/world/entity/animal/horse/Llama;)Z to md3c33d9$lambda$getLlamasForCaravan$0$0 in canary.mixins.json:entity.replace_entitytype_predicates.LlamaFollowCaravanGoalMixin
[19Dec2025 00:54:47.493] [main/DEBUG] [mixin/]: Mixing entity.collisions.unpushable_cramming.AbstractMinecartMixin from canary.mixins.json into net.minecraft.world.entity.vehicle.AbstractMinecart
[19Dec2025 00:54:47.494] [main/DEBUG] [mixin/]: Mixing entity.replace_entitytype_predicates.AbstractMinecartMixin from canary.mixins.json into net.minecraft.world.entity.vehicle.AbstractMinecart
[19Dec2025 00:54:47.494] [main/DEBUG] [mixin/]: Renaming synthetic method lambda$getOtherAbstractMinecarts$0(Lnet/minecraft/world/entity/Entity;Lnet/minecraft/world/entity/vehicle/AbstractMinecart;)Z to md3c33d9$lambda$getOtherAbstractMinecarts$0$0 in canary.mixins.json:entity.replace_entitytype_predicates.AbstractMinecartMixin
[19Dec2025 00:54:47.573] [main/DEBUG] [mixin/]: Mixing AbstractSkeletonMixin from enhancedai.mixins.json into net.minecraft.world.entity.monster.AbstractSkeleton
[19Dec2025 00:54:47.573] [main/DEBUG] [mixin/]: enhancedai.mixins.json:AbstractSkeletonMixin: Class version 61 required is higher than the class version supported by the current version of Mixin (JAVA_8 supports class version 52)
[19Dec2025 00:54:47.602] [main/DEBUG] [mixin/]: Mixing entity.data_tracker.use_arrays.SynchedEntityDataMixin from canary.mixins.json into net.minecraft.network.syncher.SynchedEntityData
[19Dec2025 00:54:47.608] [main/DEBUG] [mixin/]: Mixing entity.data_tracker.no_locks.SynchedEntityDataMixin from canary.mixins.json into net.minecraft.network.syncher.SynchedEntityData
[19Dec2025 00:54:47.622] [main/DEBUG] [mixin/]: Mixing ai.sensor.secondary_poi.SecondaryPoiSensorMixin from canary.mixins.json into net.minecraft.world.entity.ai.sensing.SecondaryPoiSensor
[19Dec2025 00:54:47.636] [main/DEBUG] [mixin/]: Mixing util.world_border_listener.WorldBorderMixin from canary.mixins.json into net.minecraft.world.level.border.WorldBorder
[19Dec2025 00:54:47.642] [main/DEBUG] [mixin/]: Mixing perf.ticking_chunk_alloc.ChunkAccessMixin from modernfix-common.mixins.json into net.minecraft.world.level.chunk.ChunkAccess
[19Dec2025 00:54:47.642] [main/DEBUG] [mixin/]: Mixing ChunkAccessMixin from smoothchunk.mixins.json into net.minecraft.world.level.chunk.ChunkAccess
[19Dec2025 00:54:47.645] [main/DEBUG] [mixin/]: Mixing LevelChunkPostProcessMixin from betterchunkloading.mixins.json into net.minecraft.world.level.chunk.LevelChunk
[19Dec2025 00:54:47.650] [main/DEBUG] [mixin/]: Mixing world.inline_block_access.LevelChunkMixin from canary.mixins.json into net.minecraft.world.level.chunk.LevelChunk
[19Dec2025 00:54:47.650] [main/DEBUG] [mixin/]: Mixing LevelChunkMixin from moonlight-common.mixins.json into net.minecraft.world.level.chunk.LevelChunk
[19Dec2025 00:54:47.651] [main/DEBUG] [mixin/]: Mixing world.block_entity_ticking.sleeping.LevelChunkMixin from canary.mixins.json into net.minecraft.world.level.chunk.LevelChunk
[19Dec2025 00:54:47.651] [main/DEBUG] [mixin/]: Mixing world.combined_heightmap_update.LevelChunkMixin from canary.mixins.json into net.minecraft.world.level.chunk.LevelChunk
[19Dec2025 00:54:47.652] [main/DEBUG] [mixin/]: Mixing world.inline_height.LevelChunkMixin from canary.mixins.json into net.minecraft.world.level.chunk.LevelChunk
[19Dec2025 00:54:47.681] [main/DEBUG] [mixin/]: Mixing MixinVillager from majruszlibrary-common.mixins.json into net.minecraft.world.entity.npc.Villager
[19Dec2025 00:54:47.682] [main/DEBUG] [mixin/]: Mixing VillagerMixin from moonlight-common.mixins.json into net.minecraft.world.entity.npc.Villager
[19Dec2025 00:54:47.692] [main/DEBUG] [mixin/]: Mixing VillagerTradeMixin from item_obliterator.mixins.json into net.minecraft.world.inventory.MerchantMenu
[19Dec2025 00:54:47.692] [main/DEBUG] [mixin/]: Renaming synthetic method lambda$getRecipes$1(Lnet/minecraft/world/item/trading/MerchantOffers;Lnet/minecraft/world/item/trading/MerchantOffer;)V to md3c33d9$lambda$getRecipes$1$0 in item_obliterator.mixins.json:VillagerTradeMixin
[19Dec2025 00:54:47.692] [main/DEBUG] [mixin/]: Renaming synthetic method lambda$getRecipes$0(Lnet/minecraft/nbt/CompoundTag;)V to md3c33d9$lambda$getRecipes$0$1 in item_obliterator.mixins.json:VillagerTradeMixin
[19Dec2025 00:54:47.696] [main/DEBUG] [mixin/]: Mixing WitchMixin from enhancedai.mixins.json into net.minecraft.world.entity.monster.Witch
[19Dec2025 00:54:47.697] [main/DEBUG] [mixin/]: enhancedai.mixins.json:WitchMixin: Class version 61 required is higher than the class version supported by the current version of Mixin (JAVA_8 supports class version 52)
[19Dec2025 00:54:47.727] [main/DEBUG] [mixin/]: Mixing MixinWanderingTrader from majruszlibrary-common.mixins.json into net.minecraft.world.entity.npc.WanderingTrader
[19Dec2025 00:54:47.742] [main/DEBUG] [mixin/]: Mixing ai.task.memory_change_counting.BehaviorMixin from canary.mixins.json into net.minecraft.world.entity.ai.behavior.Behavior
[19Dec2025 00:54:47.756] [main/DEBUG] [mixin/]: Mixing MixinFishingHook from majruszlibrary-common.mixins.json into net.minecraft.world.entity.projectile.FishingHook
[19Dec2025 00:54:47.756] [main/DEBUG] [mixin/]: Mixing MixinFishingHook from majruszlibrary-forge.mixins.json into net.minecraft.world.entity.projectile.FishingHook
[19Dec2025 00:54:47.834] [main/DEBUG] [mixin/]: Mixing collections.mob_spawning.WeightedRandomListMixin from canary.mixins.json into net.minecraft.util.random.WeightedRandomList
[19Dec2025 00:54:47.862] [main/DEBUG] [mixin/]: Mixing ChunkLoadDebug from cupboard.mixins.json into net.minecraft.server.level.ServerChunkCache
[19Dec2025 00:54:47.863] [main/DEBUG] [mixin/]: Mixing ServerChunkCacheMixin from smoothchunk.mixins.json into net.minecraft.server.level.ServerChunkCache
[19Dec2025 00:54:47.863] [main/DEBUG] [mixin/]: Mixing alloc.chunk_ticking.ServerChunkCacheMixin from canary.mixins.json into net.minecraft.server.level.ServerChunkCache
[19Dec2025 00:54:47.863] [main/DEBUG] [mixin/]: Mixing chunk.replace_streams.servercore_compat.ServerChunkCacheMixin from canary.mixins.json into net.minecraft.server.level.ServerChunkCache
[19Dec2025 00:54:47.863] [main/DEBUG] [mixin/]: Mixing world.chunk_access.ServerChunkCacheMixin from canary.mixins.json into net.minecraft.server.level.ServerChunkCache
[19Dec2025 00:54:47.864] [main/DEBUG] [mixin/]: Renaming synthetic method lambda$getChunkOffThread$0(IILnet/minecraft/world/level/chunk/ChunkStatus;Z)Lnet/minecraft/world/level/chunk/ChunkAccess; to md3c33d9$lambda$getChunkOffThread$0$0 in canary.mixins.json:world.chunk_access.ServerChunkCacheMixin
[19Dec2025 00:54:47.866] [main/DEBUG] [mixin/]: Mixing bugfix.chunk_deadlock.ServerChunkCache_CurrentLoadingMixin from modernfix-forge.mixins.json into net.minecraft.server.level.ServerChunkCache
[19Dec2025 00:54:47.873] [main/DEBUG] [mixin/]: Mixing MixinLevelEvent from architectury.mixins.json into net.minecraftforge.event.level.LevelEvent
[19Dec2025 00:54:47.878] [main/DEBUG] [mixin/]: Mixing MapDataMixin from moonlight-common.mixins.json into net.minecraft.world.level.saveddata.maps.MapItemSavedData
[19Dec2025 00:54:47.879] [main/DEBUG] [mixin/]: Renaming synthetic method lambda$save$3(Lnet/minecraft/nbt/CompoundTag;Lnet/minecraft/resources/ResourceLocation;Lnet/mehvahdjukaar/moonlight/api/map/CustomMapData;)V to md3c33d9$lambda$save$3$0 in moonlight-common.mixins.json:MapDataMixin
[19Dec2025 00:54:47.879] [main/DEBUG] [mixin/]: Renaming synthetic method lambda$load$2(Lnet/minecraft/nbt/CompoundTag;Lnet/mehvahdjukaar/moonlight/api/map/CustomMapData;)V to md3c33d9$lambda$load$2$1 in moonlight-common.mixins.json:MapDataMixin
[19Dec2025 00:54:47.879] [main/DEBUG] [mixin/]: Renaming synthetic method lambda$setCustomDataDirty$1(Lnet/mehvahdjukaar/moonlight/api/map/CustomMapData$Type;Ljava/util/function/Consumer;Lnet/minecraft/world/level/saveddata/maps/MapItemSavedData$HoldingPlayer;)V to md3c33d9$lambda$setCustomDataDirty$1$2 in moonlight-common.mixins.json:MapDataMixin
[19Dec2025 00:54:47.879] [main/DEBUG] [mixin/]: Renaming synthetic method lambda$setCustomDecorationsDirty$0(Lnet/minecraft/world/level/saveddata/maps/MapItemSavedData$HoldingPlayer;)V to md3c33d9$lambda$setCustomDecorationsDirty$0$3 in moonlight-common.mixins.json:MapDataMixin
[19Dec2025 00:54:47.992] [main/DEBUG] [mixin/]: Mixing collections.mob_spawning.MobSpawnSettingsMixin from canary.mixins.json into net.minecraft.world.level.biome.MobSpawnSettings
[19Dec2025 00:54:48.039] [main/DEBUG] [mixin/]: Mixing accessor.MobSpawnSettingsBuilderForgeAccessor from puzzleslib.forge.mixins.json into net.minecraft.world.level.biome.MobSpawnSettings$Builder
[19Dec2025 00:54:48.052] [main/DEBUG] [mixin/]: Mixing StringTagMixin from rhino-common.mixins.json into net.minecraft.nbt.StringTag
[19Dec2025 00:54:48.082] [main/DEBUG] [net.minecraftforge.coremod.transformer.CoreModBaseTransformer/COREMOD]: Transforming net/minecraft/world/level/biome/Biome
[19Dec2025 00:54:48.082] [main/DEBUG] [mixin/]: Mixing perf.remove_biome_temperature_cache.BiomeMixin from modernfix-common.mixins.json into net.minecraft.world.level.biome.Biome
[19Dec2025 00:54:48.083] [main/WARN] [mixin/]: Static binding violation: PRIVATE @Overwrite method m_47505_ in modernfix-common.mixins.json:perf.remove_biome_temperature_cache.BiomeMixin cannot reduce visibiliy of PUBLIC target method, visibility will be upgraded.
[19Dec2025 00:54:48.083] [main/DEBUG] [mixin/]: Mixing world.chunk_ticking.spread_ice.BiomeMixin from canary.mixins.json into net.minecraft.world.level.biome.Biome
[19Dec2025 00:54:48.087] [main/DEBUG] [mixin/]: Mixing accessor.BiomeSpecialEffectsBuilderForgeAccessor from puzzleslib.forge.mixins.json into net.minecraft.world.level.biome.BiomeSpecialEffects$Builder
[19Dec2025 00:54:48.254] [main/DEBUG] [mixin/]: Mixing perf.faster_structure_location.ChunkGeneratorAccessor from modernfix-common.mixins.json into net.minecraft.world.level.chunk.ChunkGenerator
[19Dec2025 00:54:48.255] [main/DEBUG] [mixin/]: Mixing perf.cache_strongholds.ChunkGeneratorMixin from modernfix-common.mixins.json into net.minecraft.world.level.chunk.ChunkGenerator
[19Dec2025 00:54:48.255] [main/DEBUG] [mixin/]: Renaming synthetic method lambda$saveCachedData$0(Ljava/util/List;)Ljava/util/List; to md3c33d9$lambda$saveCachedData$0$0 in modernfix-common.mixins.json:perf.cache_strongholds.ChunkGeneratorMixin
[19Dec2025 00:54:48.265] [main/DEBUG] [mixin/]: Mixing gen.cached_generator_settings.NoiseBasedChunkGeneratorMixin from canary.mixins.json into net.minecraft.world.level.levelgen.NoiseBasedChunkGenerator
[19Dec2025 00:54:48.531] [main/DEBUG] [mixin/]: Mixing tools.ArmorItemMixin from kubejs-common.mixins.json into net.minecraft.world.item.ArmorItem
[19Dec2025 00:54:48.535] [main/DEBUG] [mixin/]: Mixing tools.SwordItemMixin from kubejs-common.mixins.json into net.minecraft.world.item.SwordItem
[19Dec2025 00:54:48.538] [main/DEBUG] [mixin/]: Mixing tools.DiggerItemMixin from kubejs-common.mixins.json into net.minecraft.world.item.DiggerItem
[19Dec2025 00:54:48.543] [main/DEBUG] [mixin/]: Mixing PaintingItemMixin from fastpaintings.mixins.json into net.minecraft.world.item.HangingEntityItem
[19Dec2025 00:54:48.574] [main/DEBUG] [net.minecraftforge.coremod.transformer.CoreModBaseTransformer/COREMOD]: Transforming net/minecraft/world/item/BucketItem
[19Dec2025 00:54:48.575] [main/DEBUG] [mixin/]: Mixing inject.MixinBucketItem from architectury-common.mixins.json into net.minecraft.world.item.BucketItem
[19Dec2025 00:54:48.585] [main/DEBUG] [mixin/]: Mixing BoneMealItemMixin from collective_forge.mixins.json into net.minecraft.world.item.BoneMealItem
[19Dec2025 00:54:48.589] [main/DEBUG] [mixin/]: Mixing MapItemMixin from moonlight-common.mixins.json into net.minecraft.world.item.MapItem
[19Dec2025 00:54:48.590] [main/DEBUG] [mixin/]: Renaming synthetic method lambda$update$1(Lnet/minecraft/world/level/saveddata/maps/MapItemSavedData;Lnet/minecraft/world/entity/Entity;Ljava/util/concurrent/atomic/AtomicBoolean;Lnet/minecraft/resources/ResourceLocation;Lnet/mehvahdjukaar/moonlight/api/map/CustomMapData;)V to md3c33d9$lambda$update$1$0 in moonlight-common.mixins.json:MapItemMixin
[19Dec2025 00:54:48.590] [main/DEBUG] [mixin/]: Renaming synthetic method lambda$appendHoverText$0(Lnet/minecraft/world/level/saveddata/maps/MapItemSavedData;Lnet/minecraft/world/item/ItemStack;Ljava/util/List;Lnet/minecraft/resources/ResourceLocation;Lnet/mehvahdjukaar/moonlight/api/map/CustomMapData;)V to md3c33d9$lambda$appendHoverText$0$1 in moonlight-common.mixins.json:MapItemMixin
[19Dec2025 00:54:48.594] [main/DEBUG] [mixin/]: Mixing ShearItemMixin from moonlight-common.mixins.json into net.minecraft.world.item.ShearsItem
[19Dec2025 00:54:48.605] [main/DEBUG] [mixin/]: Mixing MixinChorusFruitItem from majruszlibrary-common.mixins.json into net.minecraft.world.item.ChorusFruitItem
[19Dec2025 00:54:48.610] [main/DEBUG] [mixin/]: Mixing tools.TridentItemMixin from kubejs-common.mixins.json into net.minecraft.world.item.TridentItem
[19Dec2025 00:54:48.618] [main/DEBUG] [mixin/]: Mixing ItemGroupMixin from item_obliterator.mixins.json into net.minecraft.world.item.CreativeModeTab
[19Dec2025 00:54:48.618] [main/DEBUG] [mixin/]: Mixing MixinCreativeModeTab from majruszlibrary-common.mixins.json into net.minecraft.world.item.CreativeModeTab
[19Dec2025 00:54:48.619] [main/DEBUG] [mixin/]: Mixing CreativeModeTabMixin from moonlight-common.mixins.json into net.minecraft.world.item.CreativeModeTab
[19Dec2025 00:54:48.643] [main/DEBUG] [mixin/]: Mixing entity.collisions.unpushable_cramming.EntitySelectorMixin from canary.mixins.json into net.minecraft.world.entity.EntitySelector
[19Dec2025 00:54:48.649] [main/DEBUG] [mixin/]: Mixing IngredientMixin from kubejs-common.mixins.json into net.minecraft.world.item.crafting.Ingredient
[19Dec2025 00:54:48.654] [main/DEBUG] [mixin/]: Mixing inject.MixinFoodPropertiesBuilder from architectury-common.mixins.json into net.minecraft.world.food.FoodProperties$Builder
[19Dec2025 00:54:48.657] [main/DEBUG] [net.minecraftforge.coremod.transformer.CoreModBaseTransformer/COREMOD]: Transforming net/minecraft/world/effect/MobEffectInstance
[19Dec2025 00:54:48.695] [main/DEBUG] [mixin/]: Mixing SweepingEnchantmentMixin from bettercombat.mixins.json into net.minecraft.world.item.enchantment.SweepingEdgeEnchantment
[19Dec2025 00:54:48.707] [main/DEBUG] [mixin/]: Mixing IItemHandlerMixin from kubejs-forge.mixins.json into net.minecraftforge.items.IItemHandler
[19Dec2025 00:54:48.734] [main/DEBUG] [mixin/]: Mixing perf.dynamic_structure_manager.StructureManagerMixin from modernfix-common.mixins.json into net.minecraft.world.level.levelgen.structure.templatesystem.StructureTemplateManager
[19Dec2025 00:54:48.735] [main/DEBUG] [mixin/]: Mixing perf.cache_upgraded_structures.StructureManagerMixin from modernfix-common.mixins.json into net.minecraft.world.level.levelgen.structure.templatesystem.StructureTemplateManager
[19Dec2025 00:54:48.751] [main/DEBUG] [mixin/]: Mixing InventoryMixin from moonlight-common.mixins.json into net.minecraft.world.entity.player.Inventory
[19Dec2025 00:54:48.758] [main/DEBUG] [mixin/]: Mixing SlotAccessor from balm.mixins.json into net.minecraft.world.inventory.Slot
[19Dec2025 00:54:48.763] [main/DEBUG] [mixin/]: Mixing RecipeMixin from kubejs-common.mixins.json into net.minecraft.world.item.crafting.Recipe
[19Dec2025 00:54:48.765] [main/DEBUG] [mixin/]: Mixing GrindstoneMenuSlotMixin from moonlight-common.mixins.json into net.minecraft.world.inventory.GrindstoneMenu$4
[19Dec2025 00:54:48.775] [main/DEBUG] [mixin/]: Mixing MapExtendingRecipeMixin from moonlight-common.mixins.json into net.minecraft.world.item.crafting.MapExtendingRecipe
[19Dec2025 00:54:48.847] [main/DEBUG] [mixin/]: Mixing MixinLootingEnchantFunction from majruszlibrary-common.mixins.json into net.minecraft.world.level.storage.loot.functions.LootingEnchantFunction
[19Dec2025 00:54:48.918] [main/DEBUG] [mixin/]: Mixing accessor.PotionBrewingForgeAccessor from puzzleslib.forge.mixins.json into net.minecraft.world.item.alchemy.PotionBrewing
[19Dec2025 00:54:48.918] [main/DEBUG] [mixin/]: Renaming @Accessor method puzzleslib$getAllowedContainers()Ljava/util/List; to puzzleslib$getAllowedContainers_$md$3c33d9$0 in puzzleslib.forge.mixins.json:accessor.PotionBrewingForgeAccessor
[19Dec2025 00:54:48.924] [main/DEBUG] [mixin/]: Mixing NumericTagMixin from rhino-common.mixins.json into net.minecraft.nbt.NumericTag
[19Dec2025 00:54:49.006] [main/DEBUG] [net.minecraftforge.common.ForgeI18n/CORE]: Loading I18N data entries: 5642
[19Dec2025 00:54:49.018] [main/DEBUG] [net.minecraftforge.fml.ModWorkManager/LOADING]: Using 4 threads for parallel mod-loading
[19Dec2025 00:54:49.023] [main/DEBUG] [net.minecraftforge.fml.javafmlmod.FMLJavaModLanguageProvider/LOADING]: Loading FMLModContainer from classloader cpw.mods.modlauncher.TransformingClassLoader@4bdf - got cpw.mods.cl.ModuleClassLoader@4b2a30d
[19Dec2025 00:54:49.024] [main/DEBUG] [net.minecraftforge.fml.javafmlmod.FMLModContainer/LOADING]: Creating FMLModContainer instance for fudge.notenoughcrashes.forge.NotEnoughCrashesForge
[19Dec2025 00:54:49.025] [main/DEBUG] [net.minecraftforge.fml.javafmlmod.FMLJavaModLanguageProvider/LOADING]: Loading FMLModContainer from classloader cpw.mods.modlauncher.TransformingClassLoader@4bdf - got cpw.mods.cl.ModuleClassLoader@4b2a30d
[19Dec2025 00:54:49.025] [main/DEBUG] [net.minecraftforge.fml.javafmlmod.FMLModContainer/LOADING]: Creating FMLModContainer instance for dev.kosmx.playerAnim.forge.ForgeModInterface
[19Dec2025 00:54:49.026] [main/DEBUG] [net.minecraftforge.fml.javafmlmod.FMLJavaModLanguageProvider/LOADING]: Loading FMLModContainer from classloader cpw.mods.modlauncher.TransformingClassLoader@4bdf - got cpw.mods.cl.ModuleClassLoader@4b2a30d
[19Dec2025 00:54:49.026] [main/DEBUG] [net.minecraftforge.fml.javafmlmod.FMLModContainer/LOADING]: Creating FMLModContainer instance for net.mcreator.rollinggiant.RollingGiantMod
[19Dec2025 00:54:49.026] [main/DEBUG] [net.minecraftforge.fml.javafmlmod.FMLJavaModLanguageProvider/LOADING]: Loading FMLModContainer from classloader cpw.mods.modlauncher.TransformingClassLoader@4bdf - got cpw.mods.cl.ModuleClassLoader@4b2a30d
[19Dec2025 00:54:49.026] [main/DEBUG] [net.minecraftforge.fml.javafmlmod.FMLModContainer/LOADING]: Creating FMLModContainer instance for com.connectivity.Connectivity
[19Dec2025 00:54:49.027] [main/DEBUG] [net.minecraftforge.fml.javafmlmod.FMLJavaModLanguageProvider/LOADING]: Loading FMLModContainer from classloader cpw.mods.modlauncher.TransformingClassLoader@4bdf - got cpw.mods.cl.ModuleClassLoader@4b2a30d
[19Dec2025 00:54:49.027] [main/DEBUG] [net.minecraftforge.fml.javafmlmod.FMLModContainer/LOADING]: Creating FMLModContainer instance for net.mcreator.blanketghost.BlanketghostMod
[19Dec2025 00:54:49.027] [main/DEBUG] [net.minecraftforge.fml.javafmlmod.FMLJavaModLanguageProvider/LOADING]: Loading FMLModContainer from classloader cpw.mods.modlauncher.TransformingClassLoader@4bdf - got cpw.mods.cl.ModuleClassLoader@4b2a30d
[19Dec2025 00:54:49.027] [main/DEBUG] [net.minecraftforge.fml.javafmlmod.FMLModContainer/LOADING]: Creating FMLModContainer instance for insane96mcp.insanelib.InsaneLib
[19Dec2025 00:54:49.028] [main/DEBUG] [net.minecraftforge.fml.javafmlmod.FMLJavaModLanguageProvider/LOADING]: Loading FMLModContainer from classloader cpw.mods.modlauncher.TransformingClassLoader@4bdf - got cpw.mods.cl.ModuleClassLoader@4b2a30d
[19Dec2025 00:54:49.028] [main/DEBUG] [net.minecraftforge.fml.javafmlmod.FMLModContainer/LOADING]: Creating FMLModContainer instance for shadows.placebo.Placebo
[19Dec2025 00:54:49.029] [main/DEBUG] [net.minecraftforge.fml.javafmlmod.FMLJavaModLanguageProvider/LOADING]: Loading FMLModContainer from classloader cpw.mods.modlauncher.TransformingClassLoader@4bdf - got cpw.mods.cl.ModuleClassLoader@4b2a30d
[19Dec2025 00:54:49.029] [main/DEBUG] [net.minecraftforge.fml.javafmlmod.FMLModContainer/LOADING]: Creating FMLModContainer instance for org.embeddedt.modernfix.forge.init.ModernFixForge
[19Dec2025 00:54:49.029] [main/DEBUG] [net.minecraftforge.fml.javafmlmod.FMLJavaModLanguageProvider/LOADING]: Loading FMLModContainer from classloader cpw.mods.modlauncher.TransformingClassLoader@4bdf - got cpw.mods.cl.ModuleClassLoader@4b2a30d
[19Dec2025 00:54:49.029] [main/DEBUG] [net.minecraftforge.fml.javafmlmod.FMLModContainer/LOADING]: Creating FMLModContainer instance for com.corosus.zombieawareness.ZombieAwareness
[19Dec2025 00:54:49.030] [main/DEBUG] [net.minecraftforge.fml.javafmlmod.FMLJavaModLanguageProvider/LOADING]: Loading FMLModContainer from classloader cpw.mods.modlauncher.TransformingClassLoader@4bdf - got cpw.mods.cl.ModuleClassLoader@4b2a30d
[19Dec2025 00:54:49.030] [main/DEBUG] [net.minecraftforge.fml.javafmlmod.FMLModContainer/LOADING]: Creating FMLModContainer instance for com.llamalad7.mixinextras.platform.forge.MixinExtrasMod
[19Dec2025 00:54:49.031] [main/DEBUG] [net.minecraftforge.fml.javafmlmod.FMLJavaModLanguageProvider/LOADING]: Loading FMLModContainer from classloader cpw.mods.modlauncher.TransformingClassLoader@4bdf - got cpw.mods.cl.ModuleClassLoader@4b2a30d
[19Dec2025 00:54:49.031] [main/DEBUG] [net.minecraftforge.fml.javafmlmod.FMLModContainer/LOADING]: Creating FMLModContainer instance for elocindev.item_obliterator.forge.ItemObliterator
[19Dec2025 00:54:49.031] [main/DEBUG] [net.minecraftforge.fml.javafmlmod.FMLJavaModLanguageProvider/LOADING]: Loading FMLModContainer from classloader cpw.mods.modlauncher.TransformingClassLoader@4bdf - got cpw.mods.cl.ModuleClassLoader@4b2a30d
[19Dec2025 00:54:49.031] [main/DEBUG] [net.minecraftforge.fml.javafmlmod.FMLModContainer/LOADING]: Creating FMLModContainer instance for net.sleepntmod.SleepntModMod
[19Dec2025 00:54:49.032] [main/DEBUG] [net.minecraftforge.fml.javafmlmod.FMLJavaModLanguageProvider/LOADING]: Loading FMLModContainer from classloader cpw.mods.modlauncher.TransformingClassLoader@4bdf - got cpw.mods.cl.ModuleClassLoader@4b2a30d
[19Dec2025 00:54:49.032] [main/DEBUG] [net.minecraftforge.fml.javafmlmod.FMLModContainer/LOADING]: Creating FMLModContainer instance for net.blay09.mods.balm.forge.ForgeBalm
[19Dec2025 00:54:49.032] [main/DEBUG] [net.minecraftforge.fml.javafmlmod.FMLJavaModLanguageProvider/LOADING]: Loading FMLModContainer from classloader cpw.mods.modlauncher.TransformingClassLoader@4bdf - got cpw.mods.cl.ModuleClassLoader@4b2a30d
[19Dec2025 00:54:49.032] [main/DEBUG] [net.minecraftforge.fml.javafmlmod.FMLModContainer/LOADING]: Creating FMLModContainer instance for immersive_armors.forge.CommonForge
[19Dec2025 00:54:49.033] [main/DEBUG] [net.minecraftforge.fml.javafmlmod.FMLJavaModLanguageProvider/LOADING]: Loading FMLModContainer from classloader cpw.mods.modlauncher.TransformingClassLoader@4bdf - got cpw.mods.cl.ModuleClassLoader@4b2a30d
[19Dec2025 00:54:49.033] [main/DEBUG] [net.minecraftforge.fml.javafmlmod.FMLModContainer/LOADING]: Creating FMLModContainer instance for me.shedaniel.clothconfig.ClothConfigForge
[19Dec2025 00:54:49.033] [main/DEBUG] [net.minecraftforge.fml.javafmlmod.FMLJavaModLanguageProvider/LOADING]: Loading FMLModContainer from classloader cpw.mods.modlauncher.TransformingClassLoader@4bdf - got cpw.mods.cl.ModuleClassLoader@4b2a30d
[19Dec2025 00:54:49.033] [main/DEBUG] [net.minecraftforge.fml.javafmlmod.FMLModContainer/LOADING]: Creating FMLModContainer instance for com.hrznstudio.emojiful.EmojifulForge
[19Dec2025 00:54:49.034] [main/DEBUG] [net.minecraftforge.fml.javafmlmod.FMLJavaModLanguageProvider/LOADING]: Loading FMLModContainer from classloader cpw.mods.modlauncher.TransformingClassLoader@4bdf - got cpw.mods.cl.ModuleClassLoader@4b2a30d
[19Dec2025 00:54:49.034] [main/DEBUG] [net.minecraftforge.fml.javafmlmod.FMLModContainer/LOADING]: Creating FMLModContainer instance for net.permutated.novillagerdm.NoVillagerDeathMessages
[19Dec2025 00:54:49.034] [main/DEBUG] [net.minecraftforge.fml.javafmlmod.FMLJavaModLanguageProvider/LOADING]: Loading FMLModContainer from classloader cpw.mods.modlauncher.TransformingClassLoader@4bdf - got cpw.mods.cl.ModuleClassLoader@4b2a30d
[19Dec2025 00:54:49.034] [main/DEBUG] [net.minecraftforge.fml.javafmlmod.FMLModContainer/LOADING]: Creating FMLModContainer instance for net.mcreator.theonewhowatches.TheOneWhoWatchesMod
[19Dec2025 00:54:49.035] [main/DEBUG] [net.minecraftforge.fml.javafmlmod.FMLJavaModLanguageProvider/LOADING]: Loading FMLModContainer from classloader cpw.mods.modlauncher.TransformingClassLoader@4bdf - got cpw.mods.cl.ModuleClassLoader@4b2a30d
[19Dec2025 00:54:49.035] [main/DEBUG] [net.minecraftforge.fml.javafmlmod.FMLModContainer/LOADING]: Creating FMLModContainer instance for com.anthonyhilyard.advancementplaques.Loader
[19Dec2025 00:54:49.035] [main/DEBUG] [net.minecraftforge.fml.javafmlmod.FMLJavaModLanguageProvider/LOADING]: Loading FMLModContainer from classloader cpw.mods.modlauncher.TransformingClassLoader@4bdf - got cpw.mods.cl.ModuleClassLoader@4b2a30d
[19Dec2025 00:54:49.035] [main/DEBUG] [net.minecraftforge.fml.javafmlmod.FMLModContainer/LOADING]: Creating FMLModContainer instance for dev.wuffs.bcc.BCC
[19Dec2025 00:54:49.036] [main/DEBUG] [net.minecraftforge.fml.javafmlmod.FMLJavaModLanguageProvider/LOADING]: Loading FMLModContainer from classloader cpw.mods.modlauncher.TransformingClassLoader@4bdf - got cpw.mods.cl.ModuleClassLoader@4b2a30d
[19Dec2025 00:54:49.036] [main/DEBUG] [net.minecraftforge.fml.javafmlmod.FMLModContainer/LOADING]: Creating FMLModContainer instance for net.mcreator.twm.TwmMod
[19Dec2025 00:54:49.036] [main/DEBUG] [net.minecraftforge.fml.javafmlmod.FMLJavaModLanguageProvider/LOADING]: Loading FMLModContainer from classloader cpw.mods.modlauncher.TransformingClassLoader@4bdf - got cpw.mods.cl.ModuleClassLoader@4b2a30d
[19Dec2025 00:54:49.036] [main/DEBUG] [net.minecraftforge.fml.javafmlmod.FMLModContainer/LOADING]: Creating FMLModContainer instance for net.asestefan.api.ClockworkLib
[19Dec2025 00:54:49.037] [main/DEBUG] [net.minecraftforge.fml.javafmlmod.FMLJavaModLanguageProvider/LOADING]: Loading FMLModContainer from classloader cpw.mods.modlauncher.TransformingClassLoader@4bdf - got cpw.mods.cl.ModuleClassLoader@4b2a30d
[19Dec2025 00:54:49.037] [main/DEBUG] [net.minecraftforge.fml.javafmlmod.FMLModContainer/LOADING]: Creating FMLModContainer instance for org.popcraft.chunky.ChunkyForge
[19Dec2025 00:54:49.037] [main/DEBUG] [net.minecraftforge.fml.javafmlmod.FMLJavaModLanguageProvider/LOADING]: Loading FMLModContainer from classloader cpw.mods.modlauncher.TransformingClassLoader@4bdf - got cpw.mods.cl.ModuleClassLoader@4b2a30d
[19Dec2025 00:54:49.037] [main/DEBUG] [net.minecraftforge.fml.javafmlmod.FMLModContainer/LOADING]: Creating FMLModContainer instance for me.lucko.spark.forge.ForgeSparkMod
[19Dec2025 00:54:49.038] [main/DEBUG] [net.minecraftforge.fml.javafmlmod.FMLJavaModLanguageProvider/LOADING]: Loading FMLModContainer from classloader cpw.mods.modlauncher.TransformingClassLoader@4bdf - got cpw.mods.cl.ModuleClassLoader@4b2a30d
[19Dec2025 00:54:49.038] [main/DEBUG] [net.minecraftforge.fml.javafmlmod.FMLModContainer/LOADING]: Creating FMLModContainer instance for io.github.jamalam360.rightclickharvest.RightClickHarvestModInit
[19Dec2025 00:54:49.039] [main/DEBUG] [net.minecraftforge.fml.javafmlmod.FMLJavaModLanguageProvider/LOADING]: Loading FMLModContainer from classloader cpw.mods.modlauncher.TransformingClassLoader@4bdf - got cpw.mods.cl.ModuleClassLoader@4b2a30d
[19Dec2025 00:54:49.039] [main/DEBUG] [net.minecraftforge.fml.javafmlmod.FMLModContainer/LOADING]: Creating FMLModContainer instance for net.mcreator.man.ManMod
[19Dec2025 00:54:49.039] [main/DEBUG] [net.minecraftforge.fml.javafmlmod.FMLJavaModLanguageProvider/LOADING]: Loading FMLModContainer from classloader cpw.mods.modlauncher.TransformingClassLoader@4bdf - got cpw.mods.cl.ModuleClassLoader@4b2a30d
[19Dec2025 00:54:49.039] [main/DEBUG] [net.minecraftforge.fml.javafmlmod.FMLModContainer/LOADING]: Creating FMLModContainer instance for com.natamus.collective.CollectiveForge
[19Dec2025 00:54:49.040] [main/DEBUG] [net.minecraftforge.fml.javafmlmod.FMLJavaModLanguageProvider/LOADING]: Loading FMLModContainer from classloader cpw.mods.modlauncher.TransformingClassLoader@4bdf - got cpw.mods.cl.ModuleClassLoader@4b2a30d
[19Dec2025 00:54:49.040] [main/DEBUG] [net.minecraftforge.fml.javafmlmod.FMLModContainer/LOADING]: Creating FMLModContainer instance for net.arphex.ArphexMod
[19Dec2025 00:54:49.040] [main/DEBUG] [net.minecraftforge.fml.javafmlmod.FMLJavaModLanguageProvider/LOADING]: Loading FMLModContainer from classloader cpw.mods.modlauncher.TransformingClassLoader@4bdf - got cpw.mods.cl.ModuleClassLoader@4b2a30d
[19Dec2025 00:54:49.040] [main/DEBUG] [net.minecraftforge.fml.javafmlmod.FMLModContainer/LOADING]: Creating FMLModContainer instance for net.teamabyssal.zombies_reworked.ZombiesReworked
[19Dec2025 00:54:49.041] [main/DEBUG] [net.minecraftforge.fml.javafmlmod.FMLJavaModLanguageProvider/LOADING]: Loading FMLModContainer from classloader cpw.mods.modlauncher.TransformingClassLoader@4bdf - got cpw.mods.cl.ModuleClassLoader@4b2a30d
[19Dec2025 00:54:49.041] [main/DEBUG] [net.minecraftforge.fml.javafmlmod.FMLModContainer/LOADING]: Creating FMLModContainer instance for dev.architectury.forge.ArchitecturyForge
[19Dec2025 00:54:49.041] [main/DEBUG] [net.minecraftforge.fml.javafmlmod.FMLJavaModLanguageProvider/LOADING]: Loading FMLModContainer from classloader cpw.mods.modlauncher.TransformingClassLoader@4bdf - got cpw.mods.cl.ModuleClassLoader@4b2a30d
[19Dec2025 00:54:49.041] [main/DEBUG] [net.minecraftforge.fml.javafmlmod.FMLModContainer/LOADING]: Creating FMLModContainer instance for com.cupboard.Cupboard
[19Dec2025 00:54:49.041] [main/DEBUG] [net.minecraftforge.fml.javafmlmod.FMLJavaModLanguageProvider/LOADING]: Loading FMLModContainer from classloader cpw.mods.modlauncher.TransformingClassLoader@4bdf - got cpw.mods.cl.ModuleClassLoader@4b2a30d
[19Dec2025 00:54:49.042] [main/DEBUG] [net.minecraftforge.fml.javafmlmod.FMLModContainer/LOADING]: Creating FMLModContainer instance for insane96mcp.enhancedai.EnhancedAI
[19Dec2025 00:54:49.042] [main/DEBUG] [net.minecraftforge.fml.javafmlmod.FMLJavaModLanguageProvider/LOADING]: Loading FMLModContainer from classloader cpw.mods.modlauncher.TransformingClassLoader@4bdf - got cpw.mods.cl.ModuleClassLoader@4b2a30d
[19Dec2025 00:54:49.042] [main/DEBUG] [net.minecraftforge.fml.javafmlmod.FMLModContainer/LOADING]: Creating FMLModContainer instance for software.bernie.example.GeckoLibMod
[19Dec2025 00:54:49.043] [main/DEBUG] [net.minecraftforge.fml.javafmlmod.FMLJavaModLanguageProvider/LOADING]: Loading FMLModContainer from classloader cpw.mods.modlauncher.TransformingClassLoader@4bdf - got cpw.mods.cl.ModuleClassLoader@4b2a30d
[19Dec2025 00:54:49.043] [main/DEBUG] [net.minecraftforge.fml.javafmlmod.FMLModContainer/LOADING]: Creating FMLModContainer instance for de.cadentem.cave_dweller.CaveDweller
[19Dec2025 00:54:49.043] [main/DEBUG] [net.minecraftforge.fml.javafmlmod.FMLJavaModLanguageProvider/LOADING]: Loading FMLModContainer from classloader cpw.mods.modlauncher.TransformingClassLoader@4bdf - got cpw.mods.cl.ModuleClassLoader@4b2a30d
[19Dec2025 00:54:49.043] [main/DEBUG] [net.minecraftforge.fml.javafmlmod.FMLModContainer/LOADING]: Creating FMLModContainer instance for de.cadentem.steve_dweller.SteveDweller
[19Dec2025 00:54:49.044] [main/DEBUG] [net.minecraftforge.fml.javafmlmod.FMLJavaModLanguageProvider/LOADING]: Loading FMLModContainer from classloader cpw.mods.modlauncher.TransformingClassLoader@4bdf - got cpw.mods.cl.ModuleClassLoader@4b2a30d
[19Dec2025 00:54:49.044] [main/DEBUG] [net.minecraftforge.fml.javafmlmod.FMLModContainer/LOADING]: Creating FMLModContainer instance for de.cadentem.mokey.Mokey
[19Dec2025 00:54:49.045] [main/DEBUG] [net.minecraftforge.fml.javafmlmod.FMLJavaModLanguageProvider/LOADING]: Loading FMLModContainer from classloader cpw.mods.modlauncher.TransformingClassLoader@4bdf - got cpw.mods.cl.ModuleClassLoader@4b2a30d
[19Dec2025 00:54:49.045] [main/DEBUG] [net.minecraftforge.fml.javafmlmod.FMLModContainer/LOADING]: Creating FMLModContainer instance for de.cadentem.demonic_watcher.DemonicWatcher
[19Dec2025 00:54:49.046] [main/DEBUG] [net.minecraftforge.fml.javafmlmod.FMLJavaModLanguageProvider/LOADING]: Loading FMLModContainer from classloader cpw.mods.modlauncher.TransformingClassLoader@4bdf - got cpw.mods.cl.ModuleClassLoader@4b2a30d
[19Dec2025 00:54:49.046] [main/DEBUG] [net.minecraftforge.fml.javafmlmod.FMLModContainer/LOADING]: Creating FMLModContainer instance for de.cadentem.torture.Torture
[19Dec2025 00:54:49.046] [main/DEBUG] [net.minecraftforge.fml.javafmlmod.FMLJavaModLanguageProvider/LOADING]: Loading FMLModContainer from classloader cpw.mods.modlauncher.TransformingClassLoader@4bdf - got cpw.mods.cl.ModuleClassLoader@4b2a30d
[19Dec2025 00:54:49.046] [main/DEBUG] [net.minecraftforge.fml.javafmlmod.FMLModContainer/LOADING]: Creating FMLModContainer instance for com.majruszlibrary.Initializer
[19Dec2025 00:54:49.047] [main/DEBUG] [net.minecraftforge.fml.javafmlmod.FMLJavaModLanguageProvider/LOADING]: Loading FMLModContainer from classloader cpw.mods.modlauncher.TransformingClassLoader@4bdf - got cpw.mods.cl.ModuleClassLoader@4b2a30d
[19Dec2025 00:54:49.047] [main/DEBUG] [net.minecraftforge.fml.javafmlmod.FMLModContainer/LOADING]: Creating FMLModContainer instance for betteradvancements.BetterAdvancements
[19Dec2025 00:54:49.047] [main/DEBUG] [net.minecraftforge.fml.javafmlmod.FMLJavaModLanguageProvider/LOADING]: Loading FMLModContainer from classloader cpw.mods.modlauncher.TransformingClassLoader@4bdf - got cpw.mods.cl.ModuleClassLoader@4b2a30d
[19Dec2025 00:54:49.047] [main/DEBUG] [net.minecraftforge.fml.javafmlmod.FMLModContainer/LOADING]: Creating FMLModContainer instance for cpw.mods.inventorysorter.InventorySorter
[19Dec2025 00:54:49.048] [main/DEBUG] [net.minecraftforge.fml.javafmlmod.FMLJavaModLanguageProvider/LOADING]: Loading FMLModContainer from classloader cpw.mods.modlauncher.TransformingClassLoader@4bdf - got cpw.mods.cl.ModuleClassLoader@4b2a30d
[19Dec2025 00:54:49.048] [main/DEBUG] [net.minecraftforge.fml.javafmlmod.FMLModContainer/LOADING]: Creating FMLModContainer instance for dev.latvian.mods.rhino.mod.forge.RhinoModForge
[19Dec2025 00:54:49.049] [main/DEBUG] [net.minecraftforge.fml.javafmlmod.FMLJavaModLanguageProvider/LOADING]: Loading FMLModContainer from classloader cpw.mods.modlauncher.TransformingClassLoader@4bdf - got cpw.mods.cl.ModuleClassLoader@4b2a30d
[19Dec2025 00:54:49.049] [main/DEBUG] [net.minecraftforge.fml.javafmlmod.FMLModContainer/LOADING]: Creating FMLModContainer instance for io.github.bumblesoftware.fastload.init.Fastload
[19Dec2025 00:54:49.049] [main/DEBUG] [net.minecraftforge.fml.javafmlmod.FMLJavaModLanguageProvider/LOADING]: Loading FMLModContainer from classloader cpw.mods.modlauncher.TransformingClassLoader@4bdf - got cpw.mods.cl.ModuleClassLoader@4b2a30d
[19Dec2025 00:54:49.049] [main/DEBUG] [net.minecraftforge.fml.javafmlmod.FMLModContainer/LOADING]: Creating FMLModContainer instance for nonamecrackers2.endertrigon.EnderTrigonMod
[19Dec2025 00:54:49.049] [main/DEBUG] [net.minecraftforge.fml.javafmlmod.FMLJavaModLanguageProvider/LOADING]: Loading FMLModContainer from classloader cpw.mods.modlauncher.TransformingClassLoader@4bdf - got cpw.mods.cl.ModuleClassLoader@4b2a30d
[19Dec2025 00:54:49.050] [main/DEBUG] [net.minecraftforge.fml.javafmlmod.FMLModContainer/LOADING]: Creating FMLModContainer instance for tcb.spiderstpo.common.SpiderMod
[19Dec2025 00:54:49.050] [main/DEBUG] [net.minecraftforge.fml.javafmlmod.FMLJavaModLanguageProvider/LOADING]: Loading FMLModContainer from classloader cpw.mods.modlauncher.TransformingClassLoader@4bdf - got cpw.mods.cl.ModuleClassLoader@4b2a30d
[19Dec2025 00:54:49.050] [main/DEBUG] [net.minecraftforge.fml.javafmlmod.FMLModContainer/LOADING]: Creating FMLModContainer instance for de.cadentem.the_rake.TheRake
[19Dec2025 00:54:49.051] [main/DEBUG] [net.minecraftforge.fml.javafmlmod.FMLJavaModLanguageProvider/LOADING]: Loading FMLModContainer from classloader cpw.mods.modlauncher.TransformingClassLoader@4bdf - got cpw.mods.cl.ModuleClassLoader@4b2a30d
[19Dec2025 00:54:49.051] [main/DEBUG] [net.minecraftforge.fml.javafmlmod.FMLModContainer/LOADING]: Creating FMLModContainer instance for mezz.jei.forge.JustEnoughItems
[19Dec2025 00:54:49.051] [main/DEBUG] [net.minecraftforge.fml.javafmlmod.FMLJavaModLanguageProvider/LOADING]: Loading FMLModContainer from classloader cpw.mods.modlauncher.TransformingClassLoader@4bdf - got cpw.mods.cl.ModuleClassLoader@4b2a30d
[19Dec2025 00:54:49.052] [main/DEBUG] [net.minecraftforge.fml.javafmlmod.FMLModContainer/LOADING]: Creating FMLModContainer instance for dev.latvian.mods.kubejs.forge.KubeJSForge
[19Dec2025 00:54:49.052] [main/DEBUG] [net.minecraftforge.fml.javafmlmod.FMLJavaModLanguageProvider/LOADING]: Loading FMLModContainer from classloader cpw.mods.modlauncher.TransformingClassLoader@4bdf - got cpw.mods.cl.ModuleClassLoader@4b2a30d
[19Dec2025 00:54:49.052] [main/DEBUG] [net.minecraftforge.fml.javafmlmod.FMLModContainer/LOADING]: Creating FMLModContainer instance for fuzs.visualworkbench.VisualWorkbenchForge
[19Dec2025 00:54:49.053] [main/DEBUG] [net.minecraftforge.fml.javafmlmod.FMLJavaModLanguageProvider/LOADING]: Loading FMLModContainer from classloader cpw.mods.modlauncher.TransformingClassLoader@4bdf - got cpw.mods.cl.ModuleClassLoader@4b2a30d
[19Dec2025 00:54:49.053] [main/DEBUG] [net.minecraftforge.fml.javafmlmod.FMLModContainer/LOADING]: Creating FMLModContainer instance for net.mcreator.builderbear.BuilderBearMod
[19Dec2025 00:54:49.053] [main/DEBUG] [net.minecraftforge.fml.javafmlmod.FMLJavaModLanguageProvider/LOADING]: Loading FMLModContainer from classloader cpw.mods.modlauncher.TransformingClassLoader@4bdf - got cpw.mods.cl.ModuleClassLoader@4b2a30d
[19Dec2025 00:54:49.053] [main/DEBUG] [net.minecraftforge.fml.javafmlmod.FMLModContainer/LOADING]: Creating FMLModContainer instance for net.mcreator.thecuckooclock.TheCuckooClockMod
[19Dec2025 00:54:49.054] [main/DEBUG] [net.minecraftforge.fml.javafmlmod.FMLJavaModLanguageProvider/LOADING]: Loading FMLModContainer from classloader cpw.mods.modlauncher.TransformingClassLoader@4bdf - got cpw.mods.cl.ModuleClassLoader@4b2a30d
[19Dec2025 00:54:49.054] [main/DEBUG] [net.minecraftforge.fml.javafmlmod.FMLModContainer/LOADING]: Creating FMLModContainer instance for shadows.fastsuite.FastSuite
[19Dec2025 00:54:49.055] [main/DEBUG] [net.minecraftforge.fml.javafmlmod.FMLJavaModLanguageProvider/LOADING]: Loading FMLModContainer from classloader cpw.mods.modlauncher.TransformingClassLoader@4bdf - got cpw.mods.cl.ModuleClassLoader@4b2a30d
[19Dec2025 00:54:49.055] [main/DEBUG] [net.minecraftforge.fml.javafmlmod.FMLModContainer/LOADING]: Creating FMLModContainer instance for com.blamejared.clumps.Clumps
[19Dec2025 00:54:49.055] [main/DEBUG] [net.minecraftforge.fml.javafmlmod.FMLJavaModLanguageProvider/LOADING]: Loading FMLModContainer from classloader cpw.mods.modlauncher.TransformingClassLoader@4bdf - got cpw.mods.cl.ModuleClassLoader@4b2a30d
[19Dec2025 00:54:49.055] [main/DEBUG] [net.minecraftforge.fml.javafmlmod.FMLModContainer/LOADING]: Creating FMLModContainer instance for corgitaco.shutupexperimentalsettings.ShutupExperimentalSettings
[19Dec2025 00:54:49.056] [main/DEBUG] [net.minecraftforge.fml.javafmlmod.FMLJavaModLanguageProvider/LOADING]: Loading FMLModContainer from classloader cpw.mods.modlauncher.TransformingClassLoader@4bdf - got cpw.mods.cl.ModuleClassLoader@4b2a30d
[19Dec2025 00:54:49.056] [main/DEBUG] [net.minecraftforge.fml.javafmlmod.FMLModContainer/LOADING]: Creating FMLModContainer instance for net.darkhax.badmobs.BadMobs
[19Dec2025 00:54:49.056] [main/DEBUG] [net.minecraftforge.fml.javafmlmod.FMLJavaModLanguageProvider/LOADING]: Loading FMLModContainer from classloader cpw.mods.modlauncher.TransformingClassLoader@4bdf - got cpw.mods.cl.ModuleClassLoader@4b2a30d
[19Dec2025 00:54:49.056] [main/DEBUG] [net.minecraftforge.fml.javafmlmod.FMLModContainer/LOADING]: Creating FMLModContainer instance for com.sindarin.farsightedmobs.FarsightedMobs
[19Dec2025 00:54:49.057] [main/DEBUG] [net.minecraftforge.fml.javafmlmod.FMLJavaModLanguageProvider/LOADING]: Loading FMLModContainer from classloader cpw.mods.modlauncher.TransformingClassLoader@4bdf - got cpw.mods.cl.ModuleClassLoader@4b2a30d
[19Dec2025 00:54:49.057] [main/DEBUG] [net.minecraftforge.fml.javafmlmod.FMLModContainer/LOADING]: Creating FMLModContainer instance for com.natamus.beautifiedchatserver.ModForge
[19Dec2025 00:54:49.057] [main/DEBUG] [net.minecraftforge.fml.javafmlmod.FMLJavaModLanguageProvider/LOADING]: Loading FMLModContainer from classloader cpw.mods.modlauncher.TransformingClassLoader@4bdf - got cpw.mods.cl.ModuleClassLoader@4b2a30d
[19Dec2025 00:54:49.057] [main/DEBUG] [net.minecraftforge.fml.javafmlmod.FMLModContainer/LOADING]: Creating FMLModContainer instance for me.steinborn.lazydfu.LazyDFU
[19Dec2025 00:54:49.058] [main/DEBUG] [net.minecraftforge.fml.javafmlmod.FMLJavaModLanguageProvider/LOADING]: Loading FMLModContainer from classloader cpw.mods.modlauncher.TransformingClassLoader@4bdf - got cpw.mods.cl.ModuleClassLoader@4b2a30d
[19Dec2025 00:54:49.058] [main/DEBUG] [net.minecraftforge.fml.javafmlmod.FMLModContainer/LOADING]: Creating FMLModContainer instance for net.mcreator.thesculpture.TheSculptureMod
[19Dec2025 00:54:49.058] [main/DEBUG] [net.minecraftforge.fml.javafmlmod.FMLJavaModLanguageProvider/LOADING]: Loading FMLModContainer from classloader cpw.mods.modlauncher.TransformingClassLoader@4bdf - got cpw.mods.cl.ModuleClassLoader@4b2a30d
[19Dec2025 00:54:49.058] [main/DEBUG] [net.minecraftforge.fml.javafmlmod.FMLModContainer/LOADING]: Creating FMLModContainer instance for com.corosus.watut.loader.forge.WatutModForge
[19Dec2025 00:54:49.059] [main/DEBUG] [net.minecraftforge.fml.javafmlmod.FMLJavaModLanguageProvider/LOADING]: Loading FMLModContainer from classloader cpw.mods.modlauncher.TransformingClassLoader@4bdf - got cpw.mods.cl.ModuleClassLoader@4b2a30d
[19Dec2025 00:54:49.059] [main/DEBUG] [net.minecraftforge.fml.javafmlmod.FMLModContainer/LOADING]: Creating FMLModContainer instance for net.minecraftforge.common.ForgeMod
[19Dec2025 00:54:49.061] [main/DEBUG] [net.minecraftforge.fml.javafmlmod.FMLJavaModLanguageProvider/LOADING]: Loading FMLModContainer from classloader cpw.mods.modlauncher.TransformingClassLoader@4bdf - got cpw.mods.cl.ModuleClassLoader@4b2a30d
[19Dec2025 00:54:49.061] [main/DEBUG] [net.minecraftforge.fml.javafmlmod.FMLModContainer/LOADING]: Creating FMLModContainer instance for net.mcreator.thepossessivemask.ThepossessivemaskMod
[19Dec2025 00:54:49.061] [main/DEBUG] [net.minecraftforge.fml.javafmlmod.FMLJavaModLanguageProvider/LOADING]: Loading FMLModContainer from classloader cpw.mods.modlauncher.TransformingClassLoader@4bdf - got cpw.mods.cl.ModuleClassLoader@4b2a30d
[19Dec2025 00:54:49.061] [main/DEBUG] [net.minecraftforge.fml.javafmlmod.FMLModContainer/LOADING]: Creating FMLModContainer instance for noobanidus.mods.toofast.TooFast
[19Dec2025 00:54:49.062] [main/DEBUG] [net.minecraftforge.fml.javafmlmod.FMLJavaModLanguageProvider/LOADING]: Loading FMLModContainer from classloader cpw.mods.modlauncher.TransformingClassLoader@4bdf - got cpw.mods.cl.ModuleClassLoader@4b2a30d
[19Dec2025 00:54:49.062] [main/DEBUG] [net.minecraftforge.fml.javafmlmod.FMLModContainer/LOADING]: Creating FMLModContainer instance for mod.azure.logbegone.LogBegoneMod
[19Dec2025 00:54:49.062] [main/DEBUG] [net.minecraftforge.fml.javafmlmod.FMLJavaModLanguageProvider/LOADING]: Loading FMLModContainer from classloader cpw.mods.modlauncher.TransformingClassLoader@4bdf - got cpw.mods.cl.ModuleClassLoader@4b2a30d
[19Dec2025 00:54:49.062] [main/DEBUG] [net.minecraftforge.fml.javafmlmod.FMLModContainer/LOADING]: Creating FMLModContainer instance for net.mcreator.eyesinthedark.EyesinthedarkMod
[19Dec2025 00:54:49.063] [main/DEBUG] [net.minecraftforge.fml.javafmlmod.FMLJavaModLanguageProvider/LOADING]: Loading FMLModContainer from classloader cpw.mods.modlauncher.TransformingClassLoader@4bdf - got cpw.mods.cl.ModuleClassLoader@4b2a30d
[19Dec2025 00:54:49.063] [main/DEBUG] [net.minecraftforge.fml.javafmlmod.FMLModContainer/LOADING]: Creating FMLModContainer instance for io.github.kosmx.emotes.forge.ForgeWrapper
[19Dec2025 00:54:49.063] [main/DEBUG] [net.minecraftforge.fml.javafmlmod.FMLJavaModLanguageProvider/LOADING]: Loading FMLModContainer from classloader cpw.mods.modlauncher.TransformingClassLoader@4bdf - got cpw.mods.cl.ModuleClassLoader@4b2a30d
[19Dec2025 00:54:49.063] [main/DEBUG] [net.minecraftforge.fml.javafmlmod.FMLModContainer/LOADING]: Creating FMLModContainer instance for net.blay09.mods.craftingtweaks.ForgeCraftingTweaks
[19Dec2025 00:54:49.064] [main/DEBUG] [net.minecraftforge.fml.javafmlmod.FMLJavaModLanguageProvider/LOADING]: Loading FMLModContainer from classloader cpw.mods.modlauncher.TransformingClassLoader@4bdf - got cpw.mods.cl.ModuleClassLoader@4b2a30d
[19Dec2025 00:54:49.064] [main/DEBUG] [net.minecraftforge.fml.javafmlmod.FMLModContainer/LOADING]: Creating FMLModContainer instance for com.chaosthedude.realistictorches.RealisticTorches
[19Dec2025 00:54:49.065] [main/DEBUG] [net.minecraftforge.fml.javafmlmod.FMLJavaModLanguageProvider/LOADING]: Loading FMLModContainer from classloader cpw.mods.modlauncher.TransformingClassLoader@4bdf - got cpw.mods.cl.ModuleClassLoader@4b2a30d
[19Dec2025 00:54:49.065] [main/DEBUG] [net.minecraftforge.fml.javafmlmod.FMLModContainer/LOADING]: Creating FMLModContainer instance for com.smoothchunk.SmoothchunkMod
[19Dec2025 00:54:49.065] [main/DEBUG] [net.minecraftforge.fml.javafmlmod.FMLJavaModLanguageProvider/LOADING]: Loading FMLModContainer from classloader cpw.mods.modlauncher.TransformingClassLoader@4bdf - got cpw.mods.cl.ModuleClassLoader@4b2a30d
[19Dec2025 00:54:49.065] [main/DEBUG] [net.minecraftforge.fml.javafmlmod.FMLModContainer/LOADING]: Creating FMLModContainer instance for com.logprot.Logprot
[19Dec2025 00:54:49.065] [main/DEBUG] [net.minecraftforge.fml.javafmlmod.FMLJavaModLanguageProvider/LOADING]: Loading FMLModContainer from classloader cpw.mods.modlauncher.TransformingClassLoader@4bdf - got cpw.mods.cl.ModuleClassLoader@4b2a30d
[19Dec2025 00:54:49.066] [main/DEBUG] [net.minecraftforge.fml.javafmlmod.FMLModContainer/LOADING]: Creating FMLModContainer instance for de.melanx.simplebackups.SimpleBackups
[19Dec2025 00:54:49.066] [main/DEBUG] [net.minecraftforge.fml.javafmlmod.FMLJavaModLanguageProvider/LOADING]: Loading FMLModContainer from classloader cpw.mods.modlauncher.TransformingClassLoader@4bdf - got cpw.mods.cl.ModuleClassLoader@4b2a30d
[19Dec2025 00:54:49.066] [main/DEBUG] [net.minecraftforge.fml.javafmlmod.FMLModContainer/LOADING]: Creating FMLModContainer instance for net.sweenus.simplyswords.forge.SimplySwordsForge
[19Dec2025 00:54:49.066] [main/DEBUG] [net.minecraftforge.fml.javafmlmod.FMLJavaModLanguageProvider/LOADING]: Loading FMLModContainer from classloader cpw.mods.modlauncher.TransformingClassLoader@4bdf - got cpw.mods.cl.ModuleClassLoader@4b2a30d
[19Dec2025 00:54:49.066] [main/DEBUG] [net.minecraftforge.fml.javafmlmod.FMLModContainer/LOADING]: Creating FMLModContainer instance for net.mehvahdjukaar.moonlight.forge.MoonlightForge
[19Dec2025 00:54:49.067] [main/DEBUG] [net.minecraftforge.fml.javafmlmod.FMLJavaModLanguageProvider/LOADING]: Loading FMLModContainer from classloader cpw.mods.modlauncher.TransformingClassLoader@4bdf - got cpw.mods.cl.ModuleClassLoader@4b2a30d
[19Dec2025 00:54:49.067] [main/DEBUG] [net.minecraftforge.fml.javafmlmod.FMLModContainer/LOADING]: Creating FMLModContainer instance for de.cadentem.kim_dweller.KimDweller
[19Dec2025 00:54:49.068] [main/DEBUG] [net.minecraftforge.fml.javafmlmod.FMLJavaModLanguageProvider/LOADING]: Loading FMLModContainer from classloader cpw.mods.modlauncher.TransformingClassLoader@4bdf - got cpw.mods.cl.ModuleClassLoader@4b2a30d
[19Dec2025 00:54:49.068] [main/DEBUG] [net.minecraftforge.fml.javafmlmod.FMLModContainer/LOADING]: Creating FMLModContainer instance for net.bettercombat.forge.BetterCombatForge
[19Dec2025 00:54:49.068] [main/DEBUG] [net.minecraftforge.fml.javafmlmod.FMLJavaModLanguageProvider/LOADING]: Loading FMLModContainer from classloader cpw.mods.modlauncher.TransformingClassLoader@4bdf - got cpw.mods.cl.ModuleClassLoader@4b2a30d
[19Dec2025 00:54:49.068] [main/DEBUG] [net.minecraftforge.fml.javafmlmod.FMLModContainer/LOADING]: Creating FMLModContainer instance for elocindev.necronomicon.CommonInitializer
[19Dec2025 00:54:49.069] [main/DEBUG] [net.minecraftforge.fml.javafmlmod.FMLJavaModLanguageProvider/LOADING]: Loading FMLModContainer from classloader cpw.mods.modlauncher.TransformingClassLoader@4bdf - got cpw.mods.cl.ModuleClassLoader@4b2a30d
[19Dec2025 00:54:49.069] [main/DEBUG] [net.minecraftforge.fml.javafmlmod.FMLModContainer/LOADING]: Creating FMLModContainer instance for minechosis.MinechosisMod
[19Dec2025 00:54:49.069] [main/DEBUG] [net.minecraftforge.fml.javafmlmod.FMLJavaModLanguageProvider/LOADING]: Loading FMLModContainer from classloader cpw.mods.modlauncher.TransformingClassLoader@4bdf - got cpw.mods.cl.ModuleClassLoader@4b2a30d
[19Dec2025 00:54:49.069] [main/DEBUG] [net.minecraftforge.fml.javafmlmod.FMLModContainer/LOADING]: Creating FMLModContainer instance for studio.lunareclipse.watching.Init
[19Dec2025 00:54:49.070] [main/DEBUG] [net.minecraftforge.fml.javafmlmod.FMLJavaModLanguageProvider/LOADING]: Loading FMLModContainer from classloader cpw.mods.modlauncher.TransformingClassLoader@4bdf - got cpw.mods.cl.ModuleClassLoader@4b2a30d
[19Dec2025 00:54:49.070] [main/DEBUG] [net.minecraftforge.fml.javafmlmod.FMLModContainer/LOADING]: Creating FMLModContainer instance for de.cadentem.vivilly_dweller.VivillyDweller
[19Dec2025 00:54:49.070] [main/DEBUG] [net.minecraftforge.fml.javafmlmod.FMLJavaModLanguageProvider/LOADING]: Loading FMLModContainer from classloader cpw.mods.modlauncher.TransformingClassLoader@4bdf - got cpw.mods.cl.ModuleClassLoader@4b2a30d
[19Dec2025 00:54:49.070] [main/DEBUG] [net.minecraftforge.fml.javafmlmod.FMLModContainer/LOADING]: Creating FMLModContainer instance for com.illusivesoulworks.spectrelib.SpectreForgeMod
[19Dec2025 00:54:49.071] [main/DEBUG] [net.minecraftforge.fml.javafmlmod.FMLJavaModLanguageProvider/LOADING]: Loading FMLModContainer from classloader cpw.mods.modlauncher.TransformingClassLoader@4bdf - got cpw.mods.cl.ModuleClassLoader@4b2a30d
[19Dec2025 00:54:49.071] [main/DEBUG] [net.minecraftforge.fml.javafmlmod.FMLModContainer/LOADING]: Creating FMLModContainer instance for net.mehvahdjukaar.fastpaintings.forge.FastPaintingsForge
[19Dec2025 00:54:49.071] [main/DEBUG] [net.minecraftforge.fml.javafmlmod.FMLJavaModLanguageProvider/LOADING]: Loading FMLModContainer from classloader cpw.mods.modlauncher.TransformingClassLoader@4bdf - got cpw.mods.cl.ModuleClassLoader@4b2a30d
[19Dec2025 00:54:49.071] [main/DEBUG] [net.minecraftforge.fml.javafmlmod.FMLModContainer/LOADING]: Creating FMLModContainer instance for crumbs.trueherobrine.TrueHerobrineMod
[19Dec2025 00:54:49.072] [main/DEBUG] [net.minecraftforge.fml.javafmlmod.FMLJavaModLanguageProvider/LOADING]: Loading FMLModContainer from classloader cpw.mods.modlauncher.TransformingClassLoader@4bdf - got cpw.mods.cl.ModuleClassLoader@4b2a30d
[19Dec2025 00:54:49.072] [main/DEBUG] [net.minecraftforge.fml.javafmlmod.FMLModContainer/LOADING]: Creating FMLModContainer instance for com.anthonyhilyard.iceberg.Loader
[19Dec2025 00:54:49.072] [main/DEBUG] [net.minecraftforge.fml.javafmlmod.FMLJavaModLanguageProvider/LOADING]: Loading FMLModContainer from classloader cpw.mods.modlauncher.TransformingClassLoader@4bdf - got cpw.mods.cl.ModuleClassLoader@4b2a30d
[19Dec2025 00:54:49.072] [main/DEBUG] [net.minecraftforge.fml.javafmlmod.FMLModContainer/LOADING]: Creating FMLModContainer instance for com.oblivioussp.spartanshields.ModSpartanShields
[19Dec2025 00:54:49.073] [main/DEBUG] [net.minecraftforge.fml.javafmlmod.FMLJavaModLanguageProvider/LOADING]: Loading FMLModContainer from classloader cpw.mods.modlauncher.TransformingClassLoader@4bdf - got cpw.mods.cl.ModuleClassLoader@4b2a30d
[19Dec2025 00:54:49.073] [main/DEBUG] [net.minecraftforge.fml.javafmlmod.FMLModContainer/LOADING]: Creating FMLModContainer instance for com.kreezcraft.mobsunscreen.MobSunscreenForge
[19Dec2025 00:54:49.073] [main/DEBUG] [net.minecraftforge.fml.javafmlmod.FMLJavaModLanguageProvider/LOADING]: Loading FMLModContainer from classloader cpw.mods.modlauncher.TransformingClassLoader@4bdf - got cpw.mods.cl.ModuleClassLoader@4b2a30d
[19Dec2025 00:54:49.073] [main/DEBUG] [net.minecraftforge.fml.javafmlmod.FMLModContainer/LOADING]: Creating FMLModContainer instance for com.illusivesoulworks.polymorph.PolymorphForgeMod
[19Dec2025 00:54:49.073] [main/DEBUG] [net.minecraftforge.fml.javafmlmod.FMLJavaModLanguageProvider/LOADING]: Loading FMLModContainer from classloader cpw.mods.modlauncher.TransformingClassLoader@4bdf - got cpw.mods.cl.ModuleClassLoader@4b2a30d
[19Dec2025 00:54:49.073] [main/DEBUG] [net.minecraftforge.fml.javafmlmod.FMLModContainer/LOADING]: Creating FMLModContainer instance for com.abdelaziz.canary.common.Canary
[19Dec2025 00:54:49.073] [main/DEBUG] [net.minecraftforge.fml.javafmlmod.FMLJavaModLanguageProvider/LOADING]: Loading FMLModContainer from classloader cpw.mods.modlauncher.TransformingClassLoader@4bdf - got cpw.mods.cl.ModuleClassLoader@4b2a30d
[19Dec2025 00:54:49.074] [main/DEBUG] [net.minecraftforge.fml.javafmlmod.FMLModContainer/LOADING]: Creating FMLModContainer instance for com.betterchunkloading.BetterChunkLoading
[19Dec2025 00:54:49.074] [main/DEBUG] [net.minecraftforge.fml.javafmlmod.FMLJavaModLanguageProvider/LOADING]: Loading FMLModContainer from classloader cpw.mods.modlauncher.TransformingClassLoader@4bdf - got cpw.mods.cl.ModuleClassLoader@4b2a30d
[19Dec2025 00:54:49.074] [main/DEBUG] [net.minecraftforge.fml.javafmlmod.FMLModContainer/LOADING]: Creating FMLModContainer instance for apollyon.ApollyonMod
[19Dec2025 00:54:49.074] [main/DEBUG] [net.minecraftforge.fml.javafmlmod.FMLJavaModLanguageProvider/LOADING]: Loading FMLModContainer from classloader cpw.mods.modlauncher.TransformingClassLoader@4bdf - got cpw.mods.cl.ModuleClassLoader@4b2a30d
[19Dec2025 00:54:49.075] [main/DEBUG] [net.minecraftforge.fml.javafmlmod.FMLModContainer/LOADING]: Creating FMLModContainer instance for net.raphimc.immediatelyfast.forge.ImmediatelyFastForge
[19Dec2025 00:54:49.075] [main/DEBUG] [net.minecraftforge.fml.javafmlmod.FMLJavaModLanguageProvider/LOADING]: Loading FMLModContainer from classloader cpw.mods.modlauncher.TransformingClassLoader@4bdf - got cpw.mods.cl.ModuleClassLoader@4b2a30d
[19Dec2025 00:54:49.075] [main/DEBUG] [net.minecraftforge.fml.javafmlmod.FMLModContainer/LOADING]: Creating FMLModContainer instance for com.corosus.coroutil.loader.forge.ConfigModForge
[19Dec2025 00:54:49.075] [main/DEBUG] [net.minecraftforge.fml.javafmlmod.FMLJavaModLanguageProvider/LOADING]: Loading FMLModContainer from classloader cpw.mods.modlauncher.TransformingClassLoader@4bdf - got cpw.mods.cl.ModuleClassLoader@4b2a30d
[19Dec2025 00:54:49.075] [main/DEBUG] [net.minecraftforge.fml.javafmlmod.FMLModContainer/LOADING]: Creating FMLModContainer instance for shadows.fastfurnace.FastFurnace
[19Dec2025 00:54:49.076] [main/DEBUG] [net.minecraftforge.fml.javafmlmod.FMLJavaModLanguageProvider/LOADING]: Loading FMLModContainer from classloader cpw.mods.modlauncher.TransformingClassLoader@4bdf - got cpw.mods.cl.ModuleClassLoader@4b2a30d
[19Dec2025 00:54:49.076] [main/DEBUG] [net.minecraftforge.fml.javafmlmod.FMLModContainer/LOADING]: Creating FMLModContainer instance for com.lgow.endofherobrine.Main
[19Dec2025 00:54:49.076] [main/DEBUG] [net.minecraftforge.fml.javafmlmod.FMLJavaModLanguageProvider/LOADING]: Loading FMLModContainer from classloader cpw.mods.modlauncher.TransformingClassLoader@4bdf - got cpw.mods.cl.ModuleClassLoader@4b2a30d
[19Dec2025 00:54:49.076] [main/DEBUG] [net.minecraftforge.fml.javafmlmod.FMLModContainer/LOADING]: Creating FMLModContainer instance for net.mcreator.shyguy.ShyGuyMod
[19Dec2025 00:54:49.077] [main/DEBUG] [net.minecraftforge.fml.javafmlmod.FMLJavaModLanguageProvider/LOADING]: Loading FMLModContainer from classloader cpw.mods.modlauncher.TransformingClassLoader@4bdf - got cpw.mods.cl.ModuleClassLoader@4b2a30d
[19Dec2025 00:54:49.077] [main/DEBUG] [net.minecraftforge.fml.javafmlmod.FMLModContainer/LOADING]: Creating FMLModContainer instance for net.mcreator.btrv.BwrtherainMod
[19Dec2025 00:54:49.077] [main/DEBUG] [net.minecraftforge.fml.javafmlmod.FMLJavaModLanguageProvider/LOADING]: Loading FMLModContainer from classloader cpw.mods.modlauncher.TransformingClassLoader@4bdf - got cpw.mods.cl.ModuleClassLoader@4b2a30d
[19Dec2025 00:54:49.077] [main/DEBUG] [net.minecraftforge.fml.javafmlmod.FMLModContainer/LOADING]: Creating FMLModContainer instance for malte0811.ferritecore.ModMainForge
[19Dec2025 00:54:49.078] [main/DEBUG] [net.minecraftforge.fml.javafmlmod.FMLJavaModLanguageProvider/LOADING]: Loading FMLModContainer from classloader cpw.mods.modlauncher.TransformingClassLoader@4bdf - got cpw.mods.cl.ModuleClassLoader@4b2a30d
[19Dec2025 00:54:49.078] [main/DEBUG] [net.minecraftforge.fml.javafmlmod.FMLModContainer/LOADING]: Creating FMLModContainer instance for fuzs.puzzleslib.impl.PuzzlesLibForge
[19Dec2025 00:54:49.078] [main/DEBUG] [net.minecraftforge.fml.javafmlmod.FMLJavaModLanguageProvider/LOADING]: Loading FMLModContainer from classloader cpw.mods.modlauncher.TransformingClassLoader@4bdf - got cpw.mods.cl.ModuleClassLoader@4b2a30d
[19Dec2025 00:54:49.078] [main/DEBUG] [net.minecraftforge.fml.javafmlmod.FMLModContainer/LOADING]: Creating FMLModContainer instance for net.mcreator.theknocker.TheKnockerMod
[19Dec2025 00:54:49.078] [main/DEBUG] [net.minecraftforge.fml.javafmlmod.FMLJavaModLanguageProvider/LOADING]: Loading FMLModContainer from classloader cpw.mods.modlauncher.TransformingClassLoader@4bdf - got cpw.mods.cl.ModuleClassLoader@4b2a30d
[19Dec2025 00:54:49.079] [main/DEBUG] [net.minecraftforge.fml.javafmlmod.FMLModContainer/LOADING]: Creating FMLModContainer instance for dev.tonimatas.packetfixer.PacketFixerForge
[19Dec2025 00:54:49.079] [main/DEBUG] [net.minecraftforge.fml.javafmlmod.FMLJavaModLanguageProvider/LOADING]: Loading FMLModContainer from classloader cpw.mods.modlauncher.TransformingClassLoader@4bdf - got cpw.mods.cl.ModuleClassLoader@4b2a30d
[19Dec2025 00:54:49.079] [main/DEBUG] [net.minecraftforge.fml.javafmlmod.FMLModContainer/LOADING]: Creating FMLModContainer instance for de.cadentem.cartoon_dweller.CartoonDweller
[19Dec2025 00:54:49.080] [main/DEBUG] [net.minecraftforge.fml.javafmlmod.FMLJavaModLanguageProvider/LOADING]: Loading FMLModContainer from classloader cpw.mods.modlauncher.TransformingClassLoader@4bdf - got cpw.mods.cl.ModuleClassLoader@4b2a30d
[19Dec2025 00:54:49.080] [main/DEBUG] [net.minecraftforge.fml.javafmlmod.FMLModContainer/LOADING]: Creating FMLModContainer instance for com.chunksending.ChunkSending
[19Dec2025 00:54:49.080] [main/DEBUG] [net.minecraftforge.fml.javafmlmod.FMLJavaModLanguageProvider/LOADING]: Loading FMLModContainer from classloader cpw.mods.modlauncher.TransformingClassLoader@4bdf - got cpw.mods.cl.ModuleClassLoader@4b2a30d
[19Dec2025 00:54:49.080] [main/DEBUG] [net.minecraftforge.fml.javafmlmod.FMLModContainer/LOADING]: Creating FMLModContainer instance for revvilo.responsiveshields.ResponsiveShields
[19Dec2025 00:54:49.090] [modloading-worker-0/DEBUG] [net.minecraftforge.fml.javafmlmod.AutomaticEventSubscriber/LOADING]: Attempting to inject @EventBusSubscriber classes into the eventbus for notenoughcrashes
[19Dec2025 00:54:49.090] [modloading-worker-0/DEBUG] [net.minecraftforge.fml.javafmlmod.AutomaticEventSubscriber/LOADING]: Attempting to inject @EventBusSubscriber classes into the eventbus for playeranimator
[19Dec2025 00:54:49.103] [modloading-worker-0/DEBUG] [mixin/]: Mixing perf.forge_registry_lambda.RegistryObjectMixin from modernfix-forge.mixins.json into net.minecraftforge.registries.RegistryObject
[19Dec2025 00:54:49.105] [modloading-worker-0/DEBUG] [net.minecraftforge.fml.javafmlmod.AutomaticEventSubscriber/LOADING]: Attempting to inject @EventBusSubscriber classes into the eventbus for connectivity
[19Dec2025 00:54:49.112] [modloading-worker-0/INFO] [insane96mcp.insanelib.InsaneLib/]: Found (COMMON) InsaneLib Feature class insane96mcp.insanelib.module.base.feature.TagsFeature
[19Dec2025 00:54:49.114] [modloading-worker-0/DEBUG] [net.minecraftforge.fml.javafmlmod.AutomaticEventSubscriber/LOADING]: Attempting to inject @EventBusSubscriber classes into the eventbus for placebo
[19Dec2025 00:54:49.114] [modloading-worker-0/DEBUG] [net.minecraftforge.fml.javafmlmod.AutomaticEventSubscriber/LOADING]: Auto-subscribing shadows.placebo.util.PlaceboTaskQueue to FORGE
[19Dec2025 00:54:49.126] [modloading-worker-0/DEBUG] [mixin/]: Mixing IMixinSharedSuggestionProvider from majruszlibrary-common.mixins.json into net.minecraft.commands.SharedSuggestionProvider
[19Dec2025 00:54:49.128] [modloading-worker-0/DEBUG] [net.minecraftforge.fml.javafmlmod.AutomaticEventSubscriber/LOADING]: Attempting to inject @EventBusSubscriber classes into the eventbus for blanketghost
[19Dec2025 00:54:49.128] [modloading-worker-0/DEBUG] [net.minecraftforge.fml.javafmlmod.AutomaticEventSubscriber/LOADING]: Auto-subscribing net.mcreator.blanketghost.procedures.BlanketGhostAttackProcedure to FORGE
[19Dec2025 00:54:49.131] [modloading-worker-0/DEBUG] [mixin/]: Mixing DamageSourceMixin from kubejs-common.mixins.json into net.minecraft.world.damagesource.DamageSource
[19Dec2025 00:54:49.131] [modloading-worker-0/DEBUG] [mixin/]: Mixing DamageSourceAccessor from balm.mixins.json into net.minecraft.world.damagesource.DamageSource
[19Dec2025 00:54:49.131] [modloading-worker-0/DEBUG] [mixin/]: Renaming @Invoker method create(Ljava/lang/String;)Lnet/minecraft/world/damagesource/DamageSource; to create_$md$3c33d9$0 in balm.mixins.json:DamageSourceAccessor
[19Dec2025 00:54:49.134] [modloading-worker-0/DEBUG] [mixin/]: Mixing MixinExplosion from majruszlibrary-common.mixins.json into net.minecraft.world.level.Explosion
[19Dec2025 00:54:49.137] [modloading-worker-0/DEBUG] [mixin/]: Mixing world.explosions.ExplosionMixin from canary.mixins.json into net.minecraft.world.level.Explosion
[19Dec2025 00:54:49.160] [modloading-worker-0/DEBUG] [net.minecraftforge.fml.javafmlmod.AutomaticEventSubscriber/LOADING]: Auto-subscribing net.mcreator.blanketghost.init.EntityAnimationFactory to FORGE
[19Dec2025 00:54:49.163] [modloading-worker-0/INFO] [insane96mcp.insanelib.InsaneLib/]: Found (COMMON) InsaneLib Feature class insane96mcp.insanelib.module.base.feature.FixFeature
[19Dec2025 00:54:49.164] [modloading-worker-0/DEBUG] [mixin/]: Mixing PlayerListMixin from kubejs-common.mixins.json into net.minecraft.server.players.PlayerList
[19Dec2025 00:54:49.164] [modloading-worker-0/DEBUG] [mixin/]: Mixing MixinPlayerList from majruszlibrary-common.mixins.json into net.minecraft.server.players.PlayerList
[19Dec2025 00:54:49.169] [modloading-worker-0/INFO] [insane96mcp.insanelib.InsaneLib/]: Found (COMMON) InsaneLib Feature class insane96mcp.insanelib.module.base.feature.AEC3DFeature
[19Dec2025 00:54:49.170] [modloading-worker-0/DEBUG] [net.minecraftforge.fml.javafmlmod.AutomaticEventSubscriber/LOADING]: Auto-subscribing net.mcreator.blanketghost.init.BlanketghostModEntities to MOD
[19Dec2025 00:54:49.175] [modloading-worker-0/DEBUG] [net.minecraftforge.fml.javafmlmod.AutomaticEventSubscriber/LOADING]: Attempting to inject @EventBusSubscriber classes into the eventbus for rolling_giant
[19Dec2025 00:54:49.176] [modloading-worker-0/DEBUG] [net.minecraftforge.fml.javafmlmod.AutomaticEventSubscriber/LOADING]: Auto-subscribing net.mcreator.rollinggiant.procedures.WatchProcedure to FORGE
[19Dec2025 00:54:49.176] [modloading-worker-0/DEBUG] [net.minecraftforge.fml.config.ConfigTracker/CONFIG]: Config file modernfix-common.toml for modernfix tracking
[19Dec2025 00:54:49.178] [modloading-worker-0/DEBUG] [net.minecraftforge.fml.javafmlmod.AutomaticEventSubscriber/LOADING]: Auto-subscribing net.mcreator.rollinggiant.procedures.WatchingAIProcedure to FORGE
[19Dec2025 00:54:49.179] [modloading-worker-0/DEBUG] [net.minecraftforge.fml.javafmlmod.AutomaticEventSubscriber/LOADING]: Auto-subscribing net.mcreator.rollinggiant.procedures.StepupProcedure to FORGE
[19Dec2025 00:54:49.180] [modloading-worker-0/DEBUG] [net.minecraftforge.fml.config.ConfigTracker/CONFIG]: Config file insanelib-common.toml for insanelib tracking
[19Dec2025 00:54:49.183] [modloading-worker-0/DEBUG] [net.minecraftforge.fml.javafmlmod.AutomaticEventSubscriber/LOADING]: Attempting to inject @EventBusSubscriber classes into the eventbus for insanelib
[19Dec2025 00:54:49.184] [modloading-worker-0/DEBUG] [net.minecraftforge.fml.javafmlmod.AutomaticEventSubscriber/LOADING]: Auto-subscribing insane96mcp.insanelib.util.scheduled.ScheduledTasks to FORGE
[19Dec2025 00:54:49.185] [modloading-worker-0/DEBUG] [net.minecraftforge.fml.javafmlmod.AutomaticEventSubscriber/LOADING]: Auto-subscribing net.mcreator.rollinggiant.procedures.SpawnWatchingProcedure to FORGE
[19Dec2025 00:54:49.187] [modloading-worker-0/DEBUG] [net.minecraftforge.fml.javafmlmod.AutomaticEventSubscriber/LOADING]: Auto-subscribing net.mcreator.rollinggiant.procedures.SpawnIdleProcedure to FORGE
[19Dec2025 00:54:49.188] [modloading-worker-0/DEBUG] [net.minecraftforge.fml.javafmlmod.AutomaticEventSubscriber/LOADING]: Auto-subscribing insane96mcp.insanelib.setup.Config to MOD
[19Dec2025 00:54:49.188] [modloading-worker-0/DEBUG] [net.minecraftforge.fml.javafmlmod.AutomaticEventSubscriber/LOADING]: Auto-subscribing net.mcreator.rollinggiant.procedures.SpawnFromDarkProcedure to FORGE
[19Dec2025 00:54:49.190] [modloading-worker-0/DEBUG] [net.minecraftforge.fml.javafmlmod.AutomaticEventSubscriber/LOADING]: Attempting to inject @EventBusSubscriber classes into the eventbus for mixinextras
[19Dec2025 00:54:49.190] [modloading-worker-0/DEBUG] [net.minecraftforge.fml.javafmlmod.AutomaticEventSubscriber/LOADING]: Auto-subscribing net.mcreator.rollinggiant.procedures.SpawnAmbushProcedure to FORGE
[19Dec2025 00:54:49.195] [modloading-worker-0/DEBUG] [net.minecraftforge.fml.javafmlmod.AutomaticEventSubscriber/LOADING]: Attempting to inject @EventBusSubscriber classes into the eventbus for item_obliterator
[19Dec2025 00:54:49.197] [modloading-worker-0/DEBUG] [net.minecraftforge.fml.javafmlmod.AutomaticEventSubscriber/LOADING]: Auto-subscribing net.mcreator.rollinggiant.procedures.SneakyAIProcedure to FORGE
[19Dec2025 00:54:49.199] [modloading-worker-0/DEBUG] [net.minecraftforge.fml.javafmlmod.AutomaticEventSubscriber/LOADING]: Auto-subscribing net.mcreator.rollinggiant.procedures.SneakProcedure to FORGE
[19Dec2025 00:54:49.201] [modloading-worker-0/DEBUG] [net.minecraftforge.fml.javafmlmod.AutomaticEventSubscriber/LOADING]: Attempting to inject @EventBusSubscriber classes into the eventbus for sleepnt_mod
[19Dec2025 00:54:49.201] [modloading-worker-0/DEBUG] [net.minecraftforge.fml.javafmlmod.AutomaticEventSubscriber/LOADING]: Auto-subscribing net.sleepntmod.procedures.SleepntProcedure to FORGE
[19Dec2025 00:54:49.202] [modloading-worker-0/DEBUG] [net.minecraftforge.fml.javafmlmod.AutomaticEventSubscriber/LOADING]: Auto-subscribing net.mcreator.rollinggiant.procedures.SafeWhenSpawnedProcedure to FORGE
[19Dec2025 00:54:49.203] [modloading-worker-0/DEBUG] [net.minecraftforge.fml.javafmlmod.AutomaticEventSubscriber/LOADING]: Auto-subscribing net.mcreator.rollinggiant.procedures.ReloadangryProcedure to FORGE
[19Dec2025 00:54:49.204] [modloading-worker-0/DEBUG] [net.minecraftforge.fml.javafmlmod.AutomaticEventSubscriber/LOADING]: Auto-subscribing net.mcreator.rollinggiant.procedures.RageProcedure to FORGE
[19Dec2025 00:54:49.205] [modloading-worker-0/DEBUG] [net.minecraftforge.fml.javafmlmod.AutomaticEventSubscriber/LOADING]: Auto-subscribing net.mcreator.rollinggiant.procedures.PlayProcedure to FORGE
[19Dec2025 00:54:49.205] [modloading-worker-0/DEBUG] [net.minecraftforge.fml.javafmlmod.AutomaticEventSubscriber/LOADING]: Auto-subscribing net.mcreator.rollinggiant.procedures.PlayerEffectProcedure to FORGE
[19Dec2025 00:54:49.208] [modloading-worker-0/DEBUG] [net.minecraftforge.fml.javafmlmod.AutomaticEventSubscriber/LOADING]: Auto-subscribing net.mcreator.rollinggiant.procedures.FleeGiantIfplayernearProcedure to FORGE
[19Dec2025 00:54:49.209] [modloading-worker-0/DEBUG] [net.minecraftforge.fml.javafmlmod.AutomaticEventSubscriber/LOADING]: Auto-subscribing net.mcreator.rollinggiant.procedures.EffectProcedure to FORGE
[19Dec2025 00:54:49.211] [modloading-worker-0/DEBUG] [net.minecraftforge.fml.loading.FileUtils/CORE]: Found existing zombieawareness directory : /workspaces/symmetrical-octo-engine/servidor_minecraft/config/zombieawareness
[19Dec2025 00:54:49.213] [modloading-worker-0/DEBUG] [net.minecraftforge.fml.javafmlmod.AutomaticEventSubscriber/LOADING]: Auto-subscribing net.mcreator.rollinggiant.procedures.DespawnWatchingProcedure to FORGE
[19Dec2025 00:54:49.216] [modloading-worker-0/DEBUG] [net.minecraftforge.fml.javafmlmod.AutomaticEventSubscriber/LOADING]: Auto-subscribing net.mcreator.rollinggiant.procedures.DespawnIfSafeProcedure to FORGE
[19Dec2025 00:54:49.217] [modloading-worker-0/DEBUG] [net.minecraftforge.fml.javafmlmod.AutomaticEventSubscriber/LOADING]: Auto-subscribing net.mcreator.rollinggiant.procedures.DespawnAmbushProcedure to FORGE
[19Dec2025 00:54:49.218] [modloading-worker-0/DEBUG] [net.minecraftforge.fml.javafmlmod.AutomaticEventSubscriber/LOADING]: Auto-subscribing net.mcreator.rollinggiant.procedures.ChaseStopProcedure to FORGE
[19Dec2025 00:54:49.216] [modloading-worker-0/INFO] [coroutil/]: forge loader environment detected
[19Dec2025 00:54:49.221] [modloading-worker-0/DEBUG] [net.minecraftforge.fml.javafmlmod.AutomaticEventSubscriber/LOADING]: Auto-subscribing net.mcreator.rollinggiant.procedures.BreakWebProcedure to FORGE
[19Dec2025 00:54:49.225] [modloading-worker-0/DEBUG] [net.minecraftforge.fml.javafmlmod.AutomaticEventSubscriber/LOADING]: Auto-subscribing net.mcreator.rollinggiant.procedures.BreakWebAngryProcedure to FORGE
[19Dec2025 00:54:49.226] [modloading-worker-0/DEBUG] [net.minecraftforge.fml.javafmlmod.AutomaticEventSubscriber/LOADING]: Auto-subscribing net.mcreator.rollinggiant.procedures.BreakLeafsProcedure to FORGE
[19Dec2025 00:54:49.227] [modloading-worker-0/DEBUG] [net.minecraftforge.fml.javafmlmod.AutomaticEventSubscriber/LOADING]: Auto-subscribing net.mcreator.rollinggiant.procedures.BreakLeafsAngryProcedure to FORGE
[19Dec2025 00:54:49.230] [modloading-worker-0/DEBUG] [net.minecraftforge.fml.javafmlmod.AutomaticEventSubscriber/LOADING]: Auto-subscribing net.mcreator.rollinggiant.procedures.BreakGlassProcedure to FORGE
[19Dec2025 00:54:49.231] [modloading-worker-0/DEBUG] [net.minecraftforge.fml.javafmlmod.AutomaticEventSubscriber/LOADING]: Auto-subscribing net.mcreator.rollinggiant.procedures.BreakGlassAngryProcedure to FORGE
[19Dec2025 00:54:49.235] [modloading-worker-0/DEBUG] [net.minecraftforge.fml.config.ConfigTracker/CONFIG]: Config file zombieawareness/General.toml for zombieawareness tracking
[19Dec2025 00:54:49.235] [modloading-worker-0/DEBUG] [net.minecraftforge.fml.javafmlmod.AutomaticEventSubscriber/LOADING]: Auto-subscribing net.mcreator.rollinggiant.procedures.BreakdoorsProcedure to FORGE
[19Dec2025 00:54:49.236] [modloading-worker-0/DEBUG] [net.minecraftforge.fml.config.ConfigTracker/CONFIG]: Config file zombieawareness/ClientConfig.toml for zombieawareness tracking
[19Dec2025 00:54:49.237] [modloading-worker-0/DEBUG] [net.minecraftforge.fml.config.ConfigTracker/CONFIG]: Config file zombieawareness/Features.toml for zombieawareness tracking
[19Dec2025 00:54:49.238] [modloading-worker-0/DEBUG] [net.minecraftforge.fml.javafmlmod.AutomaticEventSubscriber/LOADING]: Auto-subscribing net.mcreator.rollinggiant.procedures.BreakDoorsAngryProcedure to FORGE
[19Dec2025 00:54:49.239] [modloading-worker-0/DEBUG] [net.minecraftforge.fml.javafmlmod.AutomaticEventSubscriber/LOADING]: Auto-subscribing net.mcreator.rollinggiant.procedures.BetterAiProcedure to FORGE
[19Dec2025 00:54:49.240] [modloading-worker-0/DEBUG] [net.minecraftforge.fml.config.ConfigTracker/CONFIG]: Config file zombieawareness/MobLists.toml for zombieawareness tracking
[19Dec2025 00:54:49.241] [modloading-worker-0/DEBUG] [net.minecraftforge.fml.config.ConfigTracker/CONFIG]: Config file zombieawareness/PlayerRulesAndLists.toml for zombieawareness tracking
[19Dec2025 00:54:49.241] [modloading-worker-0/DEBUG] [net.minecraftforge.fml.javafmlmod.AutomaticEventSubscriber/LOADING]: Auto-subscribing net.mcreator.rollinggiant.procedures.AttackWatchingProcedure to FORGE
[19Dec2025 00:54:49.242] [modloading-worker-0/DEBUG] [net.minecraftforge.fml.javafmlmod.AutomaticEventSubscriber/LOADING]: Attempting to inject @EventBusSubscriber classes into the eventbus for zombieawareness
[19Dec2025 00:54:49.242] [modloading-worker-0/DEBUG] [net.minecraftforge.fml.javafmlmod.AutomaticEventSubscriber/LOADING]: Auto-subscribing com.corosus.zombieawareness.ZAEventHandler to FORGE
[19Dec2025 00:54:49.242] [modloading-worker-0/DEBUG] [net.minecraftforge.fml.javafmlmod.AutomaticEventSubscriber/LOADING]: Auto-subscribing com.corosus.zombieawareness.EntityRegistry to MOD
[19Dec2025 00:54:49.242] [modloading-worker-0/DEBUG] [net.minecraftforge.fml.javafmlmod.AutomaticEventSubscriber/LOADING]: Auto-subscribing com.corosus.zombieawareness.config.MobListsConfig to FORGE
[19Dec2025 00:54:49.242] [modloading-worker-0/DEBUG] [net.minecraftforge.fml.javafmlmod.AutomaticEventSubscriber/LOADING]: Auto-subscribing com.corosus.zombieawareness.client.ClientRegistry to MOD
[19Dec2025 00:54:49.243] [modloading-worker-0/DEBUG] [net.minecraftforge.fml.javafmlmod.AutomaticEventSubscriber/LOADING]: Auto-subscribing net.mcreator.rollinggiant.procedures.AttackProcedure to FORGE
[19Dec2025 00:54:49.247] [modloading-worker-0/DEBUG] [net.minecraftforge.fml.javafmlmod.AutomaticEventSubscriber/LOADING]: Auto-subscribing net.mcreator.rollinggiant.procedures.AngryToAmbushProcedure to FORGE
[19Dec2025 00:54:49.248] [modloading-worker-0/DEBUG] [net.minecraftforge.fml.javafmlmod.AutomaticEventSubscriber/LOADING]: Auto-subscribing net.mcreator.rollinggiant.network.RollingGiantModVariables to MOD
[19Dec2025 00:54:49.248] [modloading-worker-0/DEBUG] [net.minecraftforge.fml.javafmlmod.AutomaticEventSubscriber/LOADING]: Auto-subscribing net.mcreator.rollinggiant.network.RollingGiantModVariables$EventBusVariableHandlers to FORGE
[19Dec2025 00:54:49.251] [modloading-worker-0/DEBUG] [net.minecraftforge.fml.javafmlmod.AutomaticEventSubscriber/LOADING]: Auto-subscribing net.mcreator.rollinggiant.init.RollingGiantModEntities to MOD
[19Dec2025 00:54:49.254] [modloading-worker-0/DEBUG] [net.minecraftforge.fml.javafmlmod.AutomaticEventSubscriber/LOADING]: Auto-subscribing net.mcreator.rollinggiant.init.EntityAnimationFactory to FORGE
[19Dec2025 00:54:49.255] [modloading-worker-0/DEBUG] [net.minecraftforge.fml.javafmlmod.AutomaticEventSubscriber/LOADING]: Auto-subscribing net.mcreator.rollinggiant.command.SpawnrateoftenCommand to FORGE
[19Dec2025 00:54:49.256] [modloading-worker-0/DEBUG] [net.minecraftforge.fml.javafmlmod.AutomaticEventSubscriber/LOADING]: Auto-subscribing net.mcreator.rollinggiant.command.SpawnratenormalCommand to FORGE
[19Dec2025 00:54:49.257] [modloading-worker-0/DEBUG] [net.minecraftforge.fml.javafmlmod.AutomaticEventSubscriber/LOADING]: Auto-subscribing net.mcreator.rollinggiant.command.SpawnrateCommand to FORGE
[19Dec2025 00:54:49.260] [modloading-worker-0/DEBUG] [net.minecraftforge.fml.javafmlmod.AutomaticEventSubscriber/LOADING]: Auto-subscribing net.mcreator.rollinggiant.command.Reload5minCommand to FORGE
[19Dec2025 00:54:49.261] [modloading-worker-0/DEBUG] [net.minecraftforge.fml.javafmlmod.AutomaticEventSubscriber/LOADING]: Auto-subscribing net.mcreator.rollinggiant.command.Reload3minCommand to FORGE
[19Dec2025 00:54:49.264] [modloading-worker-0/DEBUG] [net.minecraftforge.fml.javafmlmod.AutomaticEventSubscriber/LOADING]: Auto-subscribing net.mcreator.rollinggiant.command.Reload1minCommand to FORGE
[19Dec2025 00:54:49.266] [modloading-worker-0/DEBUG] [net.minecraftforge.fml.javafmlmod.AutomaticEventSubscriber/LOADING]: Attempting to inject @EventBusSubscriber classes into the eventbus for cloth_config
[19Dec2025 00:54:49.271] [modloading-worker-0/DEBUG] [net.minecraftforge.fml.config.ConfigTracker/CONFIG]: Config file emojiful-client.toml for emojiful tracking
[19Dec2025 00:54:49.272] [modloading-worker-0/DEBUG] [net.minecraftforge.fml.javafmlmod.AutomaticEventSubscriber/LOADING]: Attempting to inject @EventBusSubscriber classes into the eventbus for emojiful
[19Dec2025 00:54:49.272] [modloading-worker-0/DEBUG] [net.minecraftforge.fml.javafmlmod.AutomaticEventSubscriber/LOADING]: Attempting to inject @EventBusSubscriber classes into the eventbus for immersive_armors
[19Dec2025 00:54:49.272] [modloading-worker-0/DEBUG] [net.minecraftforge.fml.javafmlmod.AutomaticEventSubscriber/LOADING]: Auto-subscribing immersive_armors.forge.LootProvider$EventHandlers to MOD
[19Dec2025 00:54:49.272] [modloading-worker-0/INFO] [net.permutated.novillagerdm.NoVillagerDeathMessages/]: Registering mod: novillagerdm
[19Dec2025 00:54:49.275] [modloading-worker-0/DEBUG] [net.minecraftforge.fml.javafmlmod.AutomaticEventSubscriber/LOADING]: Attempting to inject @EventBusSubscriber classes into the eventbus for balm
[19Dec2025 00:54:49.276] [modloading-worker-0/DEBUG] [net.minecraftforge.fml.javafmlmod.AutomaticEventSubscriber/LOADING]: Attempting to inject @EventBusSubscriber classes into the eventbus for novillagerdm
[19Dec2025 00:54:49.276] [modloading-worker-0/DEBUG] [net.minecraftforge.fml.javafmlmod.AutomaticEventSubscriber/LOADING]: Auto-subscribing immersive_armors.forge.ForgeBusEvents to FORGE
[19Dec2025 00:54:49.278] [modloading-worker-0/DEBUG] [net.minecraftforge.fml.javafmlmod.AutomaticEventSubscriber/LOADING]: Auto-subscribing immersive_armors.forge.CommonForge to MOD
[19Dec2025 00:54:49.279] [modloading-worker-0/INFO] [dev.wuffs.bcc.BCC/]: Better Compatibility Checker loading
[19Dec2025 00:54:49.280] [modloading-worker-0/DEBUG] [net.minecraftforge.fml.config.ConfigTracker/CONFIG]: Config file bcc-common.toml for bcc tracking
[19Dec2025 00:54:49.281] [modloading-worker-0/DEBUG] [net.minecraftforge.fml.javafmlmod.AutomaticEventSubscriber/LOADING]: Attempting to inject @EventBusSubscriber classes into the eventbus for bcc
[19Dec2025 00:54:49.281] [modloading-worker-0/DEBUG] [net.minecraftforge.fml.javafmlmod.AutomaticEventSubscriber/LOADING]: Attempting to inject @EventBusSubscriber classes into the eventbus for advancementplaques
[19Dec2025 00:54:49.281] [modloading-worker-0/DEBUG] [net.minecraftforge.fml.javafmlmod.AutomaticEventSubscriber/LOADING]: Auto-subscribing com.anthonyhilyard.advancementplaques.AdvancementPlaques to MOD
[19Dec2025 00:54:49.284] [modloading-worker-0/DEBUG] [net.minecraftforge.fml.javafmlmod.AutomaticEventSubscriber/LOADING]: Attempting to inject @EventBusSubscriber classes into the eventbus for clockwork
[19Dec2025 00:54:49.287] [modloading-worker-0/DEBUG] [net.minecraftforge.fml.javafmlmod.AutomaticEventSubscriber/LOADING]: Auto-subscribing net.asestefan.commands.ScreenShakeCommandRegistry to FORGE
[19Dec2025 00:54:49.288] [modloading-worker-0/DEBUG] [net.minecraftforge.fml.javafmlmod.AutomaticEventSubscriber/LOADING]: Auto-subscribing net.asestefan.api.ClockworkLib$ClientModEvents to MOD
[19Dec2025 00:54:49.292] [modloading-worker-0/DEBUG] [net.minecraftforge.fml.javafmlmod.AutomaticEventSubscriber/LOADING]: Attempting to inject @EventBusSubscriber classes into the eventbus for chunky
[19Dec2025 00:54:49.296] [modloading-worker-0/DEBUG] [net.minecraftforge.fml.javafmlmod.AutomaticEventSubscriber/LOADING]: Attempting to inject @EventBusSubscriber classes into the eventbus for spark
[19Dec2025 00:54:49.302] [modloading-worker-0/DEBUG] [net.minecraftforge.fml.config.ConfigTracker/CONFIG]: Config file rightclickharvest.toml for rightclickharvest tracking
[19Dec2025 00:54:49.303] [modloading-worker-0/DEBUG] [net.minecraftforge.fml.javafmlmod.AutomaticEventSubscriber/LOADING]: Attempting to inject @EventBusSubscriber classes into the eventbus for rightclickharvest
[19Dec2025 00:54:49.353] [modloading-worker-0/DEBUG] [net.minecraftforge.fml.javafmlmod.AutomaticEventSubscriber/LOADING]: Attempting to inject @EventBusSubscriber classes into the eventbus for twm
[19Dec2025 00:54:49.353] [modloading-worker-0/DEBUG] [net.minecraftforge.fml.javafmlmod.AutomaticEventSubscriber/LOADING]: Auto-subscribing net.mcreator.twm.procedures.TheBloodthirsterLifestealProcedure to FORGE
[19Dec2025 00:54:49.356] [modloading-worker-0/DEBUG] [net.minecraftforge.fml.javafmlmod.AutomaticEventSubscriber/LOADING]: Auto-subscribing net.mcreator.twm.procedures.SoulmetalSwordHitProcedure to FORGE
[19Dec2025 00:54:49.360] [modloading-worker-0/DEBUG] [net.minecraftforge.fml.javafmlmod.AutomaticEventSubscriber/LOADING]: Auto-subscribing net.mcreator.twm.procedures.MaceCriticalHitProcedure to FORGE
[19Dec2025 00:54:49.361] [modloading-worker-0/DEBUG] [net.minecraftforge.fml.javafmlmod.AutomaticEventSubscriber/LOADING]: Auto-subscribing net.mcreator.twm.procedures.FlintRightClickedOnObsidianProcedure to FORGE
[19Dec2025 00:54:49.362] [modloading-worker-0/DEBUG] [net.minecraftforge.fml.javafmlmod.AutomaticEventSubscriber/LOADING]: Auto-subscribing net.mcreator.twm.procedures.BedrockMinedObsidianPickaxeProcedure to FORGE
[19Dec2025 00:54:49.364] [modloading-worker-0/DEBUG] [net.minecraftforge.fml.javafmlmod.AutomaticEventSubscriber/LOADING]: Auto-subscribing net.mcreator.twm.init.TwmModFeatures to FORGE
[19Dec2025 00:54:49.365] [modloading-worker-0/DEBUG] [net.minecraftforge.fml.javafmlmod.AutomaticEventSubscriber/LOADING]: Attempting to inject @EventBusSubscriber classes into the eventbus for man
[19Dec2025 00:54:49.367] [modloading-worker-0/DEBUG] [net.minecraftforge.fml.javafmlmod.AutomaticEventSubscriber/LOADING]: Auto-subscribing net.mcreator.man.world.dimension.HalucinationDimension to FORGE
[19Dec2025 00:54:49.368] [modloading-worker-0/DEBUG] [net.minecraftforge.fml.javafmlmod.AutomaticEventSubscriber/LOADING]: Auto-subscribing net.mcreator.man.world.dimension.HalucinationDimension$Fixers to MOD
[19Dec2025 00:54:49.370] [modloading-worker-0/DEBUG] [net.minecraftforge.fml.javafmlmod.AutomaticEventSubscriber/LOADING]: Auto-subscribing net.mcreator.man.procedures.TimerglobalProcedure to FORGE
[19Dec2025 00:54:49.369] [modloading-worker-0/INFO] [Collective/]: Loading Collective version 7.64.
[19Dec2025 00:54:49.372] [modloading-worker-0/DEBUG] [net.minecraftforge.fml.javafmlmod.AutomaticEventSubscriber/LOADING]: Auto-subscribing net.mcreator.man.procedures.ShaderProcedure to FORGE
[19Dec2025 00:54:49.374] [modloading-worker-0/DEBUG] [mixin/]: Mixing MixinEnchantmentHelper from majruszlibrary-common.mixins.json into net.minecraft.world.item.enchantment.EnchantmentHelper
[19Dec2025 00:54:49.376] [modloading-worker-0/DEBUG] [mixin/]: Mixing MixinEnchantmentHelper from immersive_armors.mixins.json into net.minecraft.world.item.enchantment.EnchantmentHelper
[19Dec2025 00:54:49.377] [modloading-worker-0/DEBUG] [net.minecraftforge.fml.javafmlmod.AutomaticEventSubscriber/LOADING]: Attempting to inject @EventBusSubscriber classes into the eventbus for the_one_who_watches
[19Dec2025 00:54:49.378] [modloading-worker-0/DEBUG] [net.minecraftforge.fml.javafmlmod.AutomaticEventSubscriber/LOADING]: Auto-subscribing net.mcreator.theonewhowatches.procedures.WhenPlayerIsSleepingProcedure to FORGE
[19Dec2025 00:54:49.382] [modloading-worker-0/DEBUG] [net.minecraftforge.fml.javafmlmod.AutomaticEventSubscriber/LOADING]: Auto-subscribing net.mcreator.man.procedures.SanitymultiplierProcedure to FORGE
[19Dec2025 00:54:49.382] [modloading-worker-0/DEBUG] [net.minecraftforge.fml.javafmlmod.AutomaticEventSubscriber/LOADING]: Auto-subscribing net.mcreator.theonewhowatches.procedures.OnWorldTickProcedure to FORGE
[19Dec2025 00:54:49.382] [modloading-worker-0/DEBUG] [net.minecraftforge.fml.javafmlmod.AutomaticEventSubscriber/LOADING]: Auto-subscribing net.mcreator.man.procedures.RitualenterProcedure to FORGE
[19Dec2025 00:54:49.383] [modloading-worker-0/DEBUG] [net.minecraftforge.fml.javafmlmod.AutomaticEventSubscriber/LOADING]: Auto-subscribing net.mcreator.man.procedures.NosleepProcedure to FORGE
[19Dec2025 00:54:49.386] [modloading-worker-0/DEBUG] [net.minecraftforge.fml.javafmlmod.AutomaticEventSubscriber/LOADING]: Auto-subscribing net.mcreator.man.procedures.NewworldProcedure to FORGE
[19Dec2025 00:54:49.383] [modloading-worker-0/DEBUG] [net.minecraftforge.fml.javafmlmod.AutomaticEventSubscriber/LOADING]: Auto-subscribing net.mcreator.theonewhowatches.procedures.OnPlayerTickProcedure to FORGE
[19Dec2025 00:54:49.387] [modloading-worker-0/DEBUG] [net.minecraftforge.fml.javafmlmod.AutomaticEventSubscriber/LOADING]: Auto-subscribing net.mcreator.man.procedures.ManaggresiveOnInitialEntitySpawnProcedure to FORGE
[19Dec2025 00:54:49.390] [modloading-worker-0/DEBUG] [net.minecraftforge.fml.javafmlmod.AutomaticEventSubscriber/LOADING]: Auto-subscribing net.mcreator.man.procedures.LookProcedure to FORGE
[19Dec2025 00:54:49.388] [modloading-worker-0/DEBUG] [net.minecraftforge.fml.javafmlmod.AutomaticEventSubscriber/LOADING]: Auto-subscribing net.mcreator.theonewhowatches.procedures.OnPlayerBreaksBlockProcedure to FORGE
[19Dec2025 00:54:49.391] [modloading-worker-0/DEBUG] [net.minecraftforge.fml.javafmlmod.AutomaticEventSubscriber/LOADING]: Auto-subscribing net.mcreator.theonewhowatches.network.TheOneWhoWatchesModVariables to MOD
[19Dec2025 00:54:49.391] [modloading-worker-0/DEBUG] [net.minecraftforge.fml.javafmlmod.AutomaticEventSubscriber/LOADING]: Auto-subscribing net.mcreator.man.procedures.JumpscareoverlayProcedure to FORGE
[19Dec2025 00:54:49.392] [modloading-worker-0/DEBUG] [net.minecraftforge.fml.javafmlmod.AutomaticEventSubscriber/LOADING]: Auto-subscribing net.mcreator.theonewhowatches.network.TheOneWhoWatchesModVariables$EventBusVariableHandlers to FORGE
[19Dec2025 00:54:49.393] [modloading-worker-0/DEBUG] [net.minecraftforge.fml.javafmlmod.AutomaticEventSubscriber/LOADING]: Auto-subscribing net.mcreator.theonewhowatches.init.TheOneWhoWatchesModFeatures to FORGE
[19Dec2025 00:54:49.394] [modloading-worker-0/DEBUG] [net.minecraftforge.fml.javafmlmod.AutomaticEventSubscriber/LOADING]: Auto-subscribing net.mcreator.theonewhowatches.init.TheOneWhoWatchesModEntities to MOD
[19Dec2025 00:54:49.394] [modloading-worker-0/DEBUG] [net.minecraftforge.fml.javafmlmod.AutomaticEventSubscriber/LOADING]: Auto-subscribing net.mcreator.theonewhowatches.init.EntityAnimationFactory to FORGE
[19Dec2025 00:54:49.394] [modloading-worker-0/DEBUG] [net.minecraftforge.fml.javafmlmod.AutomaticEventSubscriber/LOADING]: Auto-subscribing net.mcreator.man.procedures.JumpscareoverlayingameProcedure to FORGE
[19Dec2025 00:54:49.395] [modloading-worker-0/DEBUG] [net.minecraftforge.fml.javafmlmod.AutomaticEventSubscriber/LOADING]: Auto-subscribing net.mcreator.theonewhowatches.command.SetWorldTimeCommand to FORGE
[19Dec2025 00:54:49.395] [modloading-worker-0/DEBUG] [net.minecraftforge.fml.javafmlmod.AutomaticEventSubscriber/LOADING]: Auto-subscribing net.mcreator.man.procedures.Jumpscareoverlayig2Procedure to FORGE
[19Dec2025 00:54:49.396] [modloading-worker-0/DEBUG] [net.minecraftforge.fml.javafmlmod.AutomaticEventSubscriber/LOADING]: Auto-subscribing net.mcreator.theonewhowatches.command.SetTOWWStageCommand to FORGE
[19Dec2025 00:54:49.396] [modloading-worker-0/DEBUG] [net.minecraftforge.fml.javafmlmod.AutomaticEventSubscriber/LOADING]: Auto-subscribing net.mcreator.man.procedures.JumpscareDisplayOverlayIngameProcedure to FORGE
[19Dec2025 00:54:49.397] [modloading-worker-0/DEBUG] [net.minecraftforge.fml.javafmlmod.AutomaticEventSubscriber/LOADING]: Auto-subscribing net.mcreator.theonewhowatches.command.SetStageCommandCommand to FORGE
[19Dec2025 00:54:49.397] [modloading-worker-0/DEBUG] [net.minecraftforge.fml.javafmlmod.AutomaticEventSubscriber/LOADING]: Auto-subscribing net.mcreator.theonewhowatches.command.SetFearCommand to FORGE
[19Dec2025 00:54:49.398] [modloading-worker-0/DEBUG] [net.minecraftforge.fml.javafmlmod.AutomaticEventSubscriber/LOADING]: Auto-subscribing net.mcreator.man.procedures.ForesteffectProcedure to FORGE
[19Dec2025 00:54:49.398] [modloading-worker-0/DEBUG] [net.minecraftforge.fml.javafmlmod.AutomaticEventSubscriber/LOADING]: Auto-subscribing net.mcreator.theonewhowatches.command.ModOwnerCommand to FORGE
[19Dec2025 00:54:49.398] [modloading-worker-0/DEBUG] [net.minecraftforge.fml.javafmlmod.AutomaticEventSubscriber/LOADING]: Auto-subscribing net.mcreator.man.procedures.FakemanbacklookProcedure to FORGE
[19Dec2025 00:54:49.399] [modloading-worker-0/DEBUG] [net.minecraftforge.fml.javafmlmod.AutomaticEventSubscriber/LOADING]: Auto-subscribing net.mcreator.theonewhowatches.command.GetTOWWStageCommand to FORGE
[19Dec2025 00:54:49.400] [modloading-worker-0/DEBUG] [net.minecraftforge.fml.javafmlmod.AutomaticEventSubscriber/LOADING]: Auto-subscribing net.mcreator.theonewhowatches.command.GetFearCommand to FORGE
[19Dec2025 00:54:49.402] [modloading-worker-0/DEBUG] [net.minecraftforge.fml.javafmlmod.AutomaticEventSubscriber/LOADING]: Auto-subscribing net.mcreator.man.procedures.CancelplacebedProcedure to FORGE
[19Dec2025 00:54:49.404] [modloading-worker-0/DEBUG] [net.minecraftforge.fml.javafmlmod.AutomaticEventSubscriber/LOADING]: Auto-subscribing net.mcreator.man.procedures.BedhalucinationProcedure to FORGE
[19Dec2025 00:54:49.408] [modloading-worker-0/DEBUG] [net.minecraftforge.fml.javafmlmod.AutomaticEventSubscriber/LOADING]: Auto-subscribing net.mcreator.man.procedures.BedclickedProcedure to FORGE
[19Dec2025 00:54:49.409] [modloading-worker-0/DEBUG] [net.minecraftforge.fml.javafmlmod.AutomaticEventSubscriber/LOADING]: Auto-subscribing net.mcreator.man.network.ManModVariables to MOD
[19Dec2025 00:54:49.412] [modloading-worker-0/DEBUG] [net.minecraftforge.fml.javafmlmod.AutomaticEventSubscriber/LOADING]: Auto-subscribing net.mcreator.man.network.ManModVariables$PlayerVariablesProvider to FORGE
[19Dec2025 00:54:49.420] [modloading-worker-0/DEBUG] [net.minecraftforge.fml.javafmlmod.AutomaticEventSubscriber/LOADING]: Auto-subscribing net.mcreator.man.network.ManModVariables$EventBusVariableHandlers to FORGE
[19Dec2025 00:54:49.428] [modloading-worker-0/DEBUG] [net.minecraftforge.fml.javafmlmod.AutomaticEventSubscriber/LOADING]: Auto-subscribing net.mcreator.man.network.CassetteplayerButtonMessage to MOD
[19Dec2025 00:54:49.429] [modloading-worker-0/DEBUG] [net.minecraftforge.fml.javafmlmod.AutomaticEventSubscriber/LOADING]: Auto-subscribing net.mcreator.man.init.ManModVillagerProfessions to MOD
[19Dec2025 00:54:49.429] [modloading-worker-0/DEBUG] [net.minecraftforge.fml.javafmlmod.AutomaticEventSubscriber/LOADING]: Auto-subscribing net.mcreator.man.init.ManModTrades to FORGE
[19Dec2025 00:54:49.431] [modloading-worker-0/DEBUG] [net.minecraftforge.fml.javafmlmod.AutomaticEventSubscriber/LOADING]: Auto-subscribing net.mcreator.man.init.ManModEntities to MOD
[19Dec2025 00:54:49.432] [modloading-worker-0/DEBUG] [net.minecraftforge.fml.javafmlmod.AutomaticEventSubscriber/LOADING]: Auto-subscribing net.mcreator.man.init.ManModConfigs to MOD
[19Dec2025 00:54:49.432] [modloading-worker-0/DEBUG] [net.minecraftforge.fml.javafmlmod.AutomaticEventSubscriber/LOADING]: Auto-subscribing net.mcreator.man.init.EntityAnimationFactory to FORGE
[19Dec2025 00:54:49.433] [modloading-worker-0/DEBUG] [net.minecraftforge.fml.javafmlmod.AutomaticEventSubscriber/LOADING]: Auto-subscribing net.mcreator.man.command.TimerCommand to FORGE
[19Dec2025 00:54:49.434] [modloading-worker-0/DEBUG] [net.minecraftforge.fml.javafmlmod.AutomaticEventSubscriber/LOADING]: Auto-subscribing net.mcreator.man.block.listener.ClientListener to MOD
[19Dec2025 00:54:49.441] [modloading-worker-0/DEBUG] [net.minecraftforge.fml.config.ConfigTracker/CONFIG]: Config file ZombiesReworked-data.toml for zombies_reworked tracking
[19Dec2025 00:54:49.441] [modloading-worker-0/DEBUG] [net.minecraftforge.fml.config.ConfigTracker/CONFIG]: Config file ZombiesReworked-config.toml for zombies_reworked tracking
[19Dec2025 00:54:49.445] [modloading-worker-0/DEBUG] [net.minecraftforge.fml.javafmlmod.AutomaticEventSubscriber/LOADING]: Attempting to inject @EventBusSubscriber classes into the eventbus for zombies_reworked
[19Dec2025 00:54:49.445] [modloading-worker-0/DEBUG] [net.minecraftforge.fml.javafmlmod.AutomaticEventSubscriber/LOADING]: Auto-subscribing net.teamabyssal.zombies_reworked.ZombiesReworked$ClientModEvents to MOD
[19Dec2025 00:54:49.445] [modloading-worker-0/DEBUG] [net.minecraftforge.fml.javafmlmod.AutomaticEventSubscriber/LOADING]: Attempting to inject @EventBusSubscriber classes into the eventbus for collective
[19Dec2025 00:54:49.445] [modloading-worker-0/DEBUG] [net.minecraftforge.fml.javafmlmod.AutomaticEventSubscriber/LOADING]: Auto-subscribing com.natamus.collective.forge.events.RegisterCollectiveForgeEvents to FORGE
[19Dec2025 00:54:49.446] [modloading-worker-0/DEBUG] [net.minecraftforge.fml.javafmlmod.AutomaticEventSubscriber/LOADING]: Auto-subscribing net.teamabyssal.extra.ZombieIntelligenceRevamp to FORGE
[19Dec2025 00:54:49.452] [modloading-worker-0/DEBUG] [net.minecraftforge.fml.javafmlmod.AutomaticEventSubscriber/LOADING]: Auto-subscribing net.teamabyssal.event.Zombification to FORGE
[19Dec2025 00:54:49.458] [modloading-worker-0/INFO] [com.cupboard.Cupboard/]: Loaded config for: cupboard.json
[19Dec2025 00:54:49.460] [modloading-worker-0/DEBUG] [net.minecraftforge.fml.javafmlmod.AutomaticEventSubscriber/LOADING]: Attempting to inject @EventBusSubscriber classes into the eventbus for cupboard
[19Dec2025 00:54:49.469] [modloading-worker-0/INFO] [insane96mcp.insanelib.InsaneLib/]: Found (COMMON) InsaneLib Feature class insane96mcp.enhancedai.modules.zombie.feature.PearlerZombie
[19Dec2025 00:54:49.475] [modloading-worker-0/INFO] [insane96mcp.insanelib.InsaneLib/]: Found (COMMON) InsaneLib Feature class insane96mcp.enhancedai.modules.zombie.feature.FisherZombie
[19Dec2025 00:54:49.478] [modloading-worker-0/INFO] [insane96mcp.insanelib.InsaneLib/]: Found (COMMON) InsaneLib Feature class insane96mcp.enhancedai.modules.zombie.feature.DiggerZombie
[19Dec2025 00:54:49.481] [modloading-worker-0/INFO] [insane96mcp.insanelib.InsaneLib/]: Found (COMMON) InsaneLib Feature class insane96mcp.enhancedai.modules.witch.feature.WitchPotionThrowing
[19Dec2025 00:54:49.483] [modloading-worker-0/INFO] [insane96mcp.insanelib.InsaneLib/]: Found (COMMON) InsaneLib Feature class insane96mcp.enhancedai.modules.witch.feature.WitchFleeTarget
[19Dec2025 00:54:49.490] [modloading-worker-0/DEBUG] [mixin/]: Mixing MixinLootTable from majruszlibrary-forge.mixins.json into net.minecraft.world.level.storage.loot.LootTable
[19Dec2025 00:54:49.488] [modloading-worker-0/INFO] [insane96mcp.insanelib.InsaneLib/]: Found (COMMON) InsaneLib Feature class insane96mcp.enhancedai.modules.witch.feature.ThirstyWitches
[19Dec2025 00:54:49.494] [modloading-worker-0/INFO] [insane96mcp.insanelib.InsaneLib/]: Found (COMMON) InsaneLib Feature class insane96mcp.enhancedai.modules.witch.feature.DarkArtWitch
[19Dec2025 00:54:49.494] [modloading-worker-0/DEBUG] [mixin/]: Mixing LootTablesMixin from kubejs-common.mixins.json into net.minecraft.world.level.storage.loot.LootTables
[19Dec2025 00:54:49.495] [modloading-worker-0/DEBUG] [mixin/]: Mixing LootTablesMixin from placebo.mixins.json into net.minecraft.world.level.storage.loot.LootTables
[19Dec2025 00:54:49.495] [modloading-worker-0/DEBUG] [mixin/]: Renaming synthetic method lambda$apply$0(Lnet/minecraft/resources/ResourceLocation;Lnet/minecraft/world/level/storage/loot/LootTable;)V to md3c33d9$lambda$apply$0$0 in placebo.mixins.json:LootTablesMixin
[19Dec2025 00:54:49.496] [modloading-worker-0/DEBUG] [mixin/]: Mixing perf.datapack_reload_exceptions.LootTableManagerMixin from modernfix-forge.mixins.json into net.minecraft.world.level.storage.loot.LootTables
[19Dec2025 00:54:49.503] [modloading-worker-0/INFO] [insane96mcp.insanelib.InsaneLib/]: Found (COMMON) InsaneLib Feature class insane96mcp.enhancedai.modules.villager.feature.VillagerAttacking
[19Dec2025 00:54:49.508] [modloading-worker-0/DEBUG] [mixin/]: Mixing ConditionsHackMixin from moonlight.mixins.json into net.minecraft.server.packs.resources.SimplePreparableReloadListener
[19Dec2025 00:54:49.516] [modloading-worker-0/INFO] [insane96mcp.insanelib.InsaneLib/]: Found (COMMON) InsaneLib Feature class insane96mcp.enhancedai.modules.spider.feature.ThrowingWeb
[19Dec2025 00:54:49.522] [modloading-worker-0/INFO] [insane96mcp.insanelib.InsaneLib/]: Found (COMMON) InsaneLib Feature class insane96mcp.enhancedai.modules.spider.feature.Misc
[19Dec2025 00:54:49.526] [modloading-worker-0/INFO] [insane96mcp.insanelib.InsaneLib/]: Found (COMMON) InsaneLib Feature class insane96mcp.enhancedai.modules.skeleton.feature.SkeletonShoot
[19Dec2025 00:54:49.531] [modloading-worker-0/INFO] [insane96mcp.insanelib.InsaneLib/]: Found (COMMON) InsaneLib Feature class insane96mcp.enhancedai.modules.skeleton.feature.SkeletonFleeTarget
[19Dec2025 00:54:49.532] [modloading-worker-0/WARN] [insane96mcp.insanelib.InsaneLib/]: No module found with ID enhancedai:mobs
[19Dec2025 00:54:49.535] [modloading-worker-0/INFO] [insane96mcp.insanelib.InsaneLib/]: Found (COMMON) InsaneLib Feature class insane96mcp.enhancedai.modules.ghast.feature.GhastShoot
[19Dec2025 00:54:49.539] [modloading-worker-0/DEBUG] [net.minecraftforge.fml.javafmlmod.AutomaticEventSubscriber/LOADING]: Attempting to inject @EventBusSubscriber classes into the eventbus for architectury
[19Dec2025 00:54:49.539] [modloading-worker-0/DEBUG] [net.minecraftforge.fml.javafmlmod.AutomaticEventSubscriber/LOADING]: Auto-subscribing dev.architectury.registry.level.entity.trade.forge.TradeRegistryImpl to FORGE
[19Dec2025 00:54:49.537] [modloading-worker-0/INFO] [insane96mcp.insanelib.InsaneLib/]: Found (COMMON) InsaneLib Feature class insane96mcp.enhancedai.modules.enderman.feature.ItemDisruption
[19Dec2025 00:54:49.541] [modloading-worker-0/INFO] [insane96mcp.insanelib.InsaneLib/]: Found (COMMON) InsaneLib Feature class insane96mcp.enhancedai.modules.enderman.feature.GetOverHere
[19Dec2025 00:54:49.543] [modloading-worker-0/INFO] [insane96mcp.insanelib.InsaneLib/]: Found (COMMON) InsaneLib Feature class insane96mcp.enhancedai.modules.drowned.feature.DrownedSwimming
[19Dec2025 00:54:49.543] [modloading-worker-0/DEBUG] [net.minecraftforge.fml.javafmlmod.AutomaticEventSubscriber/LOADING]: Attempting to inject @EventBusSubscriber classes into the eventbus for modernfix
[19Dec2025 00:54:49.544] [modloading-worker-0/DEBUG] [net.minecraftforge.fml.javafmlmod.AutomaticEventSubscriber/LOADING]: Attempting to inject @EventBusSubscriber classes into the eventbus for geckolib3
[19Dec2025 00:54:49.544] [modloading-worker-0/DEBUG] [net.minecraftforge.fml.javafmlmod.AutomaticEventSubscriber/LOADING]: Auto-subscribing software.bernie.example.GeckoLibMod to FORGE
[19Dec2025 00:54:49.545] [modloading-worker-0/DEBUG] [net.minecraftforge.fml.javafmlmod.AutomaticEventSubscriber/LOADING]: Auto-subscribing dev.architectury.registry.forge.ReloadListenerRegistryImpl to FORGE
[19Dec2025 00:54:49.545] [modloading-worker-0/DEBUG] [net.minecraftforge.fml.javafmlmod.AutomaticEventSubscriber/LOADING]: Auto-subscribing software.bernie.example.CommonListener to MOD
[19Dec2025 00:54:49.547] [modloading-worker-0/INFO] [insane96mcp.insanelib.InsaneLib/]: Found (COMMON) InsaneLib Feature class insane96mcp.enhancedai.modules.creeper.feature.CreeperSwell
[19Dec2025 00:54:49.551] [modloading-worker-0/DEBUG] [mixin/]: Mixing ReloadableServerResourcesMixin from kubejs-common.mixins.json into net.minecraft.server.ReloadableServerResources
[19Dec2025 00:54:49.552] [modloading-worker-0/DEBUG] [mixin/]: Mixing ServerResourcesMixin from placebo.mixins.json into net.minecraft.server.ReloadableServerResources
[19Dec2025 00:54:49.553] [modloading-worker-0/DEBUG] [mixin/]: Mixing ReloadableServerResourcesMixin from balm.mixins.json into net.minecraft.server.ReloadableServerResources
[19Dec2025 00:54:49.553] [modloading-worker-0/DEBUG] [mixin/]: Renaming synthetic method lambda$loadResources$0(Lnet/minecraft/server/ReloadableServerResources;)V to md3c33d9$lambda$loadResources$0$0 in balm.mixins.json:ReloadableServerResourcesMixin
[19Dec2025 00:54:49.553] [modloading-worker-0/DEBUG] [mixin/]: Mixing MixinReloadableServerResources from majruszlibrary-common.mixins.json into net.minecraft.server.ReloadableServerResources
[19Dec2025 00:54:49.553] [modloading-worker-0/DEBUG] [mixin/]: Renaming synthetic method lambda$loadResources$0(Lnet/minecraft/server/ReloadableServerResources;Ljava/lang/Throwable;)V to md3c33d9$lambda$loadResources$0$1 in majruszlibrary-common.mixins.json:MixinReloadableServerResources
[19Dec2025 00:54:49.554] [modloading-worker-0/DEBUG] [mixin/]: Mixing ServerResourcesMixin from fastsuite.mixins.json into net.minecraft.server.ReloadableServerResources
[19Dec2025 00:54:49.554] [modloading-worker-0/DEBUG] [mixin/]: fastsuite.mixins.json:ServerResourcesMixin: Class version 61 required is higher than the class version supported by the current version of Mixin (JAVA_8 supports class version 52)
[19Dec2025 00:54:49.559] [modloading-worker-0/INFO] [insane96mcp.insanelib.InsaneLib/]: Found (COMMON) InsaneLib Feature class insane96mcp.enhancedai.modules.blaze.feature.BlazeAttack
[19Dec2025 00:54:49.561] [modloading-worker-0/DEBUG] [net.minecraftforge.fml.javafmlmod.AutomaticEventSubscriber/LOADING]: Auto-subscribing dev.architectury.networking.forge.NetworkManagerImpl to FORGE
[19Dec2025 00:54:49.564] [modloading-worker-0/INFO] [insane96mcp.insanelib.InsaneLib/]: Found (COMMON) InsaneLib Feature class insane96mcp.enhancedai.modules.base.feature.Targeting
[19Dec2025 00:54:49.567] [modloading-worker-0/INFO] [dev.architectury.networking.forge.NetworkManagerImpl/]: Registering C2S receiver with id architectury:sync_ids
[19Dec2025 00:54:49.567] [modloading-worker-0/DEBUG] [net.minecraftforge.fml.config.ConfigTracker/CONFIG]: Config file cave_dweller-server.toml for cave_dweller tracking
[19Dec2025 00:54:49.567] [modloading-worker-0/DEBUG] [net.minecraftforge.fml.javafmlmod.AutomaticEventSubscriber/LOADING]: Attempting to inject @EventBusSubscriber classes into the eventbus for cave_dweller
[19Dec2025 00:54:49.567] [modloading-worker-0/DEBUG] [net.minecraftforge.fml.javafmlmod.AutomaticEventSubscriber/LOADING]: Auto-subscribing de.cadentem.cave_dweller.events.ModEvents to MOD
[19Dec2025 00:54:49.569] [modloading-worker-0/DEBUG] [net.minecraftforge.fml.javafmlmod.AutomaticEventSubscriber/LOADING]: Auto-subscribing de.cadentem.cave_dweller.events.ForgeEvents to FORGE
[19Dec2025 00:54:49.580] [modloading-worker-0/DEBUG] [net.minecraftforge.fml.javafmlmod.AutomaticEventSubscriber/LOADING]: Auto-subscribing de.cadentem.cave_dweller.datagen.DataGen to MOD
[19Dec2025 00:54:49.580] [modloading-worker-0/INFO] [insane96mcp.insanelib.InsaneLib/]: Found (COMMON) InsaneLib Feature class insane96mcp.enhancedai.modules.base.feature.Shielding
[19Dec2025 00:54:49.584] [modloading-worker-0/INFO] [insane96mcp.insanelib.InsaneLib/]: Found (COMMON) InsaneLib Feature class insane96mcp.enhancedai.modules.base.feature.Movement
[19Dec2025 00:54:49.586] [modloading-worker-0/INFO] [insane96mcp.insanelib.InsaneLib/]: Found (COMMON) InsaneLib Feature class insane96mcp.enhancedai.modules.base.feature.Base
[19Dec2025 00:54:49.587] [modloading-worker-0/INFO] [insane96mcp.insanelib.InsaneLib/]: Found (COMMON) InsaneLib Feature class insane96mcp.enhancedai.modules.base.feature.AvoidExplosions
[19Dec2025 00:54:49.589] [modloading-worker-0/INFO] [insane96mcp.insanelib.InsaneLib/]: Found (COMMON) InsaneLib Feature class insane96mcp.enhancedai.modules.base.feature.Attacking
[19Dec2025 00:54:49.589] [modloading-worker-0/INFO] [insane96mcp.insanelib.InsaneLib/]: Found (COMMON) InsaneLib Feature class insane96mcp.enhancedai.modules.base.feature.AntiCheese
[19Dec2025 00:54:49.592] [modloading-worker-0/INFO] [insane96mcp.insanelib.InsaneLib/]: Found (COMMON) InsaneLib Feature class insane96mcp.enhancedai.modules.animal.feature.AnimalAttacking
[19Dec2025 00:54:49.592] [modloading-worker-0/DEBUG] [net.minecraftforge.fml.config.ConfigTracker/CONFIG]: Config file steve_dweller-server.toml for steve_dweller tracking
[19Dec2025 00:54:49.592] [modloading-worker-0/DEBUG] [net.minecraftforge.fml.javafmlmod.AutomaticEventSubscriber/LOADING]: Attempting to inject @EventBusSubscriber classes into the eventbus for steve_dweller
[19Dec2025 00:54:49.592] [modloading-worker-0/DEBUG] [net.minecraftforge.fml.javafmlmod.AutomaticEventSubscriber/LOADING]: Auto-subscribing de.cadentem.steve_dweller.events.ModEvents to MOD
[19Dec2025 00:54:49.593] [modloading-worker-0/DEBUG] [net.minecraftforge.fml.javafmlmod.AutomaticEventSubscriber/LOADING]: Auto-subscribing de.cadentem.steve_dweller.events.ForgeEvents to FORGE
[19Dec2025 00:54:49.600] [modloading-worker-0/DEBUG] [net.minecraftforge.fml.config.ConfigTracker/CONFIG]: Config file mokey-server.toml for mokey tracking
[19Dec2025 00:54:49.601] [modloading-worker-0/DEBUG] [net.minecraftforge.fml.javafmlmod.AutomaticEventSubscriber/LOADING]: Attempting to inject @EventBusSubscriber classes into the eventbus for mokey
[19Dec2025 00:54:49.601] [modloading-worker-0/DEBUG] [net.minecraftforge.fml.javafmlmod.AutomaticEventSubscriber/LOADING]: Auto-subscribing de.cadentem.mokey.events.ModEvents to MOD
[19Dec2025 00:54:49.602] [modloading-worker-0/DEBUG] [net.minecraftforge.fml.javafmlmod.AutomaticEventSubscriber/LOADING]: Auto-subscribing de.cadentem.mokey.events.ForgeEvents to FORGE
[19Dec2025 00:54:49.604] [modloading-worker-0/DEBUG] [net.minecraftforge.fml.javafmlmod.AutomaticEventSubscriber/LOADING]: Auto-subscribing de.cadentem.steve_dweller.datagen.DataGen to MOD
[19Dec2025 00:54:49.605] [modloading-worker-0/DEBUG] [net.minecraftforge.fml.config.ConfigTracker/CONFIG]: Config file enhancedai-common.toml for enhancedai tracking
[19Dec2025 00:54:49.608] [modloading-worker-0/DEBUG] [net.minecraftforge.fml.javafmlmod.AutomaticEventSubscriber/LOADING]: Auto-subscribing de.cadentem.mokey.datagen.DataGen to MOD
[19Dec2025 00:54:49.609] [modloading-worker-0/DEBUG] [mixin/]: Mixing MixinDifficultyInstance from majruszlibrary-common.mixins.json into net.minecraft.world.DifficultyInstance
[19Dec2025 00:54:49.614] [modloading-worker-0/DEBUG] [net.minecraftforge.fml.javafmlmod.AutomaticEventSubscriber/LOADING]: Attempting to inject @EventBusSubscriber classes into the eventbus for enhancedai
[19Dec2025 00:54:49.614] [modloading-worker-0/DEBUG] [net.minecraftforge.fml.javafmlmod.AutomaticEventSubscriber/LOADING]: Auto-subscribing insane96mcp.enhancedai.setup.Config to MOD
[19Dec2025 00:54:49.617] [modloading-worker-0/DEBUG] [net.minecraftforge.fml.config.ConfigTracker/CONFIG]: Config file demonic_watcher-server.toml for demonic_watcher tracking
[19Dec2025 00:54:49.617] [modloading-worker-0/DEBUG] [net.minecraftforge.fml.javafmlmod.AutomaticEventSubscriber/LOADING]: Attempting to inject @EventBusSubscriber classes into the eventbus for demonic_watcher
[19Dec2025 00:54:49.617] [modloading-worker-0/DEBUG] [net.minecraftforge.fml.javafmlmod.AutomaticEventSubscriber/LOADING]: Auto-subscribing de.cadentem.demonic_watcher.events.ModEvents to MOD
[19Dec2025 00:54:49.618] [modloading-worker-0/DEBUG] [net.minecraftforge.fml.javafmlmod.AutomaticEventSubscriber/LOADING]: Auto-subscribing de.cadentem.demonic_watcher.events.ForgeEvents to FORGE
[19Dec2025 00:54:49.620] [modloading-worker-0/DEBUG] [net.minecraftforge.fml.javafmlmod.AutomaticEventSubscriber/LOADING]: Auto-subscribing de.cadentem.demonic_watcher.datagen.DataGen to MOD
[19Dec2025 00:54:49.621] [modloading-worker-0/DEBUG] [net.minecraftforge.fml.javafmlmod.AutomaticEventSubscriber/LOADING]: Attempting to inject @EventBusSubscriber classes into the eventbus for betteradvancements
[19Dec2025 00:54:49.624] [modloading-worker-0/DEBUG] [net.minecraftforge.fml.config.ConfigTracker/CONFIG]: Config file torture-server.toml for torture tracking
[19Dec2025 00:54:49.624] [modloading-worker-0/DEBUG] [net.minecraftforge.fml.javafmlmod.AutomaticEventSubscriber/LOADING]: Attempting to inject @EventBusSubscriber classes into the eventbus for torture
[19Dec2025 00:54:49.624] [modloading-worker-0/DEBUG] [net.minecraftforge.fml.javafmlmod.AutomaticEventSubscriber/LOADING]: Auto-subscribing de.cadentem.torture.events.ModEvents to MOD
[19Dec2025 00:54:49.625] [modloading-worker-0/DEBUG] [net.minecraftforge.fml.javafmlmod.AutomaticEventSubscriber/LOADING]: Auto-subscribing de.cadentem.torture.events.ForgeEvents to FORGE
[19Dec2025 00:54:49.626] [modloading-worker-0/DEBUG] [net.minecraftforge.fml.config.ConfigTracker/CONFIG]: Config file inventorysorter-server.toml for inventorysorter tracking
[19Dec2025 00:54:49.627] [modloading-worker-0/DEBUG] [net.minecraftforge.fml.javafmlmod.AutomaticEventSubscriber/LOADING]: Attempting to inject @EventBusSubscriber classes into the eventbus for inventorysorter
[19Dec2025 00:54:49.627] [modloading-worker-0/DEBUG] [net.minecraftforge.fml.javafmlmod.AutomaticEventSubscriber/LOADING]: Auto-subscribing de.cadentem.torture.datagen.DataGen to MOD
[19Dec2025 00:54:49.631] [modloading-worker-0/DEBUG] [net.minecraftforge.fml.javafmlmod.AutomaticEventSubscriber/LOADING]: Attempting to inject @EventBusSubscriber classes into the eventbus for fastload
[19Dec2025 00:54:49.633] [modloading-worker-0/DEBUG] [net.minecraftforge.fml.javafmlmod.AutomaticEventSubscriber/LOADING]: Attempting to inject @EventBusSubscriber classes into the eventbus for rhino
[19Dec2025 00:54:49.633] [modloading-worker-0/DEBUG] [net.minecraftforge.fml.config.ConfigTracker/CONFIG]: Config file spiders-2.0.toml for spiderstpo tracking
[19Dec2025 00:54:49.635] [modloading-worker-0/DEBUG] [mixin/]: Mixing IMixinEnderDragonPhase from endertrigon.mixins.json into net.minecraft.world.entity.boss.enderdragon.phases.EnderDragonPhase
[19Dec2025 00:54:49.636] [modloading-worker-0/DEBUG] [mixin/]: Mixing MixinDragonHoldingPatternPhase from endertrigon.mixins.json into net.minecraft.world.entity.boss.enderdragon.phases.DragonHoldingPatternPhase
[19Dec2025 00:54:49.637] [modloading-worker-0/DEBUG] [net.minecraftforge.fml.javafmlmod.AutomaticEventSubscriber/LOADING]: Attempting to inject @EventBusSubscriber classes into the eventbus for spiderstpo
[19Dec2025 00:54:49.637] [modloading-worker-0/DEBUG] [mixin/]: Renaming @Accessor method getTargeting()Lnet/minecraft/world/entity/ai/targeting/TargetingConditions; to getTargeting_$md$3c33d9$0 in endertrigon.mixins.json:MixinDragonHoldingPatternPhase
[19Dec2025 00:54:49.644] [modloading-worker-0/DEBUG] [mixin/]: Mixing MixinDragonStrafePlayerPhase from endertrigon.mixins.json into net.minecraft.world.entity.boss.enderdragon.phases.DragonStrafePlayerPhase
[19Dec2025 00:54:49.651] [modloading-worker-0/DEBUG] [mixin/]: Mixing MixinDragonChargePlayerPhase from endertrigon.mixins.json into net.minecraft.world.entity.boss.enderdragon.phases.DragonChargePlayerPhase
[19Dec2025 00:54:49.651] [modloading-worker-0/DEBUG] [mixin/]: Renaming @Accessor method getLogger()Lorg/slf4j/Logger; to getLogger_$md$3c33d9$0 in endertrigon.mixins.json:MixinDragonChargePlayerPhase
[19Dec2025 00:54:49.659] [modloading-worker-0/DEBUG] [net.minecraftforge.fml.config.ConfigTracker/CONFIG]: Config file the_rake-server.toml for the_rake tracking
[19Dec2025 00:54:49.659] [modloading-worker-0/DEBUG] [net.minecraftforge.fml.javafmlmod.AutomaticEventSubscriber/LOADING]: Attempting to inject @EventBusSubscriber classes into the eventbus for the_rake
[19Dec2025 00:54:49.659] [modloading-worker-0/DEBUG] [net.minecraftforge.fml.javafmlmod.AutomaticEventSubscriber/LOADING]: Auto-subscribing de.cadentem.the_rake.events.ModEvents to MOD
[19Dec2025 00:54:49.660] [modloading-worker-0/DEBUG] [net.minecraftforge.fml.javafmlmod.AutomaticEventSubscriber/LOADING]: Auto-subscribing de.cadentem.the_rake.events.ForgeEvents to FORGE
[19Dec2025 00:54:49.665] [modloading-worker-0/DEBUG] [net.minecraftforge.fml.javafmlmod.AutomaticEventSubscriber/LOADING]: Auto-subscribing de.cadentem.the_rake.datagen.DataGen to MOD
[19Dec2025 00:54:49.669] [modloading-worker-0/DEBUG] [net.minecraftforge.fml.config.ConfigTracker/CONFIG]: Config file jei-server.toml for jei tracking
[19Dec2025 00:54:49.671] [modloading-worker-0/DEBUG] [net.minecraftforge.fml.javafmlmod.AutomaticEventSubscriber/LOADING]: Attempting to inject @EventBusSubscriber classes into the eventbus for endertrigon
[19Dec2025 00:54:49.675] [modloading-worker-0/DEBUG] [net.minecraftforge.fml.javafmlmod.AutomaticEventSubscriber/LOADING]: Attempting to inject @EventBusSubscriber classes into the eventbus for jei
[19Dec2025 00:54:49.675] [modloading-worker-0/DEBUG] [net.minecraftforge.fml.javafmlmod.AutomaticEventSubscriber/LOADING]: Attempting to inject @EventBusSubscriber classes into the eventbus for visualworkbench
[19Dec2025 00:54:49.675] [modloading-worker-0/DEBUG] [net.minecraftforge.fml.javafmlmod.AutomaticEventSubscriber/LOADING]: Auto-subscribing fuzs.visualworkbench.VisualWorkbenchForge to MOD
[19Dec2025 00:54:49.689] [modloading-worker-0/INFO] [KubeJS/]: Looking for KubeJS plugins...
[19Dec2025 00:54:49.698] [modloading-worker-0/INFO] [KubeJS/]: Found plugin source kubejs
[19Dec2025 00:54:49.739] [modloading-worker-0/INFO] [Puzzles Lib/]: Constructing common components for mod visualworkbench
[19Dec2025 00:54:49.748] [modloading-worker-0/INFO] [KubeJS/]: Loaded common.properties
[19Dec2025 00:54:49.761] [modloading-worker-0/INFO] [KubeJS/]: Loaded dev.properties
[19Dec2025 00:54:49.762] [modloading-worker-0/WARN] [KubeJS/]: Plugin dev.latvian.mods.kubejs.forge.BuiltinKubeJSForgeClientPlugin does not load on server side, skipping
[19Dec2025 00:54:49.762] [modloading-worker-0/WARN] [KubeJS/]: Plugin dev.latvian.mods.kubejs.integration.forge.gamestages.GameStagesIntegration does not have required mod gamestages loaded, skipping
[19Dec2025 00:54:49.765] [modloading-worker-0/INFO] [KubeJS/]: Done in 75.02 ms
[19Dec2025 00:54:49.792] [modloading-worker-0/DEBUG] [mixin/]: Mixing CropBlockMixin from kubejs-forge.mixins.json into dev.latvian.mods.kubejs.block.custom.BasicCropBlockJS
[19Dec2025 00:54:49.805] [modloading-worker-0/DEBUG] [net.minecraftforge.fml.javafmlmod.AutomaticEventSubscriber/LOADING]: Attempting to inject @EventBusSubscriber classes into the eventbus for builder_bear
[19Dec2025 00:54:49.805] [modloading-worker-0/DEBUG] [net.minecraftforge.fml.javafmlmod.AutomaticEventSubscriber/LOADING]: Auto-subscribing net.mcreator.builderbear.procedures.BuilderBearAttackProcedure to FORGE
[19Dec2025 00:54:49.807] [modloading-worker-0/DEBUG] [net.minecraftforge.fml.javafmlmod.AutomaticEventSubscriber/LOADING]: Auto-subscribing net.mcreator.builderbear.network.BuilderBearModVariables to MOD
[19Dec2025 00:54:49.808] [modloading-worker-0/DEBUG] [net.minecraftforge.fml.javafmlmod.AutomaticEventSubscriber/LOADING]: Auto-subscribing net.mcreator.builderbear.network.BuilderBearModVariables$PlayerVariablesProvider to FORGE
[19Dec2025 00:54:49.809] [modloading-worker-0/DEBUG] [net.minecraftforge.fml.javafmlmod.AutomaticEventSubscriber/LOADING]: Auto-subscribing net.mcreator.builderbear.network.BuilderBearModVariables$EventBusVariableHandlers to FORGE
[19Dec2025 00:54:49.811] [modloading-worker-0/DEBUG] [net.minecraftforge.fml.javafmlmod.AutomaticEventSubscriber/LOADING]: Auto-subscribing net.mcreator.builderbear.init.EntityAnimationFactory to FORGE
[19Dec2025 00:54:49.814] [modloading-worker-0/DEBUG] [net.minecraftforge.fml.javafmlmod.AutomaticEventSubscriber/LOADING]: Auto-subscribing net.mcreator.builderbear.init.BuilderBearModEntities to MOD
[19Dec2025 00:54:49.830] [modloading-worker-0/DEBUG] [mixin/]: Mixing EventHandlerBridgeMixin from kubejs-common.mixins.json into dev.latvian.mods.kubejs.event.EventHandler
[19Dec2025 00:54:49.839] [modloading-worker-0/DEBUG] [mixin/]: Mixing EventHandlerInvoker from kubejs-common.mixins.json into dev.latvian.mods.kubejs.event.EventHandler
[19Dec2025 00:54:49.855] [modloading-worker-0/DEBUG] [net.minecraftforge.fml.javafmlmod.AutomaticEventSubscriber/LOADING]: Attempting to inject @EventBusSubscriber classes into the eventbus for the_cuckoo_clock
[19Dec2025 00:54:49.855] [modloading-worker-0/DEBUG] [net.minecraftforge.fml.javafmlmod.AutomaticEventSubscriber/LOADING]: Auto-subscribing net.mcreator.thecuckooclock.procedures.CuckooClockRemoveInvisProcedure to FORGE
[19Dec2025 00:54:49.862] [modloading-worker-0/DEBUG] [net.minecraftforge.fml.javafmlmod.AutomaticEventSubscriber/LOADING]: Auto-subscribing net.mcreator.thecuckooclock.procedures.CuckooClockJumpscareAngerProcedure to FORGE
[19Dec2025 00:54:49.863] [modloading-worker-0/DEBUG] [net.minecraftforge.fml.javafmlmod.AutomaticEventSubscriber/LOADING]: Auto-subscribing net.mcreator.thecuckooclock.procedures.CuckooClockAngerProcedure to FORGE
[19Dec2025 00:54:49.864] [modloading-worker-0/DEBUG] [net.minecraftforge.fml.javafmlmod.AutomaticEventSubscriber/LOADING]: Auto-subscribing net.mcreator.thecuckooclock.init.TheCuckooClockModGameRules to MOD
[19Dec2025 00:54:49.866] [modloading-worker-0/DEBUG] [mixin/]: Mixing accessor.BooleanValueForgeAccessor from puzzleslib.forge.mixins.json into net.minecraft.world.level.GameRules$BooleanValue
[19Dec2025 00:54:49.866] [modloading-worker-0/DEBUG] [mixin/]: Renaming @Invoker method puzzleslib$callCreate(ZLjava/util/function/BiConsumer;)Lnet/minecraft/world/level/GameRules$Type; to puzzleslib$callCreate_$md$3c33d9$0 in puzzleslib.forge.mixins.json:accessor.BooleanValueForgeAccessor
[19Dec2025 00:54:49.869] [modloading-worker-0/DEBUG] [mixin/]: Mixing GameRulesMixin from kubejs-common.mixins.json into net.minecraft.world.level.GameRules
[19Dec2025 00:54:49.870] [modloading-worker-0/DEBUG] [mixin/]: Mixing collections.gamerules.GameRulesMixin from canary.mixins.json into net.minecraft.world.level.GameRules
[19Dec2025 00:54:49.880] [modloading-worker-0/DEBUG] [mixin/]: Mixing accessor.IntegerValueForgeAccessor from puzzleslib.forge.mixins.json into net.minecraft.world.level.GameRules$IntegerValue
[19Dec2025 00:54:49.880] [modloading-worker-0/DEBUG] [mixin/]: Renaming @Invoker method puzzleslib$callCreate(ILjava/util/function/BiConsumer;)Lnet/minecraft/world/level/GameRules$Type; to puzzleslib$callCreate_$md$3c33d9$0 in puzzleslib.forge.mixins.json:accessor.IntegerValueForgeAccessor
[19Dec2025 00:54:49.883] [modloading-worker-0/DEBUG] [net.minecraftforge.fml.javafmlmod.AutomaticEventSubscriber/LOADING]: Auto-subscribing net.mcreator.thecuckooclock.init.TheCuckooClockModEntities to MOD
[19Dec2025 00:54:49.883] [modloading-worker-0/DEBUG] [net.minecraftforge.fml.javafmlmod.AutomaticEventSubscriber/LOADING]: Auto-subscribing net.mcreator.thecuckooclock.init.EntityAnimationFactory to FORGE
[19Dec2025 00:54:49.887] [modloading-worker-0/DEBUG] [mixin/]: Mixing fastsuite.PolymorphMixinAuxRecipeManager from polymorph-integrations.forge.mixins.json into shadows.fastsuite.AuxRecipeManager
[19Dec2025 00:54:49.887] [modloading-worker-0/DEBUG] [mixin/]: polymorph-integrations.forge.mixins.json:fastsuite.PolymorphMixinAuxRecipeManager: Class version 61 required is higher than the class version supported by the current version of Mixin (JAVA_16 supports class version 60)
[19Dec2025 00:54:49.887] [modloading-worker-0/DEBUG] [mixin/]: Renaming synthetic method lambda$polymorph$getRecipe$0(Lorg/spongepowered/asm/mixin/injection/callback/CallbackInfoReturnable;Lnet/minecraft/world/item/crafting/Recipe;)V to md3c33d9$lambda$polymorph$getRecipe$0$0 in polymorph-integrations.forge.mixins.json:fastsuite.PolymorphMixinAuxRecipeManager
[19Dec2025 00:54:49.889] [modloading-worker-0/DEBUG] [mixin/]: Mixing RecipeDisablingMixin from item_obliterator.mixins.json into net.minecraft.world.item.crafting.RecipeManager
[19Dec2025 00:54:49.891] [modloading-worker-0/DEBUG] [mixin/]: Mixing MixinRecipeManager from polymorph.mixins.json into net.minecraft.world.item.crafting.RecipeManager
[19Dec2025 00:54:49.892] [modloading-worker-0/DEBUG] [mixin/]: Renaming synthetic method lambda$polymorph$getRecipe$0(Lorg/spongepowered/asm/mixin/injection/callback/CallbackInfoReturnable;Lnet/minecraft/resources/ResourceLocation;Lnet/minecraft/world/item/crafting/Recipe;)V to md3c33d9$lambda$polymorph$getRecipe$0$0 in polymorph.mixins.json:MixinRecipeManager
[19Dec2025 00:54:49.892] [modloading-worker-0/DEBUG] [mixin/]: Mixing RecipeManagerAccessor from kubejs-forge.mixins.json into net.minecraft.world.item.crafting.RecipeManager
[19Dec2025 00:54:49.892] [modloading-worker-0/DEBUG] [mixin/]: Mixing RecipeManagerMixin from kubejs-common.mixins.json into net.minecraft.world.item.crafting.RecipeManager
[19Dec2025 00:54:49.893] [modloading-worker-0/DEBUG] [mixin/]: Mixing perf.datapack_reload_exceptions.RecipeManagerMixin from modernfix-forge.mixins.json into net.minecraft.world.item.crafting.RecipeManager
[19Dec2025 00:54:49.905] [modloading-worker-0/DEBUG] [net.minecraftforge.fml.javafmlmod.AutomaticEventSubscriber/LOADING]: Attempting to inject @EventBusSubscriber classes into the eventbus for fastsuite
[19Dec2025 00:54:49.906] [modloading-worker-0/DEBUG] [net.minecraftforge.fml.javafmlmod.AutomaticEventSubscriber/LOADING]: Attempting to inject @EventBusSubscriber classes into the eventbus for clumps
[19Dec2025 00:54:49.907] [modloading-worker-0/DEBUG] [net.minecraftforge.fml.javafmlmod.AutomaticEventSubscriber/LOADING]: Attempting to inject @EventBusSubscriber classes into the eventbus for shutupexperimentalsettings
[19Dec2025 00:54:49.908] [modloading-worker-0/DEBUG] [net.minecraftforge.fml.javafmlmod.AutomaticEventSubscriber/LOADING]: Attempting to inject @EventBusSubscriber classes into the eventbus for badmobs
[19Dec2025 00:54:49.910] [modloading-worker-0/DEBUG] [net.minecraftforge.fml.config.ConfigTracker/CONFIG]: Config file farsightedmobs-server.toml for farsightedmobs tracking
[19Dec2025 00:54:49.913] [modloading-worker-0/DEBUG] [net.minecraftforge.fml.javafmlmod.AutomaticEventSubscriber/LOADING]: Attempting to inject @EventBusSubscriber classes into the eventbus for farsightedmobs
[19Dec2025 00:54:49.920] [modloading-worker-0/DEBUG] [net.minecraftforge.fml.javafmlmod.AutomaticEventSubscriber/LOADING]: Attempting to inject @EventBusSubscriber classes into the eventbus for beautifiedchatserver
[19Dec2025 00:54:49.920] [modloading-worker-0/DEBUG] [net.minecraftforge.fml.javafmlmod.AutomaticEventSubscriber/LOADING]: Auto-subscribing com.natamus.beautifiedchatserver.forge.events.ForgeBeautifulChatEvent to FORGE
[19Dec2025 00:54:49.920] [modloading-worker-0/DEBUG] [net.minecraftforge.fml.javafmlmod.AutomaticEventSubscriber/LOADING]: Attempting to inject @EventBusSubscriber classes into the eventbus for lazydfu
[19Dec2025 00:54:49.935] [modloading-worker-0/DEBUG] [net.minecraftforge.fml.javafmlmod.AutomaticEventSubscriber/LOADING]: Attempting to inject @EventBusSubscriber classes into the eventbus for the_sculpture
[19Dec2025 00:54:49.935] [modloading-worker-0/DEBUG] [net.minecraftforge.fml.javafmlmod.AutomaticEventSubscriber/LOADING]: Auto-subscribing net.mcreator.thesculpture.procedures.SculptureMoveProcedure to FORGE
[19Dec2025 00:54:49.936] [modloading-worker-0/DEBUG] [net.minecraftforge.fml.javafmlmod.AutomaticEventSubscriber/LOADING]: Auto-subscribing net.mcreator.thesculpture.init.TheSculptureModEntities to MOD
[19Dec2025 00:54:49.938] [modloading-worker-0/DEBUG] [net.minecraftforge.fml.config.ConfigTracker/CONFIG]: Config file watut-common.toml for watut tracking
[19Dec2025 00:54:49.939] [modloading-worker-0/DEBUG] [net.minecraftforge.fml.config.ConfigTracker/CONFIG]: Config file watut-client.toml for watut tracking
[19Dec2025 00:54:49.946] [modloading-worker-0/DEBUG] [net.minecraftforge.fml.javafmlmod.AutomaticEventSubscriber/LOADING]: Attempting to inject @EventBusSubscriber classes into the eventbus for watut
[19Dec2025 00:54:49.946] [modloading-worker-0/DEBUG] [net.minecraftforge.fml.javafmlmod.AutomaticEventSubscriber/LOADING]: Auto-subscribing com.corosus.watut.loader.forge.EventHandlerForge to MOD
[19Dec2025 00:54:49.963] [modloading-worker-0/DEBUG] [net.minecraftforge.versions.forge.ForgeVersion/CORE]: Forge Version package package net.minecraftforge.versions.forge, Forge, version 43.4 from cpw.mods.modlauncher.TransformingClassLoader@4bdf
[19Dec2025 00:54:49.964] [modloading-worker-0/DEBUG] [net.minecraftforge.versions.forge.ForgeVersion/CORE]: Found Forge version 43.4.2
[19Dec2025 00:54:49.964] [modloading-worker-0/DEBUG] [net.minecraftforge.versions.forge.ForgeVersion/CORE]: Found Forge spec 43.4
[19Dec2025 00:54:49.964] [modloading-worker-0/DEBUG] [net.minecraftforge.versions.forge.ForgeVersion/CORE]: Found Forge group net.minecraftforge
[19Dec2025 00:54:49.964] [modloading-worker-0/DEBUG] [net.minecraftforge.versions.mcp.MCPVersion/CORE]: MCP Version package package net.minecraftforge.versions.mcp, Minecraft, version 1.19.2 from cpw.mods.modlauncher.TransformingClassLoader@4bdf
[19Dec2025 00:54:49.964] [modloading-worker-0/DEBUG] [net.minecraftforge.versions.mcp.MCPVersion/CORE]: Found MC version information 1.19.2
[19Dec2025 00:54:49.964] [modloading-worker-0/DEBUG] [net.minecraftforge.versions.mcp.MCPVersion/CORE]: Found MCP version information 20220805.130853
[19Dec2025 00:54:49.965] [modloading-worker-0/INFO] [net.minecraftforge.common.ForgeMod/FORGEMOD]: Forge mod loading, version 43.4.2, for MC 1.19.2 with MCP 20220805.130853
[19Dec2025 00:54:49.965] [modloading-worker-0/INFO] [net.minecraftforge.common.MinecraftForge/FORGE]: MinecraftForge v43.4.2 Initialized
[19Dec2025 00:54:50.009] [modloading-worker-0/DEBUG] [net.minecraftforge.common.ForgeMod/FORGEMOD]: Loading Network data for FML net version: FML3
[19Dec2025 00:54:50.016] [modloading-worker-0/DEBUG] [net.minecraftforge.fml.javafmlmod.AutomaticEventSubscriber/LOADING]: Attempting to inject @EventBusSubscriber classes into the eventbus for arphex
[19Dec2025 00:54:50.017] [modloading-worker-0/DEBUG] [net.minecraftforge.fml.javafmlmod.AutomaticEventSubscriber/LOADING]: Auto-subscribing net.arphex.world.dimension.TheCrawlingDimension to MOD
[19Dec2025 00:54:50.016] [modloading-worker-0/INFO] [Rhino Script Remapper/]: Loading Rhino Minecraft remapper...
[19Dec2025 00:54:50.018] [modloading-worker-0/DEBUG] [net.minecraftforge.fml.javafmlmod.AutomaticEventSubscriber/LOADING]: Auto-subscribing net.arphex.recipes.brewing.NecrosisPotionBrewingRecipe to MOD
[19Dec2025 00:54:50.019] [modloading-worker-0/DEBUG] [net.minecraftforge.fml.javafmlmod.AutomaticEventSubscriber/LOADING]: Auto-subscribing net.arphex.recipes.brewing.NecrosisPotion2BrewingRecipe to MOD
[19Dec2025 00:54:50.019] [modloading-worker-0/INFO] [dev.latvian.mods.rhino.mod.util.RhinoProperties/]: Rhino properties loaded.
[19Dec2025 00:54:50.021] [modloading-worker-0/DEBUG] [net.minecraftforge.fml.javafmlmod.AutomaticEventSubscriber/LOADING]: Auto-subscribing net.arphex.procedures.WorldLoadProcedure to FORGE
[19Dec2025 00:54:50.021] [modloading-worker-0/DEBUG] [net.minecraftforge.fml.javafmlmod.AutomaticEventSubscriber/LOADING]: Auto-subscribing net.arphex.procedures.SummonAltarProcedure to FORGE
[19Dec2025 00:54:50.023] [modloading-worker-0/DEBUG] [net.minecraftforge.fml.javafmlmod.AutomaticEventSubscriber/LOADING]: Auto-subscribing net.arphex.procedures.SpiderShieldProcedure to FORGE
[19Dec2025 00:54:50.025] [modloading-worker-0/DEBUG] [net.minecraftforge.fml.config.ConfigTracker/CONFIG]: Config file forge-client.toml for forge tracking
[19Dec2025 00:54:50.025] [modloading-worker-0/DEBUG] [net.minecraftforge.fml.javafmlmod.AutomaticEventSubscriber/LOADING]: Auto-subscribing net.arphex.procedures.SpiderMothDwellerEntityVisualScaleProcedure to FORGE
[19Dec2025 00:54:50.026] [modloading-worker-0/DEBUG] [net.minecraftforge.fml.config.ConfigTracker/CONFIG]: Config file forge-server.toml for forge tracking
[19Dec2025 00:54:50.026] [modloading-worker-0/DEBUG] [net.minecraftforge.fml.config.ConfigTracker/CONFIG]: Config file forge-common.toml for forge tracking
[19Dec2025 00:54:50.027] [modloading-worker-0/DEBUG] [net.minecraftforge.fml.javafmlmod.AutomaticEventSubscriber/LOADING]: Auto-subscribing net.arphex.procedures.SpiderMothDwellerBoundingBoxScaleProcedure to FORGE
[19Dec2025 00:54:50.029] [modloading-worker-0/DEBUG] [net.minecraftforge.fml.javafmlmod.AutomaticEventSubscriber/LOADING]: Auto-subscribing net.arphex.procedures.ScorpioidBloodlusterEntityVisualScaleProcedure to FORGE
[19Dec2025 00:54:50.030] [modloading-worker-0/DEBUG] [net.minecraftforge.fml.javafmlmod.AutomaticEventSubscriber/LOADING]: Auto-subscribing net.arphex.procedures.RushScareSolidBoundingBoxConditionProcedure to FORGE
[19Dec2025 00:54:50.030] [modloading-worker-0/DEBUG] [net.minecraftforge.fml.javafmlmod.AutomaticEventSubscriber/LOADING]: Auto-subscribing net.arphex.procedures.RightClickEntityProcedure to FORGE
[19Dec2025 00:54:50.031] [modloading-worker-0/INFO] [Rhino Script Remapper/]: Loading mappings for 1.19.2
[19Dec2025 00:54:50.033] [modloading-worker-0/DEBUG] [net.minecraftforge.fml.javafmlmod.AutomaticEventSubscriber/LOADING]: Auto-subscribing net.arphex.procedures.RightClickBlockProcedure to FORGE
[19Dec2025 00:54:50.036] [modloading-worker-0/DEBUG] [net.minecraftforge.fml.javafmlmod.AutomaticEventSubscriber/LOADING]: Auto-subscribing net.arphex.procedures.NoDropDimensionProcedure to FORGE
[19Dec2025 00:54:50.037] [modloading-worker-0/DEBUG] [net.minecraftforge.fml.javafmlmod.AutomaticEventSubscriber/LOADING]: Auto-subscribing net.arphex.procedures.MaggotOnInitialEntitySpawnProcedure to FORGE
[19Dec2025 00:54:50.040] [modloading-worker-0/DEBUG] [net.minecraftforge.fml.javafmlmod.AutomaticEventSubscriber/LOADING]: Auto-subscribing net.arphex.procedures.HitBlockProcedure to FORGE
[19Dec2025 00:54:50.041] [modloading-worker-0/DEBUG] [net.minecraftforge.fml.javafmlmod.AutomaticEventSubscriber/LOADING]: Auto-subscribing net.arphex.procedures.GameModeDetectorProcedure to FORGE
[19Dec2025 00:54:50.042] [modloading-worker-0/DEBUG] [net.minecraftforge.fml.javafmlmod.AutomaticEventSubscriber/LOADING]: Attempting to inject @EventBusSubscriber classes into the eventbus for forge
[19Dec2025 00:54:50.042] [modloading-worker-0/DEBUG] [net.minecraftforge.fml.javafmlmod.AutomaticEventSubscriber/LOADING]: Auto-subscribing net.minecraftforge.common.ForgeSpawnEggItem$CommonHandler to MOD
[19Dec2025 00:54:50.047] [modloading-worker-0/DEBUG] [net.minecraftforge.fml.javafmlmod.AutomaticEventSubscriber/LOADING]: Auto-subscribing net.arphex.procedures.EntitySpawnsProcedure to FORGE
[19Dec2025 00:54:50.048] [modloading-worker-0/DEBUG] [net.minecraftforge.fml.javafmlmod.AutomaticEventSubscriber/LOADING]: Auto-subscribing net.arphex.procedures.EntitySpawnProcedure to FORGE
[19Dec2025 00:54:50.049] [modloading-worker-0/DEBUG] [net.minecraftforge.fml.javafmlmod.AutomaticEventSubscriber/LOADING]: Auto-subscribing net.arphex.procedures.EntityJumpsProcedure to FORGE
[19Dec2025 00:54:50.052] [modloading-worker-0/DEBUG] [net.minecraftforge.fml.javafmlmod.AutomaticEventSubscriber/LOADING]: Auto-subscribing net.arphex.procedures.EntityJoinsWorldProcedure to FORGE
[19Dec2025 00:54:50.052] [modloading-worker-0/DEBUG] [net.minecraftforge.fml.javafmlmod.AutomaticEventSubscriber/LOADING]: Auto-subscribing net.arphex.procedures.EntityDiesProcedure to FORGE
[19Dec2025 00:54:50.054] [modloading-worker-0/DEBUG] [net.minecraftforge.fml.javafmlmod.AutomaticEventSubscriber/LOADING]: Auto-subscribing net.arphex.procedures.EntitiesTickProcedure to FORGE
[19Dec2025 00:54:50.056] [modloading-worker-0/DEBUG] [net.minecraftforge.fml.javafmlmod.AutomaticEventSubscriber/LOADING]: Auto-subscribing net.arphex.procedures.DwellerTargetProcedure to FORGE
[19Dec2025 00:54:50.059] [modloading-worker-0/DEBUG] [net.minecraftforge.fml.javafmlmod.AutomaticEventSubscriber/LOADING]: Auto-subscribing net.arphex.procedures.DwellerLifestealProcedure to FORGE
[19Dec2025 00:54:50.060] [modloading-worker-0/DEBUG] [net.minecraftforge.fml.javafmlmod.AutomaticEventSubscriber/LOADING]: Attempting to inject @EventBusSubscriber classes into the eventbus for thepossessivemask
[19Dec2025 00:54:50.060] [modloading-worker-0/DEBUG] [net.minecraftforge.fml.javafmlmod.AutomaticEventSubscriber/LOADING]: Auto-subscribing net.mcreator.thepossessivemask.procedures.PossessedEffectDiesProcedure to FORGE
[19Dec2025 00:54:50.063] [modloading-worker-0/DEBUG] [net.minecraftforge.fml.javafmlmod.AutomaticEventSubscriber/LOADING]: Auto-subscribing net.mcreator.thepossessivemask.procedures.MaskAttackProcedure to FORGE
[19Dec2025 00:54:50.065] [modloading-worker-0/DEBUG] [net.minecraftforge.fml.javafmlmod.AutomaticEventSubscriber/LOADING]: Auto-subscribing net.mcreator.thepossessivemask.init.ThepossessivemaskModEntities to MOD
[19Dec2025 00:54:50.066] [modloading-worker-0/DEBUG] [net.minecraftforge.fml.javafmlmod.AutomaticEventSubscriber/LOADING]: Auto-subscribing net.mcreator.thepossessivemask.init.EntityAnimationFactory to FORGE
[19Dec2025 00:54:50.066] [modloading-worker-0/DEBUG] [net.minecraftforge.fml.javafmlmod.AutomaticEventSubscriber/LOADING]: Auto-subscribing net.arphex.procedures.DimensionTickProcedure to FORGE
[19Dec2025 00:54:50.067] [modloading-worker-0/DEBUG] [net.minecraftforge.fml.javafmlmod.AutomaticEventSubscriber/LOADING]: Attempting to inject @EventBusSubscriber classes into the eventbus for toofast
[19Dec2025 00:54:50.068] [modloading-worker-0/DEBUG] [net.minecraftforge.fml.javafmlmod.AutomaticEventSubscriber/LOADING]: Auto-subscribing net.arphex.procedures.CriticalHitProcedure to FORGE
[19Dec2025 00:54:50.070] [modloading-worker-0/DEBUG] [net.minecraftforge.fml.javafmlmod.AutomaticEventSubscriber/LOADING]: Auto-subscribing net.arphex.procedures.ClimbingProcedure to FORGE
[19Dec2025 00:54:50.070] [modloading-worker-0/DEBUG] [net.minecraftforge.fml.config.ConfigTracker/CONFIG]: Config file logbegone.toml for logbegone tracking
[19Dec2025 00:54:50.071] [modloading-worker-0/DEBUG] [net.minecraftforge.fml.javafmlmod.AutomaticEventSubscriber/LOADING]: Auto-subscribing net.arphex.procedures.BloodWormOnInitialEntitySpawnProcedure to FORGE
[19Dec2025 00:54:50.072] [modloading-worker-0/DEBUG] [net.minecraftforge.fml.javafmlmod.AutomaticEventSubscriber/LOADING]: Auto-subscribing net.arphex.procedures.BloodWormEntityVisualScaleProcedure to FORGE
[19Dec2025 00:54:50.073] [modloading-worker-0/DEBUG] [net.minecraftforge.fml.javafmlmod.AutomaticEventSubscriber/LOADING]: Auto-subscribing net.arphex.procedures.AnyItemUsedProcedure to FORGE
[19Dec2025 00:54:50.076] [modloading-worker-0/DEBUG] [net.minecraftforge.fml.javafmlmod.AutomaticEventSubscriber/LOADING]: Auto-subscribing net.arphex.procedures.AnimationTransferProcedure to FORGE
[19Dec2025 00:54:50.076] [modloading-worker-0/DEBUG] [net.minecraftforge.fml.javafmlmod.AutomaticEventSubscriber/LOADING]: Auto-subscribing net.arphex.network.SpacePressMessage to MOD
[19Dec2025 00:54:50.077] [modloading-worker-0/DEBUG] [net.minecraftforge.fml.javafmlmod.AutomaticEventSubscriber/LOADING]: Auto-subscribing net.arphex.network.ArphexModVariables to MOD
[19Dec2025 00:54:50.078] [modloading-worker-0/DEBUG] [net.minecraftforge.fml.javafmlmod.AutomaticEventSubscriber/LOADING]: Auto-subscribing net.arphex.network.ArphexModVariables$PlayerVariablesProvider to FORGE
[19Dec2025 00:54:50.079] [modloading-worker-0/DEBUG] [net.minecraftforge.fml.javafmlmod.AutomaticEventSubscriber/LOADING]: Auto-subscribing net.arphex.network.ArphexModVariables$EventBusVariableHandlers to FORGE
[19Dec2025 00:54:50.082] [modloading-worker-0/DEBUG] [net.minecraftforge.fml.javafmlmod.AutomaticEventSubscriber/LOADING]: Auto-subscribing net.arphex.init.EntityAnimationFactory to FORGE
[19Dec2025 00:54:50.083] [modloading-worker-0/DEBUG] [net.minecraftforge.fml.javafmlmod.AutomaticEventSubscriber/LOADING]: Auto-subscribing net.arphex.init.ArphexModEntities to MOD
[19Dec2025 00:54:50.084] [modloading-worker-0/DEBUG] [net.minecraftforge.fml.javafmlmod.AutomaticEventSubscriber/LOADING]: Auto-subscribing net.arphex.init.ArphexModConfigs to MOD
[19Dec2025 00:54:50.095] [modloading-worker-0/DEBUG] [net.minecraftforge.fml.javafmlmod.AutomaticEventSubscriber/LOADING]: Attempting to inject @EventBusSubscriber classes into the eventbus for eyesinthedark
[19Dec2025 00:54:50.095] [modloading-worker-0/DEBUG] [net.minecraftforge.fml.javafmlmod.AutomaticEventSubscriber/LOADING]: Auto-subscribing net.mcreator.eyesinthedark.procedures.EyesInTheDarkAttackProcedure to FORGE
[19Dec2025 00:54:50.096] [modloading-worker-0/DEBUG] [net.minecraftforge.fml.javafmlmod.AutomaticEventSubscriber/LOADING]: Auto-subscribing net.mcreator.eyesinthedark.init.EyesinthedarkModEntities to MOD
[19Dec2025 00:54:50.096] [modloading-worker-0/DEBUG] [net.minecraftforge.fml.javafmlmod.AutomaticEventSubscriber/LOADING]: Auto-subscribing net.mcreator.eyesinthedark.init.EntityAnimationFactory to FORGE
[19Dec2025 00:54:50.101] [modloading-worker-0/DEBUG] [net.minecraftforge.fml.javafmlmod.AutomaticEventSubscriber/LOADING]: Attempting to inject @EventBusSubscriber classes into the eventbus for emotecraft
[19Dec2025 00:54:50.113] [modloading-worker-0/WARN] [net.blay09.mods.balm.forge.config.ForgeBalmConfig/]: Config field without expected type, will not validate list content (compressBlacklist in net.blay09.mods.craftingtweaks.config.CraftingTweaksConfigData$Common)
[19Dec2025 00:54:50.116] [modloading-worker-0/INFO] [Rhino Script Remapper/]: Done in 0.098 s
[19Dec2025 00:54:50.116] [modloading-worker-0/DEBUG] [net.minecraftforge.fml.javafmlmod.AutomaticEventSubscriber/LOADING]: Attempting to inject @EventBusSubscriber classes into the eventbus for logbegone
[19Dec2025 00:54:50.118] [modloading-worker-0/WARN] [net.blay09.mods.balm.forge.config.ForgeBalmConfig/]: Config field without expected type, will not validate list content (disabledAddons in net.blay09.mods.craftingtweaks.config.CraftingTweaksConfigData$Client)
[19Dec2025 00:54:50.118] [modloading-worker-0/DEBUG] [net.minecraftforge.fml.config.ConfigTracker/CONFIG]: Config file craftingtweaks-common.toml for craftingtweaks tracking
[19Dec2025 00:54:50.118] [modloading-worker-0/DEBUG] [net.minecraftforge.fml.config.ConfigTracker/CONFIG]: Config file realistictorches-common.toml for realistictorches tracking
[19Dec2025 00:54:50.126] [modloading-worker-0/DEBUG] [net.minecraftforge.fml.javafmlmod.AutomaticEventSubscriber/LOADING]: Attempting to inject @EventBusSubscriber classes into the eventbus for realistictorches
[19Dec2025 00:54:50.126] [modloading-worker-0/DEBUG] [net.minecraftforge.fml.javafmlmod.AutomaticEventSubscriber/LOADING]: Auto-subscribing com.chaosthedude.realistictorches.config.ConfigHandler to FORGE
[19Dec2025 00:54:50.127] [modloading-worker-0/DEBUG] [net.minecraftforge.fml.javafmlmod.AutomaticEventSubscriber/LOADING]: Attempting to inject @EventBusSubscriber classes into the eventbus for smoothchunk
[19Dec2025 00:54:50.129] [modloading-worker-0/DEBUG] [net.minecraftforge.fml.config.ConfigTracker/CONFIG]: Config file logprot-common.toml for logprot tracking
[19Dec2025 00:54:50.132] [modloading-worker-0/DEBUG] [net.minecraftforge.fml.javafmlmod.AutomaticEventSubscriber/LOADING]: Attempting to inject @EventBusSubscriber classes into the eventbus for logprot
[19Dec2025 00:54:50.136] [modloading-worker-0/DEBUG] [net.minecraftforge.fml.config.ConfigTracker/CONFIG]: Config file simplebackups-common.toml for simplebackups tracking
[19Dec2025 00:54:50.136] [modloading-worker-0/DEBUG] [net.minecraftforge.fml.config.ConfigTracker/CONFIG]: Config file simplebackups-server.toml for simplebackups tracking
[19Dec2025 00:54:50.140] [modloading-worker-0/DEBUG] [net.minecraftforge.fml.javafmlmod.AutomaticEventSubscriber/LOADING]: Attempting to inject @EventBusSubscriber classes into the eventbus for simplebackups
[19Dec2025 00:54:50.143] [modloading-worker-0/DEBUG] [net.minecraftforge.fml.javafmlmod.AutomaticEventSubscriber/LOADING]: Attempting to inject @EventBusSubscriber classes into the eventbus for craftingtweaks
[19Dec2025 00:54:50.163] [modloading-worker-0/DEBUG] [mixin/]: Mixing IMixinCriteriaTriggers from majruszlibrary-common.mixins.json into net.minecraft.advancements.CriteriaTriggers
[19Dec2025 00:54:50.163] [modloading-worker-0/DEBUG] [mixin/]: Renaming @Invoker method register(Lnet/minecraft/advancements/CriterionTrigger;)Lnet/minecraft/advancements/CriterionTrigger; to register_$md$3c33d9$0 in majruszlibrary-common.mixins.json:IMixinCriteriaTriggers
[19Dec2025 00:54:50.233] [modloading-worker-0/DEBUG] [net.minecraftforge.fml.javafmlmod.AutomaticEventSubscriber/LOADING]: Attempting to inject @EventBusSubscriber classes into the eventbus for moonlight
[19Dec2025 00:54:50.239] [modloading-worker-0/DEBUG] [net.minecraftforge.fml.config.ConfigTracker/CONFIG]: Config file kim_dweller-server.toml for kim_dweller tracking
[19Dec2025 00:54:50.240] [modloading-worker-0/DEBUG] [net.minecraftforge.fml.javafmlmod.AutomaticEventSubscriber/LOADING]: Attempting to inject @EventBusSubscriber classes into the eventbus for kim_dweller
[19Dec2025 00:54:50.240] [modloading-worker-0/DEBUG] [net.minecraftforge.fml.javafmlmod.AutomaticEventSubscriber/LOADING]: Auto-subscribing de.cadentem.kim_dweller.events.ModEvents to MOD
[19Dec2025 00:54:50.241] [modloading-worker-0/DEBUG] [net.minecraftforge.fml.javafmlmod.AutomaticEventSubscriber/LOADING]: Auto-subscribing de.cadentem.kim_dweller.events.ForgeEvents to FORGE
[19Dec2025 00:54:50.242] [modloading-worker-0/DEBUG] [net.minecraftforge.fml.javafmlmod.AutomaticEventSubscriber/LOADING]: Auto-subscribing de.cadentem.kim_dweller.datagen.DataGen to MOD
[19Dec2025 00:54:50.269] [modloading-worker-0/DEBUG] [mixin/]: Mixing perf.resourcepacks.ModFileResourcePackMixin from modernfix-forge.mixins.json into net.minecraftforge.resource.PathPackResources
[19Dec2025 00:54:50.271] [modloading-worker-0/DEBUG] [mixin/]: Renaming synthetic method lambda$generateResourceCache$0(Lnet/minecraft/server/packs/PackType;Ljava/lang/String;)Ljava/nio/file/Path; to md3c33d9$lambda$generateResourceCache$0$0 in modernfix-forge.mixins.json:perf.resourcepacks.ModFileResourcePackMixin
[19Dec2025 00:54:50.288] [modloading-worker-0/DEBUG] [net.minecraftforge.fml.javafmlmod.AutomaticEventSubscriber/LOADING]: Attempting to inject @EventBusSubscriber classes into the eventbus for simplyswords
[19Dec2025 00:54:50.290] [modloading-worker-0/DEBUG] [net.minecraftforge.fml.javafmlmod.AutomaticEventSubscriber/LOADING]: Attempting to inject @EventBusSubscriber classes into the eventbus for necronomicon
[19Dec2025 00:54:50.307] [modloading-worker-0/DEBUG] [net.minecraftforge.fml.javafmlmod.AutomaticEventSubscriber/LOADING]: Attempting to inject @EventBusSubscriber classes into the eventbus for minechosis
[19Dec2025 00:54:50.309] [modloading-worker-0/DEBUG] [net.minecraftforge.fml.javafmlmod.AutomaticEventSubscriber/LOADING]: Auto-subscribing minechosis.procedures.NoiseTargetDiesProcedure to FORGE
[19Dec2025 00:54:50.310] [modloading-worker-0/DEBUG] [net.minecraftforge.fml.javafmlmod.AutomaticEventSubscriber/LOADING]: Auto-subscribing minechosis.procedures.NoiseDeathProcedure to FORGE
[19Dec2025 00:54:50.312] [modloading-worker-0/DEBUG] [net.minecraftforge.fml.javafmlmod.AutomaticEventSubscriber/LOADING]: Auto-subscribing minechosis.procedures.NoiseChaseTimerProcedure to FORGE
[19Dec2025 00:54:50.313] [modloading-worker-0/DEBUG] [net.minecraftforge.fml.javafmlmod.AutomaticEventSubscriber/LOADING]: Auto-subscribing minechosis.procedures.AdvancementRootGiveProcedure to FORGE
[19Dec2025 00:54:50.315] [modloading-worker-0/DEBUG] [net.minecraftforge.fml.javafmlmod.AutomaticEventSubscriber/LOADING]: Auto-subscribing minechosis.init.MinechosisModEntities to MOD
[19Dec2025 00:54:50.315] [modloading-worker-0/DEBUG] [net.minecraftforge.fml.javafmlmod.AutomaticEventSubscriber/LOADING]: Auto-subscribing minechosis.init.EntityAnimationFactory to FORGE
[19Dec2025 00:54:50.317] [modloading-worker-0/DEBUG] [net.minecraftforge.fml.javafmlmod.AutomaticEventSubscriber/LOADING]: Attempting to inject @EventBusSubscriber classes into the eventbus for watching
[19Dec2025 00:54:50.317] [modloading-worker-0/DEBUG] [net.minecraftforge.fml.javafmlmod.AutomaticEventSubscriber/LOADING]: Auto-subscribing studio.lunareclipse.watching.Init to MOD
[19Dec2025 00:54:50.327] [modloading-worker-0/DEBUG] [net.minecraftforge.fml.config.ConfigTracker/CONFIG]: Config file vivilly_dweller-server.toml for vivilly_dweller tracking
[19Dec2025 00:54:50.327] [modloading-worker-0/DEBUG] [net.minecraftforge.fml.javafmlmod.AutomaticEventSubscriber/LOADING]: Attempting to inject @EventBusSubscriber classes into the eventbus for vivilly_dweller
[19Dec2025 00:54:50.327] [modloading-worker-0/DEBUG] [net.minecraftforge.fml.javafmlmod.AutomaticEventSubscriber/LOADING]: Auto-subscribing de.cadentem.vivilly_dweller.events.ModEvents to MOD
[19Dec2025 00:54:50.328] [modloading-worker-0/DEBUG] [net.minecraftforge.fml.javafmlmod.AutomaticEventSubscriber/LOADING]: Auto-subscribing de.cadentem.vivilly_dweller.events.ForgeEvents to FORGE
[19Dec2025 00:54:50.330] [modloading-worker-0/DEBUG] [mixin/]: Mixing components.ClickEventMixin from kubejs-common.mixins.json into net.minecraft.network.chat.ClickEvent
[19Dec2025 00:54:50.331] [modloading-worker-0/DEBUG] [mixin/]: Renaming synthetic method lambda$toJsonJS$0(Lcom/google/gson/JsonObject;)V to md3c33d9$lambda$toJsonJS$0$0 in kubejs-common.mixins.json:components.ClickEventMixin
[19Dec2025 00:54:50.332] [modloading-worker-0/DEBUG] [net.minecraftforge.fml.javafmlmod.AutomaticEventSubscriber/LOADING]: Auto-subscribing de.cadentem.vivilly_dweller.datagen.DataGen to MOD
[19Dec2025 00:54:50.336] [modloading-worker-0/DEBUG] [net.minecraftforge.fml.javafmlmod.AutomaticEventSubscriber/LOADING]: Attempting to inject @EventBusSubscriber classes into the eventbus for spectrelib
[19Dec2025 00:54:50.357] [modloading-worker-0/DEBUG] [net.minecraftforge.fml.config.ConfigTracker/CONFIG]: Config file fastpaintings-common.toml for fastpaintings tracking
[19Dec2025 00:54:50.358] [modloading-worker-0/DEBUG] [net.minecraftforge.fml.javafmlmod.AutomaticEventSubscriber/LOADING]: Attempting to inject @EventBusSubscriber classes into the eventbus for fastpaintings
[19Dec2025 00:54:50.367] [modloading-worker-0/DEBUG] [net.minecraftforge.fml.javafmlmod.AutomaticEventSubscriber/LOADING]: Attempting to inject @EventBusSubscriber classes into the eventbus for true_herobrine
[19Dec2025 00:54:50.367] [modloading-worker-0/DEBUG] [net.minecraftforge.fml.javafmlmod.AutomaticEventSubscriber/LOADING]: Auto-subscribing crumbs.trueherobrine.network.TrueHerobrineModVariables to MOD
[19Dec2025 00:54:50.368] [modloading-worker-0/DEBUG] [net.minecraftforge.fml.javafmlmod.AutomaticEventSubscriber/LOADING]: Auto-subscribing crumbs.trueherobrine.network.TrueHerobrineModVariables$EventBusVariableHandlers to FORGE
[19Dec2025 00:54:50.369] [modloading-worker-0/ERROR] [net.minecraftforge.fml.loading.RuntimeDistCleaner/DISTXFORM]: Attempted to load class com/mojang/blaze3d/vertex/PoseStack for invalid dist DEDICATED_SERVER
[19Dec2025 00:54:50.370] [modloading-worker-0/DEBUG] [net.minecraftforge.fml.javafmlmod.AutomaticEventSubscriber/LOADING]: Auto-subscribing crumbs.trueherobrine.init.TrueHerobrineModEntities to MOD
[19Dec2025 00:54:50.370] [modloading-worker-0/DEBUG] [net.minecraftforge.fml.javafmlmod.AutomaticEventSubscriber/LOADING]: Auto-subscribing crumbs.trueherobrine.init.TrueHerobrineModConfigs to MOD
[19Dec2025 00:54:50.372] [modloading-worker-0/DEBUG] [net.minecraftforge.fml.javafmlmod.AutomaticEventSubscriber/LOADING]: Attempting to inject @EventBusSubscriber classes into the eventbus for iceberg
[19Dec2025 00:54:50.372] [modloading-worker-0/DEBUG] [net.minecraftforge.fml.javafmlmod.AutomaticEventSubscriber/LOADING]: Auto-subscribing com.anthonyhilyard.iceberg.IcebergServer to MOD
[19Dec2025 00:54:50.374] [modloading-worker-0/INFO] [Spartan Shields/]: Constructing Mod: Spartan Shields
[19Dec2025 00:54:50.391] [modloading-worker-0/DEBUG] [io.netty.buffer.AbstractByteBuf/]: -Dio.netty.buffer.checkAccessible: true
[19Dec2025 00:54:50.391] [modloading-worker-0/DEBUG] [io.netty.buffer.AbstractByteBuf/]: -Dio.netty.buffer.checkBounds: true
[19Dec2025 00:54:50.392] [modloading-worker-0/DEBUG] [io.netty.util.ResourceLeakDetectorFactory/]: Loaded default ResourceLeakDetector: io.netty.util.ResourceLeakDetector@4e2b80b4
[19Dec2025 00:54:50.398] [modloading-worker-0/DEBUG] [mixin/]: Mixing PlayerMovementNoUnloaded from betterchunkloading.mixins.json into net.minecraft.server.network.ServerGamePacketListenerImpl
[19Dec2025 00:54:50.399] [modloading-worker-0/DEBUG] [mixin/]: Mixing bugfix.forge_vehicle_packets.ServerGamePacketListenerImplMixin from modernfix-forge.mixins.json into net.minecraft.server.network.ServerGamePacketListenerImpl
[19Dec2025 00:54:50.400] [modloading-worker-0/DEBUG] [mixin/]: Mixing MixinServerNetPlayHandler from toofast.mixins.json into net.minecraft.server.network.ServerGamePacketListenerImpl
[19Dec2025 00:54:50.400] [modloading-worker-0/DEBUG] [mixin/]: toofast.mixins.json:MixinServerNetPlayHandler: Class version 61 required is higher than the class version supported by the current version of Mixin (JAVA_8 supports class version 52)
[19Dec2025 00:54:50.401] [modloading-worker-0/DEBUG] [mixin/]: Mixing ServerPlayNetworkInstance from emotecraft.mixins.json into net.minecraft.server.network.ServerGamePacketListenerImpl
[19Dec2025 00:54:50.401] [modloading-worker-0/DEBUG] [mixin/]: emotecraft.mixins.json:ServerPlayNetworkInstance: Class version 61 required is higher than the class version supported by the current version of Mixin (JAVA_16 supports class version 60)
[19Dec2025 00:54:50.404] [modloading-worker-0/DEBUG] [mixin/]: Renaming synthetic method lambda$presenceResponse$0(Lnet/minecraft/server/level/ServerPlayer;)V to md3c33d9$lambda$presenceResponse$0$0 in emotecraft.mixins.json:ServerPlayNetworkInstance
[19Dec2025 00:54:50.408] [modloading-worker-0/DEBUG] [mixin/]: Mixing ServerPlayNetworkHandlerMixin from bettercombat.mixins.json into net.minecraft.server.network.ServerGamePacketListenerImpl
[19Dec2025 00:54:50.409] [modloading-worker-0/DEBUG] [mixin/]: Mixing ServerPlayNetHandlerMixin from connectivity.mixins.json into net.minecraft.server.network.ServerGamePacketListenerImpl
[19Dec2025 00:54:50.423] [modloading-worker-0/DEBUG] [mixin/]: Mixing DifferenceIngredientMixin from kubejs-forge.mixins.json into net.minecraftforge.common.crafting.DifferenceIngredient
[19Dec2025 00:54:50.426] [modloading-worker-0/DEBUG] [mixin/]: Mixing TrivialIngredientsMixin from kubejs-forge.mixins.json into net.minecraftforge.common.crafting.PartialNBTIngredient
[19Dec2025 00:54:50.428] [modloading-worker-0/DEBUG] [mixin/]: Mixing TrivialIngredientsMixin from kubejs-forge.mixins.json into net.minecraftforge.common.crafting.StrictNBTIngredient
[19Dec2025 00:54:50.429] [modloading-worker-0/DEBUG] [mixin/]: Mixing IngredientsWithChildrenMixin from kubejs-forge.mixins.json into net.minecraftforge.common.crafting.CompoundIngredient
[19Dec2025 00:54:50.436] [modloading-worker-0/DEBUG] [net.minecraftforge.fml.config.ConfigTracker/CONFIG]: Config file spartanshields-common.toml for spartanshields tracking
[19Dec2025 00:54:50.438] [modloading-worker-0/DEBUG] [net.minecraftforge.fml.javafmlmod.AutomaticEventSubscriber/LOADING]: Attempting to inject @EventBusSubscriber classes into the eventbus for spartanshields
[19Dec2025 00:54:50.438] [modloading-worker-0/DEBUG] [net.minecraftforge.fml.javafmlmod.AutomaticEventSubscriber/LOADING]: Auto-subscribing com.oblivioussp.spartanshields.event.DataGenEventHandler to MOD
[19Dec2025 00:54:50.440] [modloading-worker-0/DEBUG] [net.minecraftforge.fml.javafmlmod.AutomaticEventSubscriber/LOADING]: Auto-subscribing com.oblivioussp.spartanshields.event.CommonEventHandler to FORGE
[19Dec2025 00:54:50.441] [modloading-worker-0/DEBUG] [net.minecraftforge.fml.javafmlmod.AutomaticEventSubscriber/LOADING]: Auto-subscribing com.oblivioussp.spartanshields.config.Config to MOD
[19Dec2025 00:54:50.443] [modloading-worker-0/DEBUG] [net.minecraftforge.fml.config.ConfigTracker/CONFIG]: Config file mobsunscreen-common.toml for mobsunscreen tracking
[19Dec2025 00:54:50.444] [modloading-worker-0/DEBUG] [net.minecraftforge.fml.javafmlmod.AutomaticEventSubscriber/LOADING]: Attempting to inject @EventBusSubscriber classes into the eventbus for mobsunscreen
[19Dec2025 00:54:50.445] [modloading-worker-0/DEBUG] [net.minecraftforge.fml.javafmlmod.AutomaticEventSubscriber/LOADING]: Attempting to inject @EventBusSubscriber classes into the eventbus for bettercombat
[19Dec2025 00:54:50.445] [modloading-worker-0/DEBUG] [net.minecraftforge.fml.javafmlmod.AutomaticEventSubscriber/LOADING]: Auto-subscribing net.bettercombat.forge.events.ForgeEvents to FORGE
[19Dec2025 00:54:50.447] [modloading-worker-0/DEBUG] [net.minecraftforge.fml.javafmlmod.AutomaticEventSubscriber/LOADING]: Attempting to inject @EventBusSubscriber classes into the eventbus for polymorph
[19Dec2025 00:54:50.448] [modloading-worker-0/DEBUG] [net.minecraftforge.fml.javafmlmod.AutomaticEventSubscriber/LOADING]: Attempting to inject @EventBusSubscriber classes into the eventbus for canary
[19Dec2025 00:54:50.452] [modloading-worker-0/DEBUG] [net.minecraftforge.fml.javafmlmod.AutomaticEventSubscriber/LOADING]: Auto-subscribing net.bettercombat.forge.events.ForgeModEvents to MOD
[19Dec2025 00:54:50.461] [modloading-worker-0/DEBUG] [net.minecraftforge.fml.javafmlmod.AutomaticEventSubscriber/LOADING]: Attempting to inject @EventBusSubscriber classes into the eventbus for betterchunkloading
[19Dec2025 00:54:50.462] [modloading-worker-0/DEBUG] [net.minecraftforge.fml.javafmlmod.AutomaticEventSubscriber/LOADING]: Attempting to inject @EventBusSubscriber classes into the eventbus for immediatelyfast
[19Dec2025 00:54:50.465] [modloading-worker-0/DEBUG] [net.minecraftforge.fml.config.ConfigTracker/CONFIG]: Config file CoroUtil/General.toml for coroutil tracking
[19Dec2025 00:54:50.471] [modloading-worker-0/DEBUG] [net.minecraftforge.fml.javafmlmod.AutomaticEventSubscriber/LOADING]: Attempting to inject @EventBusSubscriber classes into the eventbus for coroutil
[19Dec2025 00:54:50.472] [modloading-worker-0/DEBUG] [net.minecraftforge.fml.javafmlmod.AutomaticEventSubscriber/LOADING]: Attempting to inject @EventBusSubscriber classes into the eventbus for fastfurnace
[19Dec2025 00:54:50.477] [modloading-worker-0/DEBUG] [net.minecraftforge.fml.javafmlmod.AutomaticEventSubscriber/LOADING]: Attempting to inject @EventBusSubscriber classes into the eventbus for apollyon
[19Dec2025 00:54:50.477] [modloading-worker-0/DEBUG] [net.minecraftforge.fml.javafmlmod.AutomaticEventSubscriber/LOADING]: Auto-subscribing apollyon.procedures.TheInfectorTicksProcedure to FORGE
[19Dec2025 00:54:50.481] [modloading-worker-0/DEBUG] [net.minecraftforge.fml.javafmlmod.AutomaticEventSubscriber/LOADING]: Auto-subscribing apollyon.procedures.TheInfectorTargetsProcedure to FORGE
[19Dec2025 00:54:50.538] [modloading-worker-0/DEBUG] [net.minecraftforge.fml.javafmlmod.AutomaticEventSubscriber/LOADING]: Auto-subscribing apollyon.procedures.TheInfectorTalksProcedure to FORGE
[19Dec2025 00:54:50.540] [modloading-worker-0/DEBUG] [net.minecraftforge.fml.javafmlmod.AutomaticEventSubscriber/LOADING]: Auto-subscribing apollyon.procedures.TheDamnedTargetsProcedure to FORGE
[19Dec2025 00:54:50.542] [modloading-worker-0/DEBUG] [net.minecraftforge.fml.javafmlmod.AutomaticEventSubscriber/LOADING]: Auto-subscribing apollyon.procedures.TheDamnedSilencesProcedure to FORGE
[19Dec2025 00:54:50.542] [modloading-worker-0/DEBUG] [net.minecraftforge.fml.javafmlmod.AutomaticEventSubscriber/LOADING]: Auto-subscribing apollyon.procedures.TheDamnedRisesProcedure to FORGE
[19Dec2025 00:54:50.544] [modloading-worker-0/DEBUG] [net.minecraftforge.fml.javafmlmod.AutomaticEventSubscriber/LOADING]: Auto-subscribing apollyon.network.ApollyonModVariables to MOD
[19Dec2025 00:54:50.545] [modloading-worker-0/DEBUG] [net.minecraftforge.fml.javafmlmod.AutomaticEventSubscriber/LOADING]: Auto-subscribing apollyon.network.ApollyonModVariables$EventBusVariableHandlers to FORGE
[19Dec2025 00:54:50.546] [modloading-worker-0/DEBUG] [net.minecraftforge.fml.javafmlmod.AutomaticEventSubscriber/LOADING]: Auto-subscribing apollyon.init.EntityAnimationFactory to FORGE
[19Dec2025 00:54:50.547] [modloading-worker-0/DEBUG] [net.minecraftforge.fml.javafmlmod.AutomaticEventSubscriber/LOADING]: Auto-subscribing apollyon.init.ApollyonModEntities to MOD
[19Dec2025 00:54:50.548] [modloading-worker-0/DEBUG] [net.minecraftforge.fml.javafmlmod.AutomaticEventSubscriber/LOADING]: Auto-subscribing apollyon.command.ChaseMusicCommand to FORGE
[19Dec2025 00:54:50.572] [modloading-worker-0/DEBUG] [net.minecraftforge.fml.javafmlmod.AutomaticEventSubscriber/LOADING]: Attempting to inject @EventBusSubscriber classes into the eventbus for shy_guy
[19Dec2025 00:54:50.573] [modloading-worker-0/DEBUG] [net.minecraftforge.fml.javafmlmod.AutomaticEventSubscriber/LOADING]: Auto-subscribing net.mcreator.shyguy.procedures.ShyGuyScreamProcedure to FORGE
[19Dec2025 00:54:50.575] [modloading-worker-0/DEBUG] [net.minecraftforge.fml.javafmlmod.AutomaticEventSubscriber/LOADING]: Auto-subscribing net.mcreator.shyguy.procedures.PlayerLookingAtShyGUyProcedure to FORGE
[19Dec2025 00:54:50.581] [modloading-worker-0/DEBUG] [net.minecraftforge.fml.javafmlmod.AutomaticEventSubscriber/LOADING]: Auto-subscribing net.mcreator.shyguy.init.ShyGuyModEntities to MOD
[19Dec2025 00:54:50.582] [modloading-worker-0/DEBUG] [net.minecraftforge.fml.javafmlmod.AutomaticEventSubscriber/LOADING]: Auto-subscribing net.mcreator.shyguy.init.EntityAnimationFactory to FORGE
[19Dec2025 00:54:50.582] [modloading-worker-0/INFO] [KubeJS Startup/]: example.js#5: Hello, World! (Loaded startup scripts)
[19Dec2025 00:54:50.584] [modloading-worker-0/INFO] [KubeJS Startup/]: Loaded script startup_scripts:example.js in 0.11 s
[19Dec2025 00:54:50.588] [modloading-worker-0/INFO] [KubeJS Startup/]: Loaded 1/1 KubeJS startup scripts in 0.469 s
[19Dec2025 00:54:50.616] [modloading-worker-0/DEBUG] [net.minecraftforge.fml.config.ConfigTracker/CONFIG]: Config file endofherobrine-client.toml for endofherobrine tracking
[19Dec2025 00:54:50.618] [modloading-worker-0/DEBUG] [net.minecraftforge.fml.config.ConfigTracker/CONFIG]: Config file endofherobrine-common.toml for endofherobrine tracking
[19Dec2025 00:54:50.618] [modloading-worker-0/DEBUG] [net.minecraftforge.fml.config.ConfigTracker/CONFIG]: Config file endofherobrine-server.toml for endofherobrine tracking
[19Dec2025 00:54:50.622] [modloading-worker-0/DEBUG] [net.minecraftforge.fml.javafmlmod.AutomaticEventSubscriber/LOADING]: Attempting to inject @EventBusSubscriber classes into the eventbus for bwrtherain
[19Dec2025 00:54:50.623] [modloading-worker-0/DEBUG] [net.minecraftforge.fml.javafmlmod.AutomaticEventSubscriber/LOADING]: Auto-subscribing net.mcreator.btrv.procedures.VaporSpawnProcedureProcedure to FORGE
[19Dec2025 00:54:50.624] [modloading-worker-0/DEBUG] [net.minecraftforge.fml.javafmlmod.AutomaticEventSubscriber/LOADING]: Auto-subscribing net.mcreator.btrv.procedures.VaporDiedProcedure to FORGE
[19Dec2025 00:54:50.624] [modloading-worker-0/DEBUG] [net.minecraftforge.fml.javafmlmod.AutomaticEventSubscriber/LOADING]: Auto-subscribing net.mcreator.btrv.procedures.ValemSpawnProcedureProcedure to FORGE
[19Dec2025 00:54:50.628] [modloading-worker-0/DEBUG] [net.minecraftforge.fml.javafmlmod.AutomaticEventSubscriber/LOADING]: Auto-subscribing net.mcreator.btrv.procedures.ValemNoSleepProcedure to FORGE
[19Dec2025 00:54:50.631] [modloading-worker-0/DEBUG] [net.minecraftforge.fml.javafmlmod.AutomaticEventSubscriber/LOADING]: Auto-subscribing net.mcreator.btrv.procedures.ValemKillProcedure to FORGE
[19Dec2025 00:54:50.632] [modloading-worker-0/DEBUG] [net.minecraftforge.fml.javafmlmod.AutomaticEventSubscriber/LOADING]: Attempting to inject @EventBusSubscriber classes into the eventbus for endofherobrine
[19Dec2025 00:54:50.632] [modloading-worker-0/DEBUG] [net.minecraftforge.fml.javafmlmod.AutomaticEventSubscriber/LOADING]: Auto-subscribing net.mcreator.btrv.procedures.SkullChaseSoundProcedure to FORGE
[19Dec2025 00:54:50.632] [modloading-worker-0/DEBUG] [net.minecraftforge.fml.javafmlmod.AutomaticEventSubscriber/LOADING]: Auto-subscribing com.lgow.endofherobrine.world.spawner.SpawnEvents to FORGE
[19Dec2025 00:54:50.634] [modloading-worker-0/DEBUG] [net.minecraftforge.fml.javafmlmod.AutomaticEventSubscriber/LOADING]: Auto-subscribing com.lgow.endofherobrine.event.WrathHandler to FORGE
[19Dec2025 00:54:50.634] [modloading-worker-0/DEBUG] [net.minecraftforge.fml.javafmlmod.AutomaticEventSubscriber/LOADING]: Auto-subscribing com.lgow.endofherobrine.event.RandomEvents to FORGE
[19Dec2025 00:54:50.635] [modloading-worker-0/DEBUG] [net.minecraftforge.fml.javafmlmod.AutomaticEventSubscriber/LOADING]: Auto-subscribing com.lgow.endofherobrine.event.PossessionEvents to FORGE
[19Dec2025 00:54:50.635] [modloading-worker-0/DEBUG] [net.minecraftforge.fml.javafmlmod.AutomaticEventSubscriber/LOADING]: Auto-subscribing com.lgow.endofherobrine.event.NightmareEvents to FORGE
[19Dec2025 00:54:50.635] [modloading-worker-0/DEBUG] [net.minecraftforge.fml.javafmlmod.AutomaticEventSubscriber/LOADING]: Auto-subscribing com.lgow.endofherobrine.event.CommandEvents to FORGE
[19Dec2025 00:54:50.635] [modloading-worker-0/DEBUG] [net.minecraftforge.fml.javafmlmod.AutomaticEventSubscriber/LOADING]: Auto-subscribing net.mcreator.btrv.procedures.RoseDiedProcedure to FORGE
[19Dec2025 00:54:50.637] [modloading-worker-0/DEBUG] [net.minecraftforge.fml.javafmlmod.AutomaticEventSubscriber/LOADING]: Auto-subscribing com.lgow.endofherobrine.event.CapabilityEvents to FORGE
[19Dec2025 00:54:50.637] [modloading-worker-0/DEBUG] [net.minecraftforge.fml.javafmlmod.AutomaticEventSubscriber/LOADING]: Auto-subscribing net.mcreator.btrv.procedures.RoseAttacksProcedure to FORGE
[19Dec2025 00:54:50.639] [modloading-worker-0/DEBUG] [net.minecraftforge.fml.javafmlmod.AutomaticEventSubscriber/LOADING]: Auto-subscribing net.mcreator.btrv.procedures.ResetReqsProcedure to FORGE
[19Dec2025 00:54:50.640] [modloading-worker-0/DEBUG] [net.minecraftforge.fml.javafmlmod.AutomaticEventSubscriber/LOADING]: Auto-subscribing net.mcreator.btrv.procedures.ResetReqsAgainProcedure to FORGE
[19Dec2025 00:54:50.641] [modloading-worker-0/DEBUG] [net.minecraftforge.fml.javafmlmod.AutomaticEventSubscriber/LOADING]: Auto-subscribing net.mcreator.btrv.procedures.RemoveEffectsProcedure to FORGE
[19Dec2025 00:54:50.642] [modloading-worker-0/DEBUG] [net.minecraftforge.fml.javafmlmod.AutomaticEventSubscriber/LOADING]: Auto-subscribing net.mcreator.btrv.procedures.ActivateDeathScreenProcedure to FORGE
[19Dec2025 00:54:50.643] [modloading-worker-0/DEBUG] [net.minecraftforge.fml.javafmlmod.AutomaticEventSubscriber/LOADING]: Attempting to inject @EventBusSubscriber classes into the eventbus for ferritecore
[19Dec2025 00:54:50.644] [modloading-worker-0/DEBUG] [net.minecraftforge.fml.javafmlmod.AutomaticEventSubscriber/LOADING]: Attempting to inject @EventBusSubscriber classes into the eventbus for puzzleslib
[19Dec2025 00:54:50.645] [modloading-worker-0/DEBUG] [net.minecraftforge.fml.javafmlmod.AutomaticEventSubscriber/LOADING]: Auto-subscribing fuzs.puzzleslib.impl.PuzzlesLibForge to MOD
[19Dec2025 00:54:50.645] [modloading-worker-0/DEBUG] [net.minecraftforge.fml.javafmlmod.AutomaticEventSubscriber/LOADING]: Auto-subscribing net.mcreator.btrv.network.BwrtherainModVariables to MOD
[19Dec2025 00:54:50.646] [modloading-worker-0/INFO] [Puzzles Lib/]: Constructing common components for mod puzzleslib
[19Dec2025 00:54:50.647] [modloading-worker-0/DEBUG] [net.minecraftforge.fml.javafmlmod.AutomaticEventSubscriber/LOADING]: Auto-subscribing net.mcreator.btrv.network.BwrtherainModVariables$EventBusVariableHandlers to FORGE
[19Dec2025 00:54:50.650] [modloading-worker-0/DEBUG] [net.minecraftforge.fml.javafmlmod.AutomaticEventSubscriber/LOADING]: Auto-subscribing net.mcreator.btrv.init.EntityAnimationFactory to FORGE
[19Dec2025 00:54:50.650] [modloading-worker-0/DEBUG] [net.minecraftforge.fml.javafmlmod.AutomaticEventSubscriber/LOADING]: Auto-subscribing net.mcreator.btrv.init.BwrtherainModEntities to MOD
[19Dec2025 00:54:50.652] [modloading-worker-0/INFO] [dev.tonimatas.packetfixer.PacketFixer/]: Packet Fixer has been initialized successfully
[19Dec2025 00:54:50.652] [modloading-worker-0/DEBUG] [net.minecraftforge.fml.javafmlmod.AutomaticEventSubscriber/LOADING]: Attempting to inject @EventBusSubscriber classes into the eventbus for packetfixer
[19Dec2025 00:54:50.660] [modloading-worker-0/DEBUG] [net.minecraftforge.fml.config.ConfigTracker/CONFIG]: Config file cartoon_dweller-server.toml for cartoon_dweller tracking
[19Dec2025 00:54:50.664] [modloading-worker-0/DEBUG] [net.minecraftforge.fml.javafmlmod.AutomaticEventSubscriber/LOADING]: Attempting to inject @EventBusSubscriber classes into the eventbus for cartoon_dweller
[19Dec2025 00:54:50.664] [modloading-worker-0/DEBUG] [net.minecraftforge.fml.javafmlmod.AutomaticEventSubscriber/LOADING]: Auto-subscribing de.cadentem.cartoon_dweller.datagen.DataGen to MOD
[19Dec2025 00:54:50.668] [modloading-worker-0/DEBUG] [net.minecraftforge.fml.javafmlmod.AutomaticEventSubscriber/LOADING]: Auto-subscribing de.cadentem.cartoon_dweller.events.ForgeEvents to FORGE
[19Dec2025 00:54:50.669] [modloading-worker-0/INFO] [dev.architectury.networking.forge.NetworkManagerImpl/]: Registering C2S receiver with id kubejs:send_data_from_client
[19Dec2025 00:54:50.669] [modloading-worker-0/DEBUG] [net.minecraftforge.fml.javafmlmod.AutomaticEventSubscriber/LOADING]: Auto-subscribing de.cadentem.cartoon_dweller.events.ModEvents to MOD
[19Dec2025 00:54:50.673] [modloading-worker-0/INFO] [dev.architectury.networking.forge.NetworkManagerImpl/]: Registering C2S receiver with id kubejs:first_click
[19Dec2025 00:54:50.676] [modloading-worker-0/DEBUG] [net.minecraftforge.fml.javafmlmod.AutomaticEventSubscriber/LOADING]: Attempting to inject @EventBusSubscriber classes into the eventbus for chunksending
[19Dec2025 00:54:50.680] [modloading-worker-0/DEBUG] [net.minecraftforge.fml.config.ConfigTracker/CONFIG]: Config file responsive-shields.toml for responsiveshields tracking
[19Dec2025 00:54:50.680] [modloading-worker-0/DEBUG] [net.minecraftforge.fml.javafmlmod.AutomaticEventSubscriber/LOADING]: Attempting to inject @EventBusSubscriber classes into the eventbus for responsiveshields
[19Dec2025 00:54:50.680] [modloading-worker-0/DEBUG] [net.minecraftforge.fml.javafmlmod.AutomaticEventSubscriber/LOADING]: Attempting to inject @EventBusSubscriber classes into the eventbus for the_knocker
[19Dec2025 00:54:50.682] [modloading-worker-0/DEBUG] [net.minecraftforge.fml.javafmlmod.AutomaticEventSubscriber/LOADING]: Auto-subscribing net.mcreator.theknocker.procedures.RandomspawnProcedure to FORGE
[19Dec2025 00:54:50.682] [modloading-worker-0/DEBUG] [net.minecraftforge.fml.javafmlmod.AutomaticEventSubscriber/LOADING]: Attempting to inject @EventBusSubscriber classes into the eventbus for kubejs
[19Dec2025 00:54:50.683] [modloading-worker-0/DEBUG] [net.minecraftforge.fml.javafmlmod.AutomaticEventSubscriber/LOADING]: Auto-subscribing net.mcreator.theknocker.procedures.PlayertickProcedure to FORGE
[19Dec2025 00:54:50.686] [modloading-worker-0/DEBUG] [net.minecraftforge.fml.javafmlmod.AutomaticEventSubscriber/LOADING]: Auto-subscribing net.mcreator.theknocker.procedures.NightCounterProcedure to FORGE
[19Dec2025 00:54:50.687] [modloading-worker-0/DEBUG] [net.minecraftforge.fml.javafmlmod.AutomaticEventSubscriber/LOADING]: Auto-subscribing net.mcreator.theknocker.procedures.KnocksleepProcedure to FORGE
[19Dec2025 00:54:50.688] [modloading-worker-0/DEBUG] [net.minecraftforge.fml.javafmlmod.AutomaticEventSubscriber/LOADING]: Auto-subscribing net.mcreator.theknocker.procedures.KnockerDeathCounterProcedure to FORGE
[19Dec2025 00:54:50.689] [modloading-worker-0/DEBUG] [net.minecraftforge.fml.javafmlmod.AutomaticEventSubscriber/LOADING]: Auto-subscribing net.mcreator.theknocker.procedures.DespawnwhenkillProcedure to FORGE
[19Dec2025 00:54:50.690] [modloading-worker-0/DEBUG] [net.minecraftforge.fml.javafmlmod.AutomaticEventSubscriber/LOADING]: Auto-subscribing net.mcreator.theknocker.procedures.CansleepProcedure to FORGE
[19Dec2025 00:54:50.694] [modloading-worker-0/DEBUG] [net.minecraftforge.fml.javafmlmod.AutomaticEventSubscriber/LOADING]: Auto-subscribing net.mcreator.theknocker.network.TheKnockerModVariables to MOD
[19Dec2025 00:54:50.696] [modloading-worker-0/DEBUG] [net.minecraftforge.fml.javafmlmod.AutomaticEventSubscriber/LOADING]: Auto-subscribing net.mcreator.theknocker.network.TheKnockerModVariables$PlayerVariablesProvider to FORGE
[19Dec2025 00:54:50.698] [modloading-worker-0/DEBUG] [net.minecraftforge.fml.javafmlmod.AutomaticEventSubscriber/LOADING]: Auto-subscribing net.mcreator.theknocker.network.TheKnockerModVariables$EventBusVariableHandlers to FORGE
[19Dec2025 00:54:50.700] [modloading-worker-0/DEBUG] [net.minecraftforge.fml.javafmlmod.AutomaticEventSubscriber/LOADING]: Auto-subscribing net.mcreator.theknocker.init.TheKnockerModEntities to MOD
[19Dec2025 00:54:50.701] [modloading-worker-0/DEBUG] [net.minecraftforge.fml.javafmlmod.AutomaticEventSubscriber/LOADING]: Auto-subscribing net.mcreator.theknocker.init.TheKnockerModConfigs to MOD
[19Dec2025 00:54:50.702] [modloading-worker-0/DEBUG] [net.minecraftforge.fml.javafmlmod.AutomaticEventSubscriber/LOADING]: Auto-subscribing net.mcreator.theknocker.command.KnockercommandCommand to FORGE
[19Dec2025 00:54:50.776] [modloading-worker-0/DEBUG] [net.minecraftforge.fml.javafmlmod.AutomaticEventSubscriber/LOADING]: Attempting to inject @EventBusSubscriber classes into the eventbus for majruszlibrary
[19Dec2025 00:54:50.776] [modloading-worker-0/DEBUG] [net.minecraftforge.fml.javafmlmod.AutomaticEventSubscriber/LOADING]: Auto-subscribing com.majruszlibrary.events.OnEnderManAngeredForge to FORGE
[19Dec2025 00:54:50.777] [modloading-worker-0/DEBUG] [net.minecraftforge.fml.javafmlmod.AutomaticEventSubscriber/LOADING]: Auto-subscribing com.majruszlibrary.events.OnBreakSpeedGetForge to FORGE
[19Dec2025 00:54:50.791] [main/DEBUG] [net.minecraftforge.fml.DeferredWorkQueue/LOADING]: Dispatching synchronous work for work queue CONSTRUCT: 4 jobs
[19Dec2025 00:54:50.793] [main/DEBUG] [net.minecraftforge.fml.config.ConfigTracker/CONFIG]: Config file man.toml for man tracking
[19Dec2025 00:54:50.794] [main/DEBUG] [net.minecraftforge.fml.config.ConfigTracker/CONFIG]: Config file ArPhEx Configurations.toml for arphex tracking
[19Dec2025 00:54:50.794] [main/DEBUG] [net.minecraftforge.fml.config.ConfigTracker/CONFIG]: Config file True Herobrine.toml for true_herobrine tracking
[19Dec2025 00:54:50.795] [main/DEBUG] [net.minecraftforge.fml.config.ConfigTracker/CONFIG]: Config file knocker.toml for the_knocker tracking
[19Dec2025 00:54:50.795] [main/DEBUG] [net.minecraftforge.fml.DeferredWorkQueue/LOADING]: Synchronous work queue completed in 3.599 ms
[19Dec2025 00:54:50.920] [main/DEBUG] [SpectreLib/CONFIG]: Loading default configs
[19Dec2025 00:54:50.922] [main/DEBUG] [SpectreLib/]: Loaded com.illusivesoulworks.spectrelib.platform.ForgeConfigHelper@34327638 for service interface com.illusivesoulworks.spectrelib.platform.services.IConfigHelper
[19Dec2025 00:54:50.922] [main/DEBUG] [SpectreLib/CONFIG]: Found existing directory : /workspaces/symmetrical-octo-engine/servidor_minecraft/localconfigs
[19Dec2025 00:54:50.923] [main/DEBUG] [SpectreLib/CONFIG]: Loading local configs from /workspaces/symmetrical-octo-engine/servidor_minecraft/localconfigs
[19Dec2025 00:54:50.950] [main/DEBUG] [net.minecraftforge.common.capabilities.CapabilityManager/CAPABILITIES]: Attempting to automatically register: Lcom/lgow/endofherobrine/capability/Wrath;
[19Dec2025 00:54:50.951] [main/DEBUG] [net.minecraftforge.common.capabilities.CapabilityManager/CAPABILITIES]: Attempting to automatically register: Lnet/minecraftforge/energy/IEnergyStorage;
[19Dec2025 00:54:50.951] [main/DEBUG] [net.minecraftforge.common.capabilities.CapabilityManager/CAPABILITIES]: Attempting to automatically register: Lnet/minecraftforge/fluids/capability/IFluidHandler;
[19Dec2025 00:54:50.951] [main/DEBUG] [net.minecraftforge.common.capabilities.CapabilityManager/CAPABILITIES]: Attempting to automatically register: Lnet/minecraftforge/fluids/capability/IFluidHandlerItem;
[19Dec2025 00:54:50.951] [main/DEBUG] [net.minecraftforge.common.capabilities.CapabilityManager/CAPABILITIES]: Attempting to automatically register: Lnet/minecraftforge/items/IItemHandler;
[19Dec2025 00:54:51.248] [main/DEBUG] [mixin/]: Mixing perf.dynamic_dfu.DataFixersMixin from modernfix-common.mixins.json into net.minecraft.util.datafix.DataFixers
[19Dec2025 00:54:51.314] [main/INFO] [ModernFix/]: Bypassed Mojang DFU
[19Dec2025 00:54:51.314] [main/INFO] [ModernFix/]: Instantiating Mojang DFU
[19Dec2025 00:54:51.741] [main/INFO] [net.minecraft.util.datafix.DataFixers/]: Building unoptimized datafixer
[19Dec2025 00:54:51.838] [main/DEBUG] [placebo/]: Registered 0 recipe types.
[19Dec2025 00:54:51.866] [main/DEBUG] [mixin/]: Mixing IngredientsWithChildrenMixin from kubejs-forge.mixins.json into net.minecraftforge.common.crafting.IntersectionIngredient
[19Dec2025 00:54:52.000] [main/DEBUG] [mixin/]: Mixing MixinRaid from majruszlibrary-common.mixins.json into net.minecraft.world.entity.raid.Raid
[19Dec2025 00:54:52.000] [main/DEBUG] [mixin/]: Mixing ai.raid.RaidMixin from canary.mixins.json into net.minecraft.world.entity.raid.Raid
[19Dec2025 00:54:52.017] [main/DEBUG] [mixin/]: Mixing MixinInventoryMenu from majruszlibrary-common.mixins.json into net.minecraft.world.inventory.InventoryMenu
[19Dec2025 00:54:52.018] [main/DEBUG] [mixin/]: Mixing AccessorInventoryMenu from polymorph.mixins.json into net.minecraft.world.inventory.InventoryMenu
[19Dec2025 00:54:52.056] [main/DEBUG] [mixin/]: Mixing IMixinSpawnPlacements from majruszlibrary-common.mixins.json into net.minecraft.world.entity.SpawnPlacements
[19Dec2025 00:54:52.056] [main/DEBUG] [mixin/]: Renaming @Invoker method register(Lnet/minecraft/world/entity/EntityType;Lnet/minecraft/world/entity/SpawnPlacements$Type;Lnet/minecraft/world/level/levelgen/Heightmap$Types;Lnet/minecraft/world/entity/SpawnPlacements$SpawnPredicate;)V to register_$md$3c33d9$0 in majruszlibrary-common.mixins.json:IMixinSpawnPlacements
[19Dec2025 00:54:52.070] [main/DEBUG] [net.minecraftforge.fml.config.ConfigTracker/CONFIG]: Loading configs type COMMON
[19Dec2025 00:54:52.071] [main/DEBUG] [net.minecraftforge.fml.config.ConfigFileTypeHandler/CONFIG]: Built TOML config for /workspaces/symmetrical-octo-engine/servidor_minecraft/config/modernfix-common.toml
[19Dec2025 00:54:52.071] [main/DEBUG] [net.minecraftforge.fml.config.ConfigFileTypeHandler/CONFIG]: Loaded TOML config file /workspaces/symmetrical-octo-engine/servidor_minecraft/config/modernfix-common.toml
[19Dec2025 00:54:52.072] [main/DEBUG] [net.minecraftforge.fml.config.ConfigFileTypeHandler/CONFIG]: Watching TOML config file /workspaces/symmetrical-octo-engine/servidor_minecraft/config/modernfix-common.toml for changes
[19Dec2025 00:54:52.073] [main/DEBUG] [net.minecraftforge.fml.config.ConfigFileTypeHandler/CONFIG]: Built TOML config for /workspaces/symmetrical-octo-engine/servidor_minecraft/config/insanelib-common.toml
[19Dec2025 00:54:52.074] [main/DEBUG] [net.minecraftforge.fml.config.ConfigFileTypeHandler/CONFIG]: Loaded TOML config file /workspaces/symmetrical-octo-engine/servidor_minecraft/config/insanelib-common.toml
[19Dec2025 00:54:52.074] [main/DEBUG] [net.minecraftforge.fml.config.ConfigFileTypeHandler/CONFIG]: Watching TOML config file /workspaces/symmetrical-octo-engine/servidor_minecraft/config/insanelib-common.toml for changes
[19Dec2025 00:54:52.075] [main/DEBUG] [net.minecraftforge.fml.config.ConfigFileTypeHandler/CONFIG]: Built TOML config for /workspaces/symmetrical-octo-engine/servidor_minecraft/config/zombieawareness/General.toml
[19Dec2025 00:54:52.076] [main/DEBUG] [net.minecraftforge.fml.config.ConfigFileTypeHandler/CONFIG]: Loaded TOML config file /workspaces/symmetrical-octo-engine/servidor_minecraft/config/zombieawareness/General.toml
[19Dec2025 00:54:52.079] [main/DEBUG] [net.minecraftforge.fml.config.ConfigFileTypeHandler/CONFIG]: Watching TOML config file /workspaces/symmetrical-octo-engine/servidor_minecraft/config/zombieawareness/General.toml for changes
[19Dec2025 00:54:52.081] [main/DEBUG] [net.minecraftforge.fml.config.ConfigFileTypeHandler/CONFIG]: Built TOML config for /workspaces/symmetrical-octo-engine/servidor_minecraft/config/zombieawareness/ClientConfig.toml
[19Dec2025 00:54:52.081] [main/DEBUG] [net.minecraftforge.fml.config.ConfigFileTypeHandler/CONFIG]: Loaded TOML config file /workspaces/symmetrical-octo-engine/servidor_minecraft/config/zombieawareness/ClientConfig.toml
[19Dec2025 00:54:52.082] [main/DEBUG] [net.minecraftforge.fml.config.ConfigFileTypeHandler/CONFIG]: Watching TOML config file /workspaces/symmetrical-octo-engine/servidor_minecraft/config/zombieawareness/ClientConfig.toml for changes
[19Dec2025 00:54:52.082] [main/DEBUG] [net.minecraftforge.fml.config.ConfigFileTypeHandler/CONFIG]: Built TOML config for /workspaces/symmetrical-octo-engine/servidor_minecraft/config/zombieawareness/Features.toml
[19Dec2025 00:54:52.083] [main/DEBUG] [net.minecraftforge.fml.config.ConfigFileTypeHandler/CONFIG]: Loaded TOML config file /workspaces/symmetrical-octo-engine/servidor_minecraft/config/zombieawareness/Features.toml
[19Dec2025 00:54:52.083] [main/DEBUG] [net.minecraftforge.fml.config.ConfigFileTypeHandler/CONFIG]: Watching TOML config file /workspaces/symmetrical-octo-engine/servidor_minecraft/config/zombieawareness/Features.toml for changes
[19Dec2025 00:54:52.084] [main/DEBUG] [net.minecraftforge.fml.config.ConfigFileTypeHandler/CONFIG]: Built TOML config for /workspaces/symmetrical-octo-engine/servidor_minecraft/config/zombieawareness/MobLists.toml
[19Dec2025 00:54:52.084] [main/DEBUG] [net.minecraftforge.fml.config.ConfigFileTypeHandler/CONFIG]: Loaded TOML config file /workspaces/symmetrical-octo-engine/servidor_minecraft/config/zombieawareness/MobLists.toml
[19Dec2025 00:54:52.085] [main/DEBUG] [net.minecraftforge.fml.config.ConfigFileTypeHandler/CONFIG]: Watching TOML config file /workspaces/symmetrical-octo-engine/servidor_minecraft/config/zombieawareness/MobLists.toml for changes
[19Dec2025 00:54:52.088] [main/DEBUG] [net.minecraftforge.fml.config.ConfigFileTypeHandler/CONFIG]: Built TOML config for /workspaces/symmetrical-octo-engine/servidor_minecraft/config/zombieawareness/PlayerRulesAndLists.toml
[19Dec2025 00:54:52.089] [main/DEBUG] [net.minecraftforge.fml.config.ConfigFileTypeHandler/CONFIG]: Loaded TOML config file /workspaces/symmetrical-octo-engine/servidor_minecraft/config/zombieawareness/PlayerRulesAndLists.toml
[19Dec2025 00:54:52.089] [main/DEBUG] [net.minecraftforge.fml.config.ConfigFileTypeHandler/CONFIG]: Watching TOML config file /workspaces/symmetrical-octo-engine/servidor_minecraft/config/zombieawareness/PlayerRulesAndLists.toml for changes
[19Dec2025 00:54:52.090] [main/DEBUG] [net.minecraftforge.fml.config.ConfigFileTypeHandler/CONFIG]: Built TOML config for /workspaces/symmetrical-octo-engine/servidor_minecraft/config/bcc-common.toml
[19Dec2025 00:54:52.090] [main/DEBUG] [net.minecraftforge.fml.config.ConfigFileTypeHandler/CONFIG]: Loaded TOML config file /workspaces/symmetrical-octo-engine/servidor_minecraft/config/bcc-common.toml
[19Dec2025 00:54:52.090] [main/DEBUG] [net.minecraftforge.fml.config.ConfigFileTypeHandler/CONFIG]: Watching TOML config file /workspaces/symmetrical-octo-engine/servidor_minecraft/config/bcc-common.toml for changes
[19Dec2025 00:54:52.091] [main/DEBUG] [net.minecraftforge.fml.config.ConfigFileTypeHandler/CONFIG]: Built TOML config for /workspaces/symmetrical-octo-engine/servidor_minecraft/config/rightclickharvest.toml
[19Dec2025 00:54:52.091] [main/DEBUG] [net.minecraftforge.fml.config.ConfigFileTypeHandler/CONFIG]: Loaded TOML config file /workspaces/symmetrical-octo-engine/servidor_minecraft/config/rightclickharvest.toml
[19Dec2025 00:54:52.091] [main/DEBUG] [net.minecraftforge.fml.config.ConfigFileTypeHandler/CONFIG]: Watching TOML config file /workspaces/symmetrical-octo-engine/servidor_minecraft/config/rightclickharvest.toml for changes
[19Dec2025 00:54:52.092] [main/DEBUG] [net.minecraftforge.fml.config.ConfigFileTypeHandler/CONFIG]: Built TOML config for /workspaces/symmetrical-octo-engine/servidor_minecraft/config/ZombiesReworked-data.toml
[19Dec2025 00:54:52.092] [main/DEBUG] [net.minecraftforge.fml.config.ConfigFileTypeHandler/CONFIG]: Loaded TOML config file /workspaces/symmetrical-octo-engine/servidor_minecraft/config/ZombiesReworked-data.toml
[19Dec2025 00:54:52.092] [main/DEBUG] [net.minecraftforge.fml.config.ConfigFileTypeHandler/CONFIG]: Watching TOML config file /workspaces/symmetrical-octo-engine/servidor_minecraft/config/ZombiesReworked-data.toml for changes
[19Dec2025 00:54:52.093] [main/DEBUG] [net.minecraftforge.fml.config.ConfigFileTypeHandler/CONFIG]: Built TOML config for /workspaces/symmetrical-octo-engine/servidor_minecraft/config/ZombiesReworked-config.toml
[19Dec2025 00:54:52.093] [main/DEBUG] [net.minecraftforge.fml.config.ConfigFileTypeHandler/CONFIG]: Loaded TOML config file /workspaces/symmetrical-octo-engine/servidor_minecraft/config/ZombiesReworked-config.toml
[19Dec2025 00:54:52.093] [main/DEBUG] [net.minecraftforge.fml.config.ConfigFileTypeHandler/CONFIG]: Watching TOML config file /workspaces/symmetrical-octo-engine/servidor_minecraft/config/ZombiesReworked-config.toml for changes
[19Dec2025 00:54:52.094] [main/DEBUG] [net.minecraftforge.fml.config.ConfigFileTypeHandler/CONFIG]: Built TOML config for /workspaces/symmetrical-octo-engine/servidor_minecraft/config/enhancedai-common.toml
[19Dec2025 00:54:52.096] [main/DEBUG] [net.minecraftforge.fml.config.ConfigFileTypeHandler/CONFIG]: Loaded TOML config file /workspaces/symmetrical-octo-engine/servidor_minecraft/config/enhancedai-common.toml
[19Dec2025 00:54:52.096] [main/DEBUG] [net.minecraftforge.fml.config.ConfigFileTypeHandler/CONFIG]: Watching TOML config file /workspaces/symmetrical-octo-engine/servidor_minecraft/config/enhancedai-common.toml for changes
[19Dec2025 00:54:52.104] [main/DEBUG] [net.minecraftforge.fml.config.ConfigFileTypeHandler/CONFIG]: Built TOML config for /workspaces/symmetrical-octo-engine/servidor_minecraft/config/spiders-2.0.toml
[19Dec2025 00:54:52.104] [main/DEBUG] [net.minecraftforge.fml.config.ConfigFileTypeHandler/CONFIG]: Loaded TOML config file /workspaces/symmetrical-octo-engine/servidor_minecraft/config/spiders-2.0.toml
[19Dec2025 00:54:52.104] [main/DEBUG] [net.minecraftforge.fml.config.ConfigFileTypeHandler/CONFIG]: Watching TOML config file /workspaces/symmetrical-octo-engine/servidor_minecraft/config/spiders-2.0.toml for changes
[19Dec2025 00:54:52.104] [main/DEBUG] [net.minecraftforge.fml.config.ConfigFileTypeHandler/CONFIG]: Built TOML config for /workspaces/symmetrical-octo-engine/servidor_minecraft/config/watut-common.toml
[19Dec2025 00:54:52.105] [main/DEBUG] [net.minecraftforge.fml.config.ConfigFileTypeHandler/CONFIG]: Loaded TOML config file /workspaces/symmetrical-octo-engine/servidor_minecraft/config/watut-common.toml
[19Dec2025 00:54:52.105] [main/DEBUG] [net.minecraftforge.fml.config.ConfigFileTypeHandler/CONFIG]: Watching TOML config file /workspaces/symmetrical-octo-engine/servidor_minecraft/config/watut-common.toml for changes
[19Dec2025 00:54:52.105] [main/DEBUG] [net.minecraftforge.fml.config.ConfigFileTypeHandler/CONFIG]: Built TOML config for /workspaces/symmetrical-octo-engine/servidor_minecraft/config/watut-client.toml
[19Dec2025 00:54:52.106] [main/DEBUG] [net.minecraftforge.fml.config.ConfigFileTypeHandler/CONFIG]: Loaded TOML config file /workspaces/symmetrical-octo-engine/servidor_minecraft/config/watut-client.toml
[19Dec2025 00:54:52.106] [main/DEBUG] [net.minecraftforge.fml.config.ConfigFileTypeHandler/CONFIG]: Watching TOML config file /workspaces/symmetrical-octo-engine/servidor_minecraft/config/watut-client.toml for changes
[19Dec2025 00:54:52.106] [main/DEBUG] [net.minecraftforge.fml.config.ConfigFileTypeHandler/CONFIG]: Built TOML config for /workspaces/symmetrical-octo-engine/servidor_minecraft/config/forge-common.toml
[19Dec2025 00:54:52.107] [main/DEBUG] [net.minecraftforge.fml.config.ConfigFileTypeHandler/CONFIG]: Loaded TOML config file /workspaces/symmetrical-octo-engine/servidor_minecraft/config/forge-common.toml
[19Dec2025 00:54:52.107] [main/DEBUG] [net.minecraftforge.fml.config.ConfigFileTypeHandler/CONFIG]: Watching TOML config file /workspaces/symmetrical-octo-engine/servidor_minecraft/config/forge-common.toml for changes
[19Dec2025 00:54:52.107] [main/DEBUG] [net.minecraftforge.common.ForgeConfig/FORGEMOD]: Loaded forge config file forge-common.toml
[19Dec2025 00:54:52.107] [main/DEBUG] [net.minecraftforge.fml.config.ConfigFileTypeHandler/CONFIG]: Built TOML config for /workspaces/symmetrical-octo-engine/servidor_minecraft/config/logbegone.toml
[19Dec2025 00:54:52.107] [main/DEBUG] [net.minecraftforge.fml.config.ConfigFileTypeHandler/CONFIG]: Loaded TOML config file /workspaces/symmetrical-octo-engine/servidor_minecraft/config/logbegone.toml
[19Dec2025 00:54:52.108] [main/DEBUG] [net.minecraftforge.fml.config.ConfigFileTypeHandler/CONFIG]: Watching TOML config file /workspaces/symmetrical-octo-engine/servidor_minecraft/config/logbegone.toml for changes
[19Dec2025 00:54:52.108] [main/DEBUG] [net.minecraftforge.fml.config.ConfigFileTypeHandler/CONFIG]: Built TOML config for /workspaces/symmetrical-octo-engine/servidor_minecraft/config/craftingtweaks-common.toml
[19Dec2025 00:54:52.108] [main/DEBUG] [net.minecraftforge.fml.config.ConfigFileTypeHandler/CONFIG]: Loaded TOML config file /workspaces/symmetrical-octo-engine/servidor_minecraft/config/craftingtweaks-common.toml
[19Dec2025 00:54:52.108] [main/DEBUG] [net.minecraftforge.fml.config.ConfigFileTypeHandler/CONFIG]: Watching TOML config file /workspaces/symmetrical-octo-engine/servidor_minecraft/config/craftingtweaks-common.toml for changes
[19Dec2025 00:54:52.109] [main/DEBUG] [net.minecraftforge.fml.config.ConfigFileTypeHandler/CONFIG]: Built TOML config for /workspaces/symmetrical-octo-engine/servidor_minecraft/config/realistictorches-common.toml
[19Dec2025 00:54:52.109] [main/DEBUG] [net.minecraftforge.fml.config.ConfigFileTypeHandler/CONFIG]: Loaded TOML config file /workspaces/symmetrical-octo-engine/servidor_minecraft/config/realistictorches-common.toml
[19Dec2025 00:54:52.110] [main/DEBUG] [net.minecraftforge.fml.config.ConfigFileTypeHandler/CONFIG]: Watching TOML config file /workspaces/symmetrical-octo-engine/servidor_minecraft/config/realistictorches-common.toml for changes
[19Dec2025 00:54:52.110] [main/DEBUG] [net.minecraftforge.fml.config.ConfigFileTypeHandler/CONFIG]: Built TOML config for /workspaces/symmetrical-octo-engine/servidor_minecraft/config/logprot-common.toml
[19Dec2025 00:54:52.110] [main/DEBUG] [net.minecraftforge.fml.config.ConfigFileTypeHandler/CONFIG]: Loaded TOML config file /workspaces/symmetrical-octo-engine/servidor_minecraft/config/logprot-common.toml
[19Dec2025 00:54:52.110] [main/DEBUG] [net.minecraftforge.fml.config.ConfigFileTypeHandler/CONFIG]: Watching TOML config file /workspaces/symmetrical-octo-engine/servidor_minecraft/config/logprot-common.toml for changes
[19Dec2025 00:54:52.111] [main/DEBUG] [net.minecraftforge.fml.config.ConfigFileTypeHandler/CONFIG]: Built TOML config for /workspaces/symmetrical-octo-engine/servidor_minecraft/config/simplebackups-common.toml
[19Dec2025 00:54:52.111] [main/DEBUG] [net.minecraftforge.fml.config.ConfigFileTypeHandler/CONFIG]: Loaded TOML config file /workspaces/symmetrical-octo-engine/servidor_minecraft/config/simplebackups-common.toml
[19Dec2025 00:54:52.111] [main/DEBUG] [net.minecraftforge.fml.config.ConfigFileTypeHandler/CONFIG]: Watching TOML config file /workspaces/symmetrical-octo-engine/servidor_minecraft/config/simplebackups-common.toml for changes
[19Dec2025 00:54:52.112] [main/DEBUG] [net.minecraftforge.fml.config.ConfigFileTypeHandler/CONFIG]: Built TOML config for /workspaces/symmetrical-octo-engine/servidor_minecraft/config/fastpaintings-common.toml
[19Dec2025 00:54:52.112] [main/DEBUG] [net.minecraftforge.fml.config.ConfigFileTypeHandler/CONFIG]: Loaded TOML config file /workspaces/symmetrical-octo-engine/servidor_minecraft/config/fastpaintings-common.toml
[19Dec2025 00:54:52.112] [main/DEBUG] [net.minecraftforge.fml.config.ConfigFileTypeHandler/CONFIG]: Watching TOML config file /workspaces/symmetrical-octo-engine/servidor_minecraft/config/fastpaintings-common.toml for changes
[19Dec2025 00:54:52.113] [main/DEBUG] [net.minecraftforge.fml.config.ConfigFileTypeHandler/CONFIG]: Built TOML config for /workspaces/symmetrical-octo-engine/servidor_minecraft/config/spartanshields-common.toml
[19Dec2025 00:54:52.113] [main/DEBUG] [net.minecraftforge.fml.config.ConfigFileTypeHandler/CONFIG]: Loaded TOML config file /workspaces/symmetrical-octo-engine/servidor_minecraft/config/spartanshields-common.toml
[19Dec2025 00:54:52.114] [main/DEBUG] [net.minecraftforge.fml.config.ConfigFileTypeHandler/CONFIG]: Watching TOML config file /workspaces/symmetrical-octo-engine/servidor_minecraft/config/spartanshields-common.toml for changes
[19Dec2025 00:54:52.114] [main/INFO] [Spartan Shields/]: Loading config spartanshields-common.toml
[19Dec2025 00:54:52.114] [main/DEBUG] [Spartan Shields/]: Reloading durability values for Shields!
[19Dec2025 00:54:52.115] [main/DEBUG] [net.minecraftforge.fml.config.ConfigFileTypeHandler/CONFIG]: Built TOML config for /workspaces/symmetrical-octo-engine/servidor_minecraft/config/mobsunscreen-common.toml
[19Dec2025 00:54:52.116] [main/DEBUG] [net.minecraftforge.fml.config.ConfigFileTypeHandler/CONFIG]: Loaded TOML config file /workspaces/symmetrical-octo-engine/servidor_minecraft/config/mobsunscreen-common.toml
[19Dec2025 00:54:52.116] [main/DEBUG] [net.minecraftforge.fml.config.ConfigFileTypeHandler/CONFIG]: Watching TOML config file /workspaces/symmetrical-octo-engine/servidor_minecraft/config/mobsunscreen-common.toml for changes
[19Dec2025 00:54:52.116] [main/DEBUG] [net.minecraftforge.fml.config.ConfigFileTypeHandler/CONFIG]: Built TOML config for /workspaces/symmetrical-octo-engine/servidor_minecraft/config/CoroUtil/General.toml
[19Dec2025 00:54:52.116] [main/DEBUG] [net.minecraftforge.fml.config.ConfigFileTypeHandler/CONFIG]: Loaded TOML config file /workspaces/symmetrical-octo-engine/servidor_minecraft/config/CoroUtil/General.toml
[19Dec2025 00:54:52.117] [main/DEBUG] [net.minecraftforge.fml.config.ConfigFileTypeHandler/CONFIG]: Watching TOML config file /workspaces/symmetrical-octo-engine/servidor_minecraft/config/CoroUtil/General.toml for changes
[19Dec2025 00:54:52.117] [main/DEBUG] [net.minecraftforge.fml.config.ConfigFileTypeHandler/CONFIG]: Built TOML config for /workspaces/symmetrical-octo-engine/servidor_minecraft/config/endofherobrine-common.toml
[19Dec2025 00:54:52.117] [main/DEBUG] [net.minecraftforge.fml.config.ConfigFileTypeHandler/CONFIG]: Loaded TOML config file /workspaces/symmetrical-octo-engine/servidor_minecraft/config/endofherobrine-common.toml
[19Dec2025 00:54:52.118] [main/DEBUG] [net.minecraftforge.fml.config.ConfigFileTypeHandler/CONFIG]: Watching TOML config file /workspaces/symmetrical-octo-engine/servidor_minecraft/config/endofherobrine-common.toml for changes
[19Dec2025 00:54:52.118] [main/DEBUG] [net.minecraftforge.fml.config.ConfigFileTypeHandler/CONFIG]: Built TOML config for /workspaces/symmetrical-octo-engine/servidor_minecraft/config/responsive-shields.toml
[19Dec2025 00:54:52.118] [main/DEBUG] [net.minecraftforge.fml.config.ConfigFileTypeHandler/CONFIG]: Loaded TOML config file /workspaces/symmetrical-octo-engine/servidor_minecraft/config/responsive-shields.toml
[19Dec2025 00:54:52.118] [main/DEBUG] [net.minecraftforge.fml.config.ConfigFileTypeHandler/CONFIG]: Watching TOML config file /workspaces/symmetrical-octo-engine/servidor_minecraft/config/responsive-shields.toml for changes
[19Dec2025 00:54:52.119] [main/DEBUG] [net.minecraftforge.fml.config.ConfigFileTypeHandler/CONFIG]: Built TOML config for /workspaces/symmetrical-octo-engine/servidor_minecraft/config/man.toml
[19Dec2025 00:54:52.119] [main/DEBUG] [net.minecraftforge.fml.config.ConfigFileTypeHandler/CONFIG]: Loaded TOML config file /workspaces/symmetrical-octo-engine/servidor_minecraft/config/man.toml
[19Dec2025 00:54:52.119] [main/DEBUG] [net.minecraftforge.fml.config.ConfigFileTypeHandler/CONFIG]: Watching TOML config file /workspaces/symmetrical-octo-engine/servidor_minecraft/config/man.toml for changes
[19Dec2025 00:54:52.120] [main/DEBUG] [net.minecraftforge.fml.config.ConfigFileTypeHandler/CONFIG]: Built TOML config for /workspaces/symmetrical-octo-engine/servidor_minecraft/config/ArPhEx Configurations.toml
[19Dec2025 00:54:52.120] [main/DEBUG] [net.minecraftforge.fml.config.ConfigFileTypeHandler/CONFIG]: Loaded TOML config file /workspaces/symmetrical-octo-engine/servidor_minecraft/config/ArPhEx Configurations.toml
[19Dec2025 00:54:52.120] [main/DEBUG] [net.minecraftforge.fml.config.ConfigFileTypeHandler/CONFIG]: Watching TOML config file /workspaces/symmetrical-octo-engine/servidor_minecraft/config/ArPhEx Configurations.toml for changes
[19Dec2025 00:54:52.120] [main/DEBUG] [net.minecraftforge.fml.config.ConfigFileTypeHandler/CONFIG]: Built TOML config for /workspaces/symmetrical-octo-engine/servidor_minecraft/config/True Herobrine.toml
[19Dec2025 00:54:52.121] [main/DEBUG] [net.minecraftforge.fml.config.ConfigFileTypeHandler/CONFIG]: Loaded TOML config file /workspaces/symmetrical-octo-engine/servidor_minecraft/config/True Herobrine.toml
[19Dec2025 00:54:52.121] [main/DEBUG] [net.minecraftforge.fml.config.ConfigFileTypeHandler/CONFIG]: Watching TOML config file /workspaces/symmetrical-octo-engine/servidor_minecraft/config/True Herobrine.toml for changes
[19Dec2025 00:54:52.121] [main/DEBUG] [net.minecraftforge.fml.config.ConfigFileTypeHandler/CONFIG]: Built TOML config for /workspaces/symmetrical-octo-engine/servidor_minecraft/config/knocker.toml
[19Dec2025 00:54:52.121] [main/DEBUG] [net.minecraftforge.fml.config.ConfigFileTypeHandler/CONFIG]: Loaded TOML config file /workspaces/symmetrical-octo-engine/servidor_minecraft/config/knocker.toml
[19Dec2025 00:54:52.122] [main/DEBUG] [net.minecraftforge.fml.config.ConfigFileTypeHandler/CONFIG]: Watching TOML config file /workspaces/symmetrical-octo-engine/servidor_minecraft/config/knocker.toml for changes
[19Dec2025 00:54:52.124] [modloading-worker-0/INFO] [com.connectivity.Connectivity/]: Connectivity initialized
[19Dec2025 00:54:52.131] [modloading-worker-0/DEBUG] [ModernFix/]: Cleared 1192 object holder stacktrace references
[19Dec2025 00:54:52.131] [modloading-worker-0/INFO] [necronomicon/]: File exists, reading config for elocindev.item_obliterator.forge.config.ConfigEntries.
[19Dec2025 00:54:52.132] [modloading-worker-0/INFO] [io.github.jamalam360.rightclickharvest.RightClickHarvestModInit/]: Initialized
[19Dec2025 00:54:52.131] [modloading-worker-0/INFO] [dev.wuffs.bcc.BCC/]: Better Compatibility Checker setting up
[19Dec2025 00:54:52.137] [modloading-worker-0/INFO] [necronomicon/]: Config for elocindev.item_obliterator.forge.config.ConfigEntries read successfully.
[19Dec2025 00:54:52.149] [modloading-worker-0/INFO] [elocindev.item_obliterator.forge.ItemObliterator/]: Loaded Item Obliterator Config
[19Dec2025 00:54:52.164] [modloading-worker-0/INFO] [com.logprot.Logprot/]: Shields up!
[19Dec2025 00:54:52.165] [modloading-worker-0/INFO] [necronomicon/]: Necronomicon Initialized
[19Dec2025 00:54:52.166] [modloading-worker-0/INFO] [necronomicon/]: File exists, reading config for elocindev.necronomicon.NecronomiconConfig.
[19Dec2025 00:54:52.167] [modloading-worker-0/INFO] [studio.lunareclipse.watching.Init/]: From The Fog Loaded Successfully!
[19Dec2025 00:54:52.169] [modloading-worker-0/INFO] [Spartan Shields/]: Setting up Spartan Shields!
[19Dec2025 00:54:52.170] [modloading-worker-0/DEBUG] [mixin/]: Mixing MixinPolymorphApi from polymorph.mixins.json into com.illusivesoulworks.polymorph.api.PolymorphApi
[19Dec2025 00:54:52.170] [modloading-worker-0/INFO] [com.betterchunkloading.BetterChunkLoading/]: betterchunkloading mod initialized
[19Dec2025 00:54:52.181] [modloading-worker-0/INFO] [com.chunksending.ChunkSending/]: chunksending mod initialized
[19Dec2025 00:54:52.197] [modloading-worker-0/INFO] [necronomicon/]: Config for elocindev.necronomicon.NecronomiconConfig read successfully.
[19Dec2025 00:54:52.253] [Forge Version Check/INFO] [net.minecraftforge.fml.VersionChecker/]: [advancementplaques] Starting version check at https://mc-update-check.anthonyhilyard.com/499826
[19Dec2025 00:54:52.277] [main/DEBUG] [net.minecraftforge.fml.DeferredWorkQueue/LOADING]: Dispatching synchronous work for work queue COMMON_SETUP: 27 jobs
[19Dec2025 00:54:52.317] [main/INFO] [moonlight/]: Initialized color sets in 24ms
[19Dec2025 00:54:52.342] [main/INFO] [moonlight/]: Initialized color sets in 24ms
[19Dec2025 00:54:52.365] [main/DEBUG] [mixin/]: Mixing AdvancedPacketErrorLogging from connectivity.mixins.json into net.minecraft.network.Connection
[19Dec2025 00:54:52.368] [main/DEBUG] [mixin/]: Mixing ConnectionErrorMixin from connectivity.mixins.json into net.minecraft.network.Connection
[19Dec2025 00:54:52.368] [main/DEBUG] [mixin/]: Mixing NetworkManagerMixin from connectivity.mixins.json into net.minecraft.network.Connection
[19Dec2025 00:54:52.375] [main/DEBUG] [mixin/]: Generating mapped inner class net/minecraft/network/Connection$Anonymous$8b06aa507e8e4a3d9963c2a0e764f555 (originally com/connectivity/mixin/AdvancedPacketErrorLogging$1)
[19Dec2025 00:54:52.378] [main/DEBUG] [mixin/]: Generating mapped inner class net/minecraft/network/Connection$Anonymous$4fe49fc75e054a4990283aac2d33aa9f (originally com/connectivity/mixin/AdvancedPacketErrorLogging$2)
[19Dec2025 00:54:52.390] [main/DEBUG] [io.netty.util.internal.InternalThreadLocalMap/]: -Dio.netty.threadLocalMap.stringBuilder.initialSize: 1024
[19Dec2025 00:54:52.390] [main/DEBUG] [io.netty.util.internal.InternalThreadLocalMap/]: -Dio.netty.threadLocalMap.stringBuilder.maxSize: 4096
[19Dec2025 00:54:52.397] [main/DEBUG] [net.minecraftforge.fml.DeferredWorkQueue/LOADING]: Synchronous work queue completed in 119.7 ms
[19Dec2025 00:54:52.515] [Forge Version Check/DEBUG] [net.minecraftforge.fml.VersionChecker/]: [advancementplaques] Received version check data:
{"homepage":"https://www.curseforge.com/minecraft/mc-mods/advancement-plaques","gameVersions":{"1.21.4":{"1.6.9":"View the changelog on CurseForge: https://www.curseforge.com/minecraft/mc-mods/advancement-plaques/files/6186862"},"1.20.1":{"1.6.9":"View the changelog on CurseForge: https://www.curseforge.com/minecraft/mc-mods/advancement-plaques/files/6186385"},"1.21.3":{"1.6.7":"View the changelog on CurseForge: https://www.curseforge.com/minecraft/mc-mods/advancement-plaques/files/5991548"},"1.21.1":{"1.6.8":"View the changelog on CurseForge: https://www.curseforge.com/minecraft/mc-mods/advancement-plaques/files/5905995"},"1.21":{"1.6.6":"View the changelog on CurseForge: https://www.curseforge.com/minecraft/mc-mods/advancement-plaques/files/5590978"},"1.20.6":{"1.6.2":"View the changelog on CurseForge: https://www.curseforge.com/minecraft/mc-mods/advancement-plaques/files/5365019"},"1.20.4":{"1.5.1":"View the changelog on CurseForge: https://www.curseforge.com/minecraft/mc-mods/advancement-plaques/files/4972295"},"1.20.2":{"1.5.1":"View the changelog on CurseForge: https://www.curseforge.com/minecraft/mc-mods/advancement-plaques/files/4930648"},"1.20":{"1.5.1":"View the changelog on CurseForge: https://www.curseforge.com/minecraft/mc-mods/advancement-plaques/files/4930510"},"1.12.2":{"1.4.10":"View the changelog on CurseForge: https://www.curseforge.com/minecraft/mc-mods/advancement-plaques/files/4528933"},"1.19.4":{"1.4.9":"View the changelog on CurseForge: https://www.curseforge.com/minecraft/mc-mods/advancement-plaques/files/4487869"},"1.19.3":{"1.4.8":"View the changelog on CurseForge: https://www.curseforge.com/minecraft/mc-mods/advancement-plaques/files/4257675"},"1.19.2":{"1.4.7":"View the changelog on CurseForge: https://www.curseforge.com/minecraft/mc-mods/advancement-plaques/files/4029209"},"1.19.1":{"1.4.7":"View the changelog on CurseForge: https://www.curseforge.com/minecraft/mc-mods/advancement-plaques/files/4029209"},"1.19":{"1.4.7":"View the changelog on CurseForge: https://www.curseforge.com/minecraft/mc-mods/advancement-plaques/files/4029209"},"1.18.2":{"1.4.5.1":"View the changelog on CurseForge: https://www.curseforge.com/minecraft/mc-mods/advancement-plaques/files/3856125"},"1.18.1":{"1.4.2":"View the changelog on CurseForge: https://www.curseforge.com/minecraft/mc-mods/advancement-plaques/files/3576905"},"1.17.1":{"1.4.2":"View the changelog on CurseForge: https://www.curseforge.com/minecraft/mc-mods/advancement-plaques/files/3576866"},"1.18":{"1.4.1":"View the changelog on CurseForge: https://www.curseforge.com/minecraft/mc-mods/advancement-plaques/files/3552816"},"1.16.5":{"1.4.1":"View the changelog on CurseForge: https://www.curseforge.com/minecraft/mc-mods/advancement-plaques/files/3507674"},"1.15.2":{"1.3.1":"View the changelog on CurseForge: https://www.curseforge.com/minecraft/mc-mods/advancement-plaques/files/3435105"}},"promos":{"1.21.4-latest":"1.6.9","1.20.1-latest":"1.6.9","1.21.3-latest":"1.6.7","1.21.1-latest":"1.6.8","1.21-latest":"1.6.6","1.20.6-latest":"1.6.2","1.20.4-latest":"1.5.1","1.20.2-latest":"1.5.1","1.20-latest":"1.5.1","1.12.2-latest":"1.4.10","1.19.4-latest":"1.4.9","1.19.3-latest":"1.4.8","1.19.2-latest":"1.4.7","1.19.1-latest":"1.4.7","1.19-latest":"1.4.7","1.18.2-latest":"1.4.5.1","1.18.1-latest":"1.4.2","1.17.1-latest":"1.4.2","1.18-latest":"1.4.1","1.16.5-latest":"1.4.1","1.15.2-latest":"1.3.1","1.21.4-recommended":"1.6.9","1.20.1-recommended":"1.6.9","1.21.3-recommended":"1.6.7","1.21.1-recommended":"1.6.8","1.21-recommended":"1.6.6","1.20.6-recommended":"1.6.2","1.20.4-recommended":"1.5.1","1.20.2-recommended":"1.5.1","1.20-recommended":"1.5.1","1.12.2-recommended":"1.4.10","1.19.4-recommended":"1.4.9","1.19.3-recommended":"1.4.8","1.19.2-recommended":"1.4.7","1.19.1-recommended":"1.4.7","1.19-recommended":"1.4.7","1.18.2-recommended":"1.4.5.1","1.18.1-recommended":"1.4.2","1.17.1-recommended":"1.4.2","1.18-recommended":"1.4.1","1.16.5-recommended":"1.4.1","1.15.2-recommended":"1.3.1"}}
[19Dec2025 00:54:52.516] [Forge Version Check/INFO] [net.minecraftforge.fml.VersionChecker/]: [advancementplaques] Found status: UP_TO_DATE Current: 1.4.7 Target: null
[19Dec2025 00:54:52.517] [Forge Version Check/INFO] [net.minecraftforge.fml.VersionChecker/]: [majruszlibrary] Starting version check at https://raw.githubusercontent.com/Majrusz/MinecraftCommon/main/Library/update.json
[19Dec2025 00:54:52.569] [Forge Version Check/DEBUG] [net.minecraftforge.fml.VersionChecker/]: [majruszlibrary] Received version check data:
{
  "homepage": "https://modrinth.com/mod/majrusz-library/versions",
  "promos": {
    "1.16.4-latest": "1.6.1",
    "1.16.4-recommended": "1.6.1",
    "1.17.1-latest": "2.6.0",
    "1.17.1-recommended": "2.6.0",
    "1.18.1-latest": "2.7.0",
    "1.18.1-recommended": "2.7.0",
    "1.18.2-latest": "4.3.0",
    "1.18.2-recommended": "4.3.0",
    "1.19-latest": "2.12.0",
    "1.19-recommended": "2.12.0",
    "1.19.1-latest": "2.14.0",
    "1.19.1-recommended": "2.14.0",
    "1.19.2-latest": "7.0.5",
    "1.19.2-recommended": "7.0.5",
    "1.19.3-latest": "3.2.0",
    "1.19.3-recommended": "3.2.0",
    "1.19.4-latest": "7.0.4",
    "1.19.4-recommended": "7.0.4",
    "1.20-latest": "4.3.0",
    "1.20-recommended": "4.3.0",
    "1.20.1-latest": "7.0.6",
    "1.20.1-recommended": "7.0.6",
    "1.20.2-latest": "6.0.1",
    "1.20.2-recommended": "6.0.1"
  }
}
[19Dec2025 00:54:52.570] [Forge Version Check/INFO] [net.minecraftforge.fml.VersionChecker/]: [majruszlibrary] Found status: AHEAD Current: 7.0.5-backport.1 Target: null
[19Dec2025 00:54:52.570] [Forge Version Check/INFO] [net.minecraftforge.fml.VersionChecker/]: [fastload] Starting version check at https://github.com/BumbleSoftware/Fastload/raw/Forge-1.20.1/updates.json
[19Dec2025 00:54:52.648] [modloading-worker-0/DEBUG] [net.minecraftforge.fml.config.ConfigTracker/CONFIG]: Config file badmobs-common.toml for badmobs tracking
[19Dec2025 00:54:52.648] [modloading-worker-0/DEBUG] [net.minecraftforge.fml.config.ConfigFileTypeHandler/CONFIG]: Built TOML config for /workspaces/symmetrical-octo-engine/servidor_minecraft/config/badmobs-common.toml
[19Dec2025 00:54:52.716] [modloading-worker-0/DEBUG] [net.minecraftforge.fml.config.ConfigFileTypeHandler/CONFIG]: Loaded TOML config file /workspaces/symmetrical-octo-engine/servidor_minecraft/config/badmobs-common.toml
[19Dec2025 00:54:52.716] [modloading-worker-0/DEBUG] [net.minecraftforge.fml.config.ConfigFileTypeHandler/CONFIG]: Watching TOML config file /workspaces/symmetrical-octo-engine/servidor_minecraft/config/badmobs-common.toml for changes
[19Dec2025 00:54:52.740] [Forge Version Check/DEBUG] [net.minecraftforge.fml.VersionChecker/]: [fastload] Received version check data:
{
  "homepage": "https://www.curseforge.com/minecraft/mc-mods/fastload",
  "promos": {
    "1.20.1-latest": "3.4.0",
    "1.20.1-recommended": "3.4.0",
    "1.19.4-latest": "3.4.0",
    "1.19.4-recommended": "3.4.0",
    "1.19.3-latest": "3.4.0",
    "1.19.3-recommended": "3.4.0",
    "1.19.2-latest": "3.4.0",
    "1.19.2-recommended": "3.4.0",
    "1.18.2-latest": "3.4.0",
    "1.18.2-recommended": "3.4.0"
  }
}
[19Dec2025 00:54:52.741] [Forge Version Check/INFO] [net.minecraftforge.fml.VersionChecker/]: [fastload] Found status: UP_TO_DATE Current: 3.4.0 Target: null
[19Dec2025 00:54:52.741] [Forge Version Check/INFO] [net.minecraftforge.fml.VersionChecker/]: [visualworkbench] Starting version check at https://raw.githubusercontent.com/Fuzss/modresources/main/update/visualworkbench.json
[19Dec2025 00:54:52.751] [Forge Version Check/DEBUG] [net.minecraftforge.fml.VersionChecker/]: [visualworkbench] Received version check data:
{
    "homepage": "https://www.curseforge.com/minecraft/mc-mods/visual-workbench",
    "promos": {
        "1.17.1-latest": "2.0.0",
        "1.17.1-recommended": "2.0.0",
        "1.18-latest": "3.1.0",
        "1.18-recommended": "3.1.0",
        "1.18.1-latest": "3.1.0",
        "1.18.1-recommended": "3.1.0",
        "1.18.2-latest": "3.3.0",
        "1.18.2-recommended": "3.3.0",
        "1.19-latest": "4.0.0",
        "1.19-recommended": "4.0.0",
        "1.19.1-latest": "4.2.4",
        "1.19.1-recommended": "4.2.4",
        "1.19.2-latest": "4.2.4",
        "1.19.2-recommended": "4.2.4",
        "1.19.3-latest": "5.0.0",
        "1.19.3-recommended": "5.0.0",
        "1.19.4-latest": "6.0.1",
        "1.19.4-recommended": "6.0.1",
        "1.20-latest": "7.0.0",
        "1.20-recommended": "7.0.0",
        "1.20.1-latest": "8.0.1",
        "1.20.1-recommended": "8.0.1",
        "1.20.4-latest": "20.4.2",
        "1.20.4-recommended": "20.4.2",
        "1.21-latest": "21.0.5",
        "1.21-recommended": "21.0.5",
        "1.21.1-latest": "21.1.1",
        "1.21.1-recommended": "21.1.1",
        "1.21.3-latest": "21.3.0",
        "1.21.3-recommended": "21.3.0",
        "1.21.4-latest": "21.4.1",
        "1.21.4-recommended": "21.4.1",
        "1.21.5-latest": "21.5.0",
        "1.21.5-recommended": "21.5.0",
        "1.21.6-latest": "21.6.0",
        "1.21.6-recommended": "21.6.0",
        "1.21.7-latest": "21.7.0",
        "1.21.7-recommended": "21.7.0",
        "1.21.8-latest": "21.8.1",
        "1.21.8-recommended": "21.8.1",
        "1.21.9-latest": "21.9.0",
        "1.21.9-recommended": "21.9.0",
        "1.21.10-latest": "21.10.0",
        "1.21.10-recommended": "21.10.0"
    }
}
[19Dec2025 00:54:52.752] [Forge Version Check/INFO] [net.minecraftforge.fml.VersionChecker/]: [visualworkbench] Found status: UP_TO_DATE Current: 4.2.4 Target: null
[19Dec2025 00:54:52.752] [Forge Version Check/INFO] [net.minecraftforge.fml.VersionChecker/]: [clumps] Starting version check at https://updates.blamejared.com/get?n=clumps&gv=1.19.2
[19Dec2025 00:54:52.770] [Thread-0/INFO] [ModernFix/]: Please use /mfsrc to reload any changed mod config files
[19Dec2025 00:54:52.923] [main/INFO] [com.mojang.authlib.yggdrasil.YggdrasilAuthenticationService/]: Environment: authHost='https://authserver.mojang.com', accountsHost='https://api.mojang.com', sessionHost='https://sessionserver.mojang.com', servicesHost='https://api.minecraftservices.com', name='PROD'
[19Dec2025 00:54:53.140] [main/DEBUG] [mixin/]: Mixing perf.resourcepacks.VanillaPackMixin from modernfix-forge.mixins.json into net.minecraft.server.packs.VanillaPackResources
[19Dec2025 00:54:53.141] [main/DEBUG] [mixin/]: Renaming synthetic method lambda$cacheContainedPaths$1(Lcom/google/common/base/Joiner;Lnet/minecraft/server/packs/PackType;Ljava/nio/file/Path;)V to md3c33d9$lambda$cacheContainedPaths$1$0 in modernfix-forge.mixins.json:perf.resourcepacks.VanillaPackMixin
[19Dec2025 00:54:53.141] [main/DEBUG] [mixin/]: Renaming synthetic method lambda$cacheContainedPaths$0(Ljava/nio/file/Path;Ljava/nio/file/Path;)Ljava/nio/file/Path; to md3c33d9$lambda$cacheContainedPaths$0$1 in modernfix-forge.mixins.json:perf.resourcepacks.VanillaPackMixin
[19Dec2025 00:54:53.151] [main/WARN] [net.minecraft.server.packs.VanillaPackResources/]: Assets URL 'union:/workspaces/symmetrical-octo-engine/servidor_minecraft/libraries/net/minecraft/server/1.19.2-20220805.130853/server-1.19.2-20220805.130853-srg.jar%23299!/assets/.mcassetsroot' uses unexpected schema
[19Dec2025 00:54:53.151] [main/WARN] [net.minecraft.server.packs.VanillaPackResources/]: Assets URL 'union:/workspaces/symmetrical-octo-engine/servidor_minecraft/libraries/net/minecraft/server/1.19.2-20220805.130853/server-1.19.2-20220805.130853-srg.jar%23299!/data/.mcassetsroot' uses unexpected schema
[19Dec2025 00:54:53.152] [main/DEBUG] [mixin/]: Mixing perf.resourcepacks.ResourceCacheManagerMixin from modernfix-forge.mixins.json into net.minecraftforge.resource.ResourceCacheManager
[19Dec2025 00:54:53.156] [Forge Version Check/DEBUG] [net.minecraftforge.fml.VersionChecker/]: [clumps] Received version check data:
{"homepage":"https://www.curseforge.com/minecraft/mc-mods/clumps","promos":{"1.19.2-latest":"9.0.0+14"}}
[19Dec2025 00:54:53.157] [Forge Version Check/INFO] [net.minecraftforge.fml.VersionChecker/]: [clumps] Found status: BETA Current: 9.0.0+14 Target: 9.0.0+14
[19Dec2025 00:54:53.158] [Forge Version Check/INFO] [net.minecraftforge.fml.VersionChecker/]: [badmobs] Starting version check at https://updates.blamejared.com/get?n=badmobs&gv=1.19.2
[19Dec2025 00:54:53.206] [main/DEBUG] [mixin/]: Mixing inject_resources.WorldLoaderPackConfigMixin from kubejs-common.mixins.json into net.minecraft.server.WorldLoader$PackConfig
[19Dec2025 00:54:53.215] [main/DEBUG] [mixin/]: Mixing InteractionManagerMixin from item_obliterator.mixins.json into net.minecraft.server.level.ServerPlayerGameMode
[19Dec2025 00:54:53.215] [main/DEBUG] [mixin/]: Mixing MixinServerPlayerGameMode from majruszlibrary-common.mixins.json into net.minecraft.server.level.ServerPlayerGameMode
[19Dec2025 00:54:53.231] [main/DEBUG] [net.minecraftforge.server.ServerLifecycleHooks/CORE]: Generating PackInfo named mod:notenoughcrashes for mod file /workspaces/symmetrical-octo-engine/servidor_minecraft/mods/notenoughcrashes-5.0.0+1.19.2-forge.jar
[19Dec2025 00:54:53.231] [main/DEBUG] [net.minecraftforge.server.ServerLifecycleHooks/CORE]: Generating PackInfo named mod:playeranimator for mod file /workspaces/symmetrical-octo-engine/servidor_minecraft/mods/player-animation-lib-forge-1.0.2.jar
[19Dec2025 00:54:53.231] [main/DEBUG] [net.minecraftforge.server.ServerLifecycleHooks/CORE]: Generating PackInfo named mod:rolling_giant for mod file /workspaces/symmetrical-octo-engine/servidor_minecraft/mods/The Rolling Giant v1.0.4 1.19.2.jar
[19Dec2025 00:54:53.231] [main/DEBUG] [net.minecraftforge.server.ServerLifecycleHooks/CORE]: Generating PackInfo named mod:connectivity for mod file /workspaces/symmetrical-octo-engine/servidor_minecraft/mods/connectivity-1.19.2-4.6.jar
[19Dec2025 00:54:53.231] [main/DEBUG] [net.minecraftforge.server.ServerLifecycleHooks/CORE]: Generating PackInfo named mod:blanketghost for mod file /workspaces/symmetrical-octo-engine/servidor_minecraft/mods/BlanketGhost-forge-1.19.2-1.2.jar
[19Dec2025 00:54:53.231] [main/DEBUG] [net.minecraftforge.server.ServerLifecycleHooks/CORE]: Generating PackInfo named mod:insanelib for mod file /workspaces/symmetrical-octo-engine/servidor_minecraft/mods/InsaneLib-1.7.5-mc1.19.2.jar
[19Dec2025 00:54:53.232] [main/DEBUG] [net.minecraftforge.server.ServerLifecycleHooks/CORE]: Generating PackInfo named mod:placebo for mod file /workspaces/symmetrical-octo-engine/servidor_minecraft/mods/Placebo-1.19.2-7.4.0.jar
[19Dec2025 00:54:53.232] [main/DEBUG] [net.minecraftforge.server.ServerLifecycleHooks/CORE]: Generating PackInfo named mod:modernfix for mod file /workspaces/symmetrical-octo-engine/servidor_minecraft/mods/modernfix-forge-5.18.1+mc1.19.2.jar
[19Dec2025 00:54:53.232] [main/DEBUG] [net.minecraftforge.server.ServerLifecycleHooks/CORE]: Generating PackInfo named mod:zombieawareness for mod file /workspaces/symmetrical-octo-engine/servidor_minecraft/mods/zombieawareness-1.19.2-1.12.3.jar
[19Dec2025 00:54:53.232] [main/DEBUG] [net.minecraftforge.server.ServerLifecycleHooks/CORE]: Generating PackInfo named mod:mixinextras for mod file 
[19Dec2025 00:54:53.232] [main/DEBUG] [net.minecraftforge.server.ServerLifecycleHooks/CORE]: Generating PackInfo named mod:item_obliterator for mod file /workspaces/symmetrical-octo-engine/servidor_minecraft/mods/Item-Obliterator-Forge-1.19.2-2.2.1.jar
[19Dec2025 00:54:53.233] [main/DEBUG] [net.minecraftforge.server.ServerLifecycleHooks/CORE]: Generating PackInfo named mod:sleepnt_mod for mod file /workspaces/symmetrical-octo-engine/servidor_minecraft/mods/Sleepnt 1.19.2.jar
[19Dec2025 00:54:53.233] [main/DEBUG] [net.minecraftforge.server.ServerLifecycleHooks/CORE]: Generating PackInfo named mod:balm for mod file /workspaces/symmetrical-octo-engine/servidor_minecraft/mods/balm-forge-1.19.2-4.6.0.jar
[19Dec2025 00:54:53.233] [main/DEBUG] [net.minecraftforge.server.ServerLifecycleHooks/CORE]: Generating PackInfo named mod:immersive_armors for mod file /workspaces/symmetrical-octo-engine/servidor_minecraft/mods/immersive_armors-1.5.6+1.19.2-forge.jar
[19Dec2025 00:54:53.233] [main/DEBUG] [net.minecraftforge.server.ServerLifecycleHooks/CORE]: Generating PackInfo named mod:cloth_config for mod file /workspaces/symmetrical-octo-engine/servidor_minecraft/mods/cloth-config-8.3.134-forge.jar
[19Dec2025 00:54:53.233] [main/DEBUG] [net.minecraftforge.server.ServerLifecycleHooks/CORE]: Generating PackInfo named mod:emojiful for mod file /workspaces/symmetrical-octo-engine/servidor_minecraft/mods/Emojiful-Forge-1.19.2-4.0.5-all.jar
[19Dec2025 00:54:53.233] [main/DEBUG] [net.minecraftforge.server.ServerLifecycleHooks/CORE]: Generating PackInfo named mod:novillagerdm for mod file /workspaces/symmetrical-octo-engine/servidor_minecraft/mods/novillagerdm-1.19-4.0.0.jar
[19Dec2025 00:54:53.234] [main/DEBUG] [net.minecraftforge.server.ServerLifecycleHooks/CORE]: Generating PackInfo named mod:the_one_who_watches for mod file /workspaces/symmetrical-octo-engine/servidor_minecraft/mods/TheOneWhoWatches-V1.4.2-1.19.2.jar
[19Dec2025 00:54:53.234] [main/DEBUG] [net.minecraftforge.server.ServerLifecycleHooks/CORE]: Generating PackInfo named mod:advancementplaques for mod file /workspaces/symmetrical-octo-engine/servidor_minecraft/mods/AdvancementPlaques-1.19.2-1.4.7.jar
[19Dec2025 00:54:53.234] [main/DEBUG] [net.minecraftforge.server.ServerLifecycleHooks/CORE]: Generating PackInfo named mod:bcc for mod file /workspaces/symmetrical-octo-engine/servidor_minecraft/mods/BetterCompatibilityChecker-1.0.10-build.50+mc1.19.2.jar
[19Dec2025 00:54:53.234] [main/DEBUG] [net.minecraftforge.server.ServerLifecycleHooks/CORE]: Generating PackInfo named mod:twm for mod file /workspaces/symmetrical-octo-engine/servidor_minecraft/mods/twm-1.19.2-1.11.4.jar
[19Dec2025 00:54:53.234] [main/DEBUG] [net.minecraftforge.server.ServerLifecycleHooks/CORE]: Generating PackInfo named mod:clockwork for mod file /workspaces/symmetrical-octo-engine/servidor_minecraft/mods/clockworklib-1.19.2-1.0.0.jar
[19Dec2025 00:54:53.234] [main/DEBUG] [net.minecraftforge.server.ServerLifecycleHooks/CORE]: Generating PackInfo named mod:chunky for mod file /workspaces/symmetrical-octo-engine/servidor_minecraft/mods/Chunky-1.3.38.jar
[19Dec2025 00:54:53.234] [main/DEBUG] [net.minecraftforge.server.ServerLifecycleHooks/CORE]: Generating PackInfo named mod:spark for mod file /workspaces/symmetrical-octo-engine/servidor_minecraft/mods/spark-1.10.37-forge.jar
[19Dec2025 00:54:53.235] [main/DEBUG] [net.minecraftforge.server.ServerLifecycleHooks/CORE]: Generating PackInfo named mod:rightclickharvest for mod file /workspaces/symmetrical-octo-engine/servidor_minecraft/mods/right-click-harvest-3.2.3+1.19.2-forge.jar
[19Dec2025 00:54:53.235] [main/DEBUG] [net.minecraftforge.server.ServerLifecycleHooks/CORE]: Generating PackInfo named mod:man for mod file /workspaces/symmetrical-octo-engine/servidor_minecraft/mods/The-Man-From-The-Fog-1.3-1.19.2.jar
[19Dec2025 00:54:53.235] [main/DEBUG] [net.minecraftforge.server.ServerLifecycleHooks/CORE]: Generating PackInfo named mod:collective for mod file /workspaces/symmetrical-octo-engine/servidor_minecraft/mods/collective-1.19.2-7.64.jar
[19Dec2025 00:54:53.235] [main/DEBUG] [net.minecraftforge.server.ServerLifecycleHooks/CORE]: Generating PackInfo named mod:arphex for mod file /workspaces/symmetrical-octo-engine/servidor_minecraft/mods/ArPhEx-3.2.4-forge-1.19.2.jar
[19Dec2025 00:54:53.235] [main/DEBUG] [net.minecraftforge.server.ServerLifecycleHooks/CORE]: Generating PackInfo named mod:zombies_reworked for mod file /workspaces/symmetrical-octo-engine/servidor_minecraft/mods/zombies_reworked-1.19.2-1.1.5.jar
[19Dec2025 00:54:53.235] [main/DEBUG] [net.minecraftforge.server.ServerLifecycleHooks/CORE]: Generating PackInfo named mod:architectury for mod file /workspaces/symmetrical-octo-engine/servidor_minecraft/mods/architectury-6.6.92-forge.jar
[19Dec2025 00:54:53.235] [main/DEBUG] [net.minecraftforge.server.ServerLifecycleHooks/CORE]: Generating PackInfo named mod:cupboard for mod file /workspaces/symmetrical-octo-engine/servidor_minecraft/mods/cupboard-1.19.2-2.6.jar
[19Dec2025 00:54:53.236] [main/DEBUG] [net.minecraftforge.server.ServerLifecycleHooks/CORE]: Generating PackInfo named mod:enhancedai for mod file /workspaces/symmetrical-octo-engine/servidor_minecraft/mods/EnhancedAI-1.8.7-mc1.19.2.jar
[19Dec2025 00:54:53.236] [main/DEBUG] [net.minecraftforge.server.ServerLifecycleHooks/CORE]: Generating PackInfo named mod:geckolib3 for mod file /workspaces/symmetrical-octo-engine/servidor_minecraft/mods/geckolib-forge-1.19-3.1.40.jar
[19Dec2025 00:54:53.236] [main/DEBUG] [net.minecraftforge.server.ServerLifecycleHooks/CORE]: Generating PackInfo named mod:cave_dweller for mod file /workspaces/symmetrical-octo-engine/servidor_minecraft/mods/Cave Dweller Reimagined.jar
[19Dec2025 00:54:53.236] [main/DEBUG] [net.minecraftforge.server.ServerLifecycleHooks/CORE]: Generating PackInfo named mod:steve_dweller for mod file /workspaces/symmetrical-octo-engine/servidor_minecraft/mods/steve_dweller-1.19.2-1.7.0.jar
[19Dec2025 00:54:53.236] [main/DEBUG] [net.minecraftforge.server.ServerLifecycleHooks/CORE]: Generating PackInfo named mod:mokey for mod file /workspaces/symmetrical-octo-engine/servidor_minecraft/mods/mokey-1.19.2-1.7.0.jar
[19Dec2025 00:54:53.236] [main/DEBUG] [net.minecraftforge.server.ServerLifecycleHooks/CORE]: Generating PackInfo named mod:demonic_watcher for mod file /workspaces/symmetrical-octo-engine/servidor_minecraft/mods/demonic_watcher-1.19.2-4.6.0.jar
[19Dec2025 00:54:53.236] [main/DEBUG] [net.minecraftforge.server.ServerLifecycleHooks/CORE]: Generating PackInfo named mod:torture for mod file /workspaces/symmetrical-octo-engine/servidor_minecraft/mods/torture-1.19.2.jar
[19Dec2025 00:54:53.237] [main/DEBUG] [net.minecraftforge.server.ServerLifecycleHooks/CORE]: Generating PackInfo named mod:majruszlibrary for mod file /workspaces/symmetrical-octo-engine/servidor_minecraft/mods/majrusz-library-forge-1.19.2-7.0.5-backport.1.jar
[19Dec2025 00:54:53.237] [main/DEBUG] [net.minecraftforge.server.ServerLifecycleHooks/CORE]: Generating PackInfo named mod:betteradvancements for mod file /workspaces/symmetrical-octo-engine/servidor_minecraft/mods/BetterAdvancements-1.19.2-0.2.2.142.jar
[19Dec2025 00:54:53.237] [main/DEBUG] [net.minecraftforge.server.ServerLifecycleHooks/CORE]: Generating PackInfo named mod:inventorysorter for mod file /workspaces/symmetrical-octo-engine/servidor_minecraft/mods/inventorysorter-1.19.2-21.0.4.jar
[19Dec2025 00:54:53.237] [main/DEBUG] [net.minecraftforge.server.ServerLifecycleHooks/CORE]: Generating PackInfo named mod:rhino for mod file /workspaces/symmetrical-octo-engine/servidor_minecraft/mods/rhino-forge-1902.2.3-build.284.jar
[19Dec2025 00:54:53.237] [main/DEBUG] [net.minecraftforge.server.ServerLifecycleHooks/CORE]: Generating PackInfo named mod:fastload for mod file /workspaces/symmetrical-octo-engine/servidor_minecraft/mods/Fastload-Reforged-mc1.19.2-3.4.0.jar
[19Dec2025 00:54:53.237] [main/DEBUG] [net.minecraftforge.server.ServerLifecycleHooks/CORE]: Generating PackInfo named mod:endertrigon for mod file /workspaces/symmetrical-octo-engine/servidor_minecraft/mods/endertrigon-1.0.jar
[19Dec2025 00:54:53.237] [main/DEBUG] [net.minecraftforge.server.ServerLifecycleHooks/CORE]: Generating PackInfo named mod:spiderstpo for mod file /workspaces/symmetrical-octo-engine/servidor_minecraft/mods/spiderstpo-1.19.2-2.0.4.jar
[19Dec2025 00:54:53.238] [main/DEBUG] [net.minecraftforge.server.ServerLifecycleHooks/CORE]: Generating PackInfo named mod:the_rake for mod file /workspaces/symmetrical-octo-engine/servidor_minecraft/mods/the_rake-1.19.2 by-proddexx.jar
[19Dec2025 00:54:53.238] [main/DEBUG] [net.minecraftforge.server.ServerLifecycleHooks/CORE]: Generating PackInfo named mod:jei for mod file /workspaces/symmetrical-octo-engine/servidor_minecraft/mods/jei-1.19.2-forge-11.8.1.1034.jar
[19Dec2025 00:54:53.238] [main/DEBUG] [net.minecraftforge.server.ServerLifecycleHooks/CORE]: Generating PackInfo named mod:kubejs for mod file /workspaces/symmetrical-octo-engine/servidor_minecraft/mods/kubejs-forge-1902.6.2-build.73.jar
[19Dec2025 00:54:53.238] [main/DEBUG] [net.minecraftforge.server.ServerLifecycleHooks/CORE]: Generating PackInfo named mod:visualworkbench for mod file /workspaces/symmetrical-octo-engine/servidor_minecraft/mods/VisualWorkbench-v4.2.4-1.19.2-Forge.jar
[19Dec2025 00:54:53.238] [main/DEBUG] [net.minecraftforge.server.ServerLifecycleHooks/CORE]: Generating PackInfo named mod:builder_bear for mod file /workspaces/symmetrical-octo-engine/servidor_minecraft/mods/BuilderBear-forge-1.19.2-1.1.jar
[19Dec2025 00:54:53.238] [main/DEBUG] [net.minecraftforge.server.ServerLifecycleHooks/CORE]: Generating PackInfo named mod:the_cuckoo_clock for mod file /workspaces/symmetrical-octo-engine/servidor_minecraft/mods/CuckooClock-forge-1.19.2-1.8.jar
[19Dec2025 00:54:53.238] [main/DEBUG] [net.minecraftforge.server.ServerLifecycleHooks/CORE]: Generating PackInfo named mod:fastsuite for mod file /workspaces/symmetrical-octo-engine/servidor_minecraft/mods/FastSuite-1.19.2-4.1.1.jar
[19Dec2025 00:54:53.239] [main/DEBUG] [net.minecraftforge.server.ServerLifecycleHooks/CORE]: Generating PackInfo named mod:clumps for mod file /workspaces/symmetrical-octo-engine/servidor_minecraft/mods/Clumps-forge-1.19.2-9.0.0+14.jar
[19Dec2025 00:54:53.239] [main/DEBUG] [net.minecraftforge.server.ServerLifecycleHooks/CORE]: Generating PackInfo named mod:shutupexperimentalsettings for mod file /workspaces/symmetrical-octo-engine/servidor_minecraft/mods/shutupexperimentalsettings-1.0.5.jar
[19Dec2025 00:54:53.239] [main/DEBUG] [net.minecraftforge.server.ServerLifecycleHooks/CORE]: Generating PackInfo named mod:badmobs for mod file /workspaces/symmetrical-octo-engine/servidor_minecraft/mods/BadMobs-1.19.2-16.1.3.jar
[19Dec2025 00:54:53.239] [main/DEBUG] [net.minecraftforge.server.ServerLifecycleHooks/CORE]: Generating PackInfo named mod:farsightedmobs for mod file /workspaces/symmetrical-octo-engine/servidor_minecraft/mods/farsighted-mobs-forge-1.1-1.19.jar
[19Dec2025 00:54:53.239] [main/DEBUG] [net.minecraftforge.server.ServerLifecycleHooks/CORE]: Generating PackInfo named mod:beautifiedchatserver for mod file /workspaces/symmetrical-octo-engine/servidor_minecraft/mods/beautifiedchatserver-1.19.2-2.5.jar
[19Dec2025 00:54:53.239] [main/DEBUG] [net.minecraftforge.server.ServerLifecycleHooks/CORE]: Generating PackInfo named mod:lazydfu for mod file /workspaces/symmetrical-octo-engine/servidor_minecraft/mods/lazydfu-1.19-1.0.2.jar
[19Dec2025 00:54:53.239] [main/DEBUG] [net.minecraftforge.server.ServerLifecycleHooks/CORE]: Generating PackInfo named mod:the_sculpture for mod file /workspaces/symmetrical-octo-engine/servidor_minecraft/mods/Sculpture-forge-1.19.2-1.7.1.jar
[19Dec2025 00:54:53.240] [main/DEBUG] [net.minecraftforge.server.ServerLifecycleHooks/CORE]: Generating PackInfo named mod:watut for mod file /workspaces/symmetrical-octo-engine/servidor_minecraft/mods/watut-forge-1.19.2-1.0.14.jar
[19Dec2025 00:54:53.240] [main/DEBUG] [net.minecraftforge.server.ServerLifecycleHooks/CORE]: Generating PackInfo named mod:forge for mod file /workspaces/symmetrical-octo-engine/servidor_minecraft/libraries/net/minecraftforge/forge/1.19.2-43.4.2/forge-1.19.2-43.4.2-universal.jar
[19Dec2025 00:54:53.240] [main/DEBUG] [net.minecraftforge.server.ServerLifecycleHooks/CORE]: Generating PackInfo named mod:thepossessivemask for mod file /workspaces/symmetrical-octo-engine/servidor_minecraft/mods/PossessiveMask-forge-1.19.2-1.2.jar
[19Dec2025 00:54:53.240] [main/DEBUG] [net.minecraftforge.server.ServerLifecycleHooks/CORE]: Generating PackInfo named mod:toofast for mod file /workspaces/symmetrical-octo-engine/servidor_minecraft/mods/toofast-1.19-0.2.2.4.jar
[19Dec2025 00:54:53.240] [main/DEBUG] [net.minecraftforge.server.ServerLifecycleHooks/CORE]: Generating PackInfo named mod:logbegone for mod file /workspaces/symmetrical-octo-engine/servidor_minecraft/mods/Log-Begone-Forge-1.19-1.0.6.jar
[19Dec2025 00:54:53.241] [main/DEBUG] [net.minecraftforge.server.ServerLifecycleHooks/CORE]: Generating PackInfo named mod:eyesinthedark for mod file /workspaces/symmetrical-octo-engine/servidor_minecraft/mods/EyesInTheDark-forge-1.19.2-1.0.jar
[19Dec2025 00:54:53.241] [main/DEBUG] [net.minecraftforge.server.ServerLifecycleHooks/CORE]: Generating PackInfo named mod:emotecraft for mod file /workspaces/symmetrical-octo-engine/servidor_minecraft/mods/emotecraft-for-MC1.19.2-2.2.5-forge.jar
[19Dec2025 00:54:53.241] [main/DEBUG] [net.minecraftforge.server.ServerLifecycleHooks/CORE]: Generating PackInfo named mod:craftingtweaks for mod file /workspaces/symmetrical-octo-engine/servidor_minecraft/mods/craftingtweaks-forge-1.19.2-15.1.9.jar
[19Dec2025 00:54:53.241] [main/DEBUG] [net.minecraftforge.server.ServerLifecycleHooks/CORE]: Generating PackInfo named mod:realistictorches for mod file /workspaces/symmetrical-octo-engine/servidor_minecraft/mods/RealisticTorches-1.19.2-3.1.5.jar
[19Dec2025 00:54:53.241] [main/DEBUG] [net.minecraftforge.server.ServerLifecycleHooks/CORE]: Generating PackInfo named mod:smoothchunk for mod file /workspaces/symmetrical-octo-engine/servidor_minecraft/mods/smoothchunk-1.19.2-3.5.jar
[19Dec2025 00:54:53.241] [main/DEBUG] [net.minecraftforge.server.ServerLifecycleHooks/CORE]: Generating PackInfo named mod:logprot for mod file /workspaces/symmetrical-octo-engine/servidor_minecraft/mods/logprot-1.19.2-1.9.jar
[19Dec2025 00:54:53.241] [main/DEBUG] [net.minecraftforge.server.ServerLifecycleHooks/CORE]: Generating PackInfo named mod:simplebackups for mod file /workspaces/symmetrical-octo-engine/servidor_minecraft/mods/SimpleBackups-1.19.1-2.1.11.jar
[19Dec2025 00:54:53.242] [main/DEBUG] [net.minecraftforge.server.ServerLifecycleHooks/CORE]: Generating PackInfo named mod:simplyswords for mod file /workspaces/symmetrical-octo-engine/servidor_minecraft/mods/simplyswords-forge-1.47.0-1.19.2.jar
[19Dec2025 00:54:53.242] [main/DEBUG] [net.minecraftforge.server.ServerLifecycleHooks/CORE]: Generating PackInfo named mod:moonlight for mod file /workspaces/symmetrical-octo-engine/servidor_minecraft/mods/moonlight-1.19.2-2.3.7-forge.jar
[19Dec2025 00:54:53.242] [main/DEBUG] [net.minecraftforge.server.ServerLifecycleHooks/CORE]: Generating PackInfo named mod:kim_dweller for mod file /workspaces/symmetrical-octo-engine/servidor_minecraft/mods/kim_dweller-1.19.2-1.7.0 (1).jar
[19Dec2025 00:54:53.242] [main/DEBUG] [net.minecraftforge.server.ServerLifecycleHooks/CORE]: Generating PackInfo named mod:bettercombat for mod file /workspaces/symmetrical-octo-engine/servidor_minecraft/mods/bettercombat-forge-1.7.1+1.19.jar
[19Dec2025 00:54:53.242] [main/DEBUG] [net.minecraftforge.server.ServerLifecycleHooks/CORE]: Generating PackInfo named mod:necronomicon for mod file /workspaces/symmetrical-octo-engine/servidor_minecraft/mods/Necronomicon-Forge-1.4.2.jar
[19Dec2025 00:54:53.242] [main/DEBUG] [net.minecraftforge.server.ServerLifecycleHooks/CORE]: Generating PackInfo named mod:minechosis for mod file /workspaces/symmetrical-octo-engine/servidor_minecraft/mods/Minechosis v0.1.3 (Forge 1.19.2).jar
[19Dec2025 00:54:53.242] [main/DEBUG] [net.minecraftforge.server.ServerLifecycleHooks/CORE]: Generating PackInfo named mod:watching for mod file /workspaces/symmetrical-octo-engine/servidor_minecraft/mods/From-The-Fog-1.19-v1.9.1-Forge-Fabric.jar
[19Dec2025 00:54:53.243] [main/DEBUG] [net.minecraftforge.server.ServerLifecycleHooks/CORE]: Generating PackInfo named mod:vivilly_dweller for mod file /workspaces/symmetrical-octo-engine/servidor_minecraft/mods/vivilly_dweller-1.19.2-1.7.0.jar
[19Dec2025 00:54:53.243] [main/DEBUG] [net.minecraftforge.server.ServerLifecycleHooks/CORE]: Generating PackInfo named mod:spectrelib for mod file 
[19Dec2025 00:54:53.243] [main/DEBUG] [net.minecraftforge.server.ServerLifecycleHooks/CORE]: Generating PackInfo named mod:fastpaintings for mod file /workspaces/symmetrical-octo-engine/servidor_minecraft/mods/fastpaintings-1.19-1.1.3.jar
[19Dec2025 00:54:53.243] [main/DEBUG] [net.minecraftforge.server.ServerLifecycleHooks/CORE]: Generating PackInfo named mod:true_herobrine for mod file /workspaces/symmetrical-octo-engine/servidor_minecraft/mods/TrueHerobrine_1.1+1.19.2.jar
[19Dec2025 00:54:53.243] [main/DEBUG] [net.minecraftforge.server.ServerLifecycleHooks/CORE]: Generating PackInfo named mod:iceberg for mod file /workspaces/symmetrical-octo-engine/servidor_minecraft/mods/Iceberg-1.19.2-forge-1.1.4.jar
[19Dec2025 00:54:53.243] [main/DEBUG] [net.minecraftforge.server.ServerLifecycleHooks/CORE]: Generating PackInfo named mod:spartanshields for mod file /workspaces/symmetrical-octo-engine/servidor_minecraft/mods/spartanshields-1.19.2-3.0.1.jar
[19Dec2025 00:54:53.244] [main/DEBUG] [net.minecraftforge.server.ServerLifecycleHooks/CORE]: Generating PackInfo named mod:mobsunscreen for mod file /workspaces/symmetrical-octo-engine/servidor_minecraft/mods/mobsunscreen-forge-1.19.2-3.0.9.jar
[19Dec2025 00:54:53.244] [main/DEBUG] [net.minecraftforge.server.ServerLifecycleHooks/CORE]: Generating PackInfo named mod:polymorph for mod file /workspaces/symmetrical-octo-engine/servidor_minecraft/mods/polymorph-forge-0.46.6+1.19.2.jar
[19Dec2025 00:54:53.244] [main/DEBUG] [net.minecraftforge.server.ServerLifecycleHooks/CORE]: Generating PackInfo named mod:canary for mod file /workspaces/symmetrical-octo-engine/servidor_minecraft/mods/canary-mc1.19.2-0.3.3.jar
[19Dec2025 00:54:53.244] [main/DEBUG] [net.minecraftforge.server.ServerLifecycleHooks/CORE]: Generating PackInfo named mod:betterchunkloading for mod file /workspaces/symmetrical-octo-engine/servidor_minecraft/mods/betterchunkloading-1.19.2-4.2.jar
[19Dec2025 00:54:53.244] [main/DEBUG] [net.minecraftforge.server.ServerLifecycleHooks/CORE]: Generating PackInfo named mod:apollyon for mod file /workspaces/symmetrical-octo-engine/servidor_minecraft/mods/Apollyon v1.1.0 (Forge 1.19.2).jar
[19Dec2025 00:54:53.244] [main/DEBUG] [net.minecraftforge.server.ServerLifecycleHooks/CORE]: Generating PackInfo named mod:immediatelyfast for mod file /workspaces/symmetrical-octo-engine/servidor_minecraft/mods/ImmediatelyFast-Forge-1.3.3+1.19.2.jar
[19Dec2025 00:54:53.244] [main/DEBUG] [net.minecraftforge.server.ServerLifecycleHooks/CORE]: Generating PackInfo named mod:coroutil for mod file /workspaces/symmetrical-octo-engine/servidor_minecraft/mods/coroutil-forge-1.19.2-1.3.6.jar
[19Dec2025 00:54:53.245] [main/DEBUG] [net.minecraftforge.server.ServerLifecycleHooks/CORE]: Generating PackInfo named mod:fastfurnace for mod file /workspaces/symmetrical-octo-engine/servidor_minecraft/mods/FastFurnace-1.19.2-7.0.0.jar
[19Dec2025 00:54:53.245] [main/DEBUG] [net.minecraftforge.server.ServerLifecycleHooks/CORE]: Generating PackInfo named mod:endofherobrine for mod file /workspaces/symmetrical-octo-engine/servidor_minecraft/mods/endofherobrine-1.19.2-1.0.8.2.jar
[19Dec2025 00:54:53.245] [main/DEBUG] [net.minecraftforge.server.ServerLifecycleHooks/CORE]: Generating PackInfo named mod:shy_guy for mod file /workspaces/symmetrical-octo-engine/servidor_minecraft/mods/ShyGuy-forge-1.19.2-2.1.jar
[19Dec2025 00:54:53.245] [main/DEBUG] [net.minecraftforge.server.ServerLifecycleHooks/CORE]: Generating PackInfo named mod:bwrtherain for mod file /workspaces/symmetrical-octo-engine/servidor_minecraft/mods/Beware-1.19.2-2.3.4.jar
[19Dec2025 00:54:53.245] [main/DEBUG] [net.minecraftforge.server.ServerLifecycleHooks/CORE]: Generating PackInfo named mod:ferritecore for mod file /workspaces/symmetrical-octo-engine/servidor_minecraft/mods/ferritecore-5.0.3-forge.jar
[19Dec2025 00:54:53.245] [main/DEBUG] [net.minecraftforge.server.ServerLifecycleHooks/CORE]: Generating PackInfo named mod:puzzleslib for mod file /workspaces/symmetrical-octo-engine/servidor_minecraft/mods/PuzzlesLib-v4.4.3-1.19.2-Forge.jar
[19Dec2025 00:54:53.245] [main/DEBUG] [net.minecraftforge.server.ServerLifecycleHooks/CORE]: Generating PackInfo named mod:the_knocker for mod file /workspaces/symmetrical-octo-engine/servidor_minecraft/mods/the_knocker-1.4.0-forge-1.19.2.jar
[19Dec2025 00:54:53.246] [main/DEBUG] [net.minecraftforge.server.ServerLifecycleHooks/CORE]: Generating PackInfo named mod:packetfixer for mod file /workspaces/symmetrical-octo-engine/servidor_minecraft/mods/packetfixer-forge-1.4.2-1.19-to-1.20.1.jar
[19Dec2025 00:54:53.246] [main/DEBUG] [net.minecraftforge.server.ServerLifecycleHooks/CORE]: Generating PackInfo named mod:cartoon_dweller for mod file /workspaces/symmetrical-octo-engine/servidor_minecraft/mods/cartoon_dweller-1.19.2-1.8.0.jar
[19Dec2025 00:54:53.246] [main/DEBUG] [net.minecraftforge.server.ServerLifecycleHooks/CORE]: Generating PackInfo named mod:chunksending for mod file /workspaces/symmetrical-octo-engine/servidor_minecraft/mods/chunksending-1.19.2-2.8.jar
[19Dec2025 00:54:53.246] [main/DEBUG] [net.minecraftforge.server.ServerLifecycleHooks/CORE]: Generating PackInfo named mod:responsiveshields for mod file /workspaces/symmetrical-octo-engine/servidor_minecraft/mods/responsiveshields-2.3-mc1.18-19-20.x.jar
[19Dec2025 00:54:53.250] [main/DEBUG] [mixin/]: Mixing MultiPackResourceManagerMixin from moonlight-common.mixins.json into net.minecraft.server.packs.resources.MultiPackResourceManager
[19Dec2025 00:54:53.264] [Forge Version Check/DEBUG] [net.minecraftforge.fml.VersionChecker/]: [badmobs] Received version check data:
{"homepage":"https://www.curseforge.com/minecraft/mc-mods/bad-mobs","promos":{"1.19.2-latest":"16.1.3"}}
[19Dec2025 00:54:53.265] [Forge Version Check/INFO] [net.minecraftforge.fml.VersionChecker/]: [badmobs] Found status: BETA Current: 16.1.3 Target: 16.1.3
[19Dec2025 00:54:53.265] [Forge Version Check/INFO] [net.minecraftforge.fml.VersionChecker/]: [forge] Starting version check at https://files.minecraftforge.net/net/minecraftforge/forge/promotions_slim.json
[19Dec2025 00:54:53.281] [main/DEBUG] [ModernFix/]: Generated cache for /assets/minecraft in 2.221 ms
[19Dec2025 00:54:53.300] [main/DEBUG] [ModernFix/]: Generated cache for /assets/minecraft in 108.4 μs
[19Dec2025 00:54:53.302] [main/DEBUG] [ModernFix/]: Generated cache for /assets/minecraft in 155.6 μs
[19Dec2025 00:54:53.302] [main/DEBUG] [ModernFix/]: Generated cache for /assets/minecraft in 631.9 μs
[19Dec2025 00:54:53.303] [main/DEBUG] [ModernFix/]: Generated cache for /assets/minecraft in 154.1 μs
[19Dec2025 00:54:53.303] [main/DEBUG] [ModernFix/]: Generated cache for /assets/minecraft in 308.2 μs
[19Dec2025 00:54:53.304] [main/DEBUG] [ModernFix/]: Generated cache for /assets/minecraft in 79.44 μs
[19Dec2025 00:54:53.305] [main/DEBUG] [ModernFix/]: Generated cache for /assets/minecraft in 755.4 μs
[19Dec2025 00:54:53.305] [main/DEBUG] [ModernFix/]: Generated cache for /assets/minecraft in 371.2 μs
[19Dec2025 00:54:53.306] [main/DEBUG] [ModernFix/]: Generated cache for /assets/minecraft in 734.0 μs
[19Dec2025 00:54:53.307] [main/DEBUG] [ModernFix/]: Generated cache for /assets/minecraft in 408.8 μs
[19Dec2025 00:54:53.318] [main/DEBUG] [ModernFix/]: Generated cache for /assets/minecraft in 10.50 ms
[19Dec2025 00:54:53.319] [main/DEBUG] [ModernFix/]: Generated cache for /assets/minecraft in 237.4 μs
[19Dec2025 00:54:53.319] [main/DEBUG] [ModernFix/]: Generated cache for /assets/minecraft in 239.7 μs
[19Dec2025 00:54:53.319] [main/DEBUG] [ModernFix/]: Generated cache for /assets/minecraft in 138.6 μs
[19Dec2025 00:54:53.320] [main/DEBUG] [ModernFix/]: Generated cache for /assets/minecraft in 64.04 μs
[19Dec2025 00:54:53.320] [main/DEBUG] [ModernFix/]: Generated cache for /assets/minecraft in 102.4 μs
[19Dec2025 00:54:53.320] [main/DEBUG] [ModernFix/]: Generated cache for /assets/minecraft in 38.41 μs
[19Dec2025 00:54:53.321] [main/DEBUG] [ModernFix/]: Generated cache for /assets/minecraft in 388.5 μs
[19Dec2025 00:54:53.321] [main/DEBUG] [ModernFix/]: Generated cache for /assets/minecraft in 231.8 μs
[19Dec2025 00:54:53.322] [main/DEBUG] [ModernFix/]: Generated cache for /assets/minecraft in 289.4 μs
[19Dec2025 00:54:53.322] [main/DEBUG] [ModernFix/]: Generated cache for /assets/minecraft in 363.7 μs
[19Dec2025 00:54:53.323] [main/DEBUG] [ModernFix/]: Generated cache for /assets/minecraft in 284.5 μs
[19Dec2025 00:54:53.323] [main/DEBUG] [ModernFix/]: Generated cache for /assets/minecraft in 44.77 μs
[19Dec2025 00:54:53.323] [main/DEBUG] [ModernFix/]: Generated cache for /assets/minecraft in 190.1 μs
[19Dec2025 00:54:53.324] [main/DEBUG] [ModernFix/]: Generated cache for /assets/minecraft in 33.25 μs
[19Dec2025 00:54:53.329] [main/DEBUG] [ModernFix/]: Generated cache for /assets/minecraft in 4.611 ms
[19Dec2025 00:54:53.329] [main/DEBUG] [ModernFix/]: Generated cache for /assets/minecraft in 249.6 μs
[19Dec2025 00:54:53.330] [main/DEBUG] [ModernFix/]: Generated cache for /assets/minecraft in 246.8 μs
[19Dec2025 00:54:53.331] [main/DEBUG] [ModernFix/]: Generated cache for /assets/minecraft in 748.2 μs
[19Dec2025 00:54:53.335] [main/DEBUG] [ModernFix/]: Generated cache for /assets/minecraft in 3.947 ms
[19Dec2025 00:54:53.337] [main/DEBUG] [ModernFix/]: Generated cache for /assets/minecraft in 1.518 ms
[19Dec2025 00:54:53.340] [main/DEBUG] [ModernFix/]: Generated cache for /assets/minecraft in 3.166 ms
[19Dec2025 00:54:53.343] [main/DEBUG] [ModernFix/]: Generated cache for /assets/minecraft in 2.478 ms
[19Dec2025 00:54:53.344] [main/DEBUG] [ModernFix/]: Generated cache for /assets/minecraft in 231.5 μs
[19Dec2025 00:54:53.344] [main/DEBUG] [ModernFix/]: Generated cache for /assets/minecraft in 81.14 μs
[19Dec2025 00:54:53.344] [main/DEBUG] [ModernFix/]: Generated cache for /assets/minecraft in 35.04 μs
[19Dec2025 00:54:53.345] [main/DEBUG] [ModernFix/]: Generated cache for /assets/minecraft in 154.0 μs
[19Dec2025 00:54:53.345] [main/DEBUG] [ModernFix/]: Generated cache for /assets/minecraft in 526.3 μs
[19Dec2025 00:54:53.345] [main/DEBUG] [ModernFix/]: Generated cache for /assets/minecraft in 77.04 μs
[19Dec2025 00:54:53.346] [main/DEBUG] [ModernFix/]: Generated cache for /assets/minecraft in 59.79 μs
[19Dec2025 00:54:53.362] [main/DEBUG] [ModernFix/]: Generated cache for /assets/minecraft in 8.065 ms
[19Dec2025 00:54:53.364] [main/DEBUG] [ModernFix/]: Generated cache for /assets/minecraft in 1.642 ms
[19Dec2025 00:54:53.366] [main/DEBUG] [ModernFix/]: Generated cache for /assets/minecraft in 1.880 ms
[19Dec2025 00:54:53.366] [main/DEBUG] [ModernFix/]: Generated cache for /assets/minecraft in 61.41 μs
[19Dec2025 00:54:53.367] [main/DEBUG] [ModernFix/]: Generated cache for /assets/minecraft in 49.00 μs
[19Dec2025 00:54:53.393] [main/DEBUG] [ModernFix/]: Generated cache for /assets/minecraft in 25.66 ms
[19Dec2025 00:54:53.393] [main/DEBUG] [ModernFix/]: Generated cache for /assets/minecraft in 59.73 μs
[19Dec2025 00:54:53.394] [main/DEBUG] [ModernFix/]: Generated cache for /assets/minecraft in 515.3 μs
[19Dec2025 00:54:53.395] [main/DEBUG] [ModernFix/]: Generated cache for /assets/minecraft in 365.4 μs
[19Dec2025 00:54:53.396] [main/DEBUG] [ModernFix/]: Generated cache for /assets/minecraft in 455.9 μs
[19Dec2025 00:54:53.396] [main/DEBUG] [ModernFix/]: Generated cache for /assets/minecraft in 98.77 μs
[19Dec2025 00:54:53.397] [main/DEBUG] [ModernFix/]: Generated cache for /assets/minecraft in 99.03 μs
[19Dec2025 00:54:53.397] [main/DEBUG] [ModernFix/]: Generated cache for /assets/minecraft in 101.7 μs
[19Dec2025 00:54:53.397] [main/DEBUG] [ModernFix/]: Generated cache for /assets/minecraft in 38.90 μs
[19Dec2025 00:54:53.398] [main/DEBUG] [ModernFix/]: Generated cache for /assets/minecraft in 36.20 μs
[19Dec2025 00:54:53.398] [main/DEBUG] [ModernFix/]: Generated cache for /assets/minecraft in 258.3 μs
[19Dec2025 00:54:53.398] [main/DEBUG] [ModernFix/]: Generated cache for /assets/minecraft in 81.61 μs
[19Dec2025 00:54:53.399] [main/DEBUG] [ModernFix/]: Generated cache for /assets/minecraft in 502.4 μs
[19Dec2025 00:54:53.399] [main/DEBUG] [ModernFix/]: Generated cache for /assets/minecraft in 63.26 μs
[19Dec2025 00:54:53.400] [main/DEBUG] [ModernFix/]: Generated cache for /assets/minecraft in 45.52 μs
[19Dec2025 00:54:53.400] [main/DEBUG] [ModernFix/]: Generated cache for /assets/minecraft in 175.9 μs
[19Dec2025 00:54:53.401] [main/DEBUG] [ModernFix/]: Generated cache for /assets/minecraft in 382.8 μs
[19Dec2025 00:54:53.401] [main/DEBUG] [ModernFix/]: Generated cache for /assets/minecraft in 71.56 μs
[19Dec2025 00:54:53.402] [main/DEBUG] [ModernFix/]: Generated cache for /assets/minecraft in 407.4 μs
[19Dec2025 00:54:53.402] [main/DEBUG] [ModernFix/]: Generated cache for /assets/minecraft in 497.1 μs
[19Dec2025 00:54:53.403] [main/DEBUG] [ModernFix/]: Generated cache for /assets/minecraft in 262.5 μs
[19Dec2025 00:54:53.404] [main/DEBUG] [ModernFix/]: Generated cache for /assets/minecraft in 682.6 μs
[19Dec2025 00:54:53.404] [main/DEBUG] [ModernFix/]: Generated cache for /assets/minecraft in 47.58 μs
[19Dec2025 00:54:53.404] [main/DEBUG] [ModernFix/]: Generated cache for /assets/minecraft in 58.76 μs
[19Dec2025 00:54:53.409] [main/ERROR] [net.minecraftforge.fml.loading.RuntimeDistCleaner/DISTXFORM]: Attempted to load class com/mojang/blaze3d/vertex/PoseStack for invalid dist DEDICATED_SERVER
[19Dec2025 00:54:53.421] [main/INFO] [KubeJS Server/]: example.js#5: Hello, World! (Loaded server scripts)
[19Dec2025 00:54:53.422] [main/INFO] [KubeJS Server/]: Loaded script server_scripts:example.js in 0.001 s
[19Dec2025 00:54:53.422] [main/INFO] [KubeJS Server/]: Loaded 1/1 KubeJS server scripts in 0.017 s
[19Dec2025 00:54:53.423] [main/INFO] [KubeJS Server/]: Scripts loaded
[19Dec2025 00:54:53.424] [main/DEBUG] [mixin/]: Mixing perf.kubejs.RecipeEventJSMixin from modernfix-forge.mixins.json into dev.latvian.mods.kubejs.recipe.RecipesEventJS
[19Dec2025 00:54:53.436] [Forge Version Check/DEBUG] [net.minecraftforge.fml.VersionChecker/]: [forge] Received version check data:
{
  "homepage": "https://files.minecraftforge.net/net/minecraftforge/forge/",
  "promos": {
    "1.1-latest": "1.3.4.29",
    "1.2.3-latest": "1.4.1.64",
    "1.2.4-latest": "2.0.0.68",
    "1.2.5-latest": "3.4.9.171",
    "1.3.2-latest": "4.3.5.318",
    "1.4.0-latest": "5.0.0.326",
    "1.4.1-latest": "6.0.0.329",
    "1.4.2-latest": "6.0.1.355",
    "1.4.3-latest": "6.2.1.358",
    "1.4.4-latest": "6.3.0.378",
    "1.4.5-latest": "6.4.2.448",
    "1.4.6-latest": "6.5.0.489",
    "1.4.7-latest": "6.6.2.534",
    "1.5-latest": "7.7.0.598",
    "1.5.1-latest": "7.7.2.682",
    "1.5.2-latest": "7.8.1.738",
    "1.5.2-recommended": "7.8.1.738",
    "1.6.1-latest": "8.9.0.775",
    "1.6.2-latest": "9.10.1.871",
    "1.6.2-recommended": "9.10.1.871",
    "1.6.3-latest": "9.11.0.878",
    "1.6.4-latest": "9.11.1.1345",
    "1.6.4-recommended": "9.11.1.1345",
    "1.7.2-latest": "10.12.2.1161",
    "1.7.2-recommended": "10.12.2.1161",
    "1.7.10-latest": "10.13.4.1614",
    "1.7.10-recommended": "10.13.4.1614",
    "1.8-latest": "11.14.4.1577",
    "1.8-recommended": "11.14.4.1563",
    "1.8.8-latest": "11.15.0.1655",
    "1.8.9-latest": "11.15.1.2318",
    "1.8.9-recommended": "11.15.1.2318",
    "1.9-latest": "12.16.1.1938",
    "1.9-recommended": "12.16.1.1887",
    "1.9.4-latest": "12.17.0.2317",
    "1.9.4-recommended": "12.17.0.2317",
    "1.10-latest": "12.18.0.2000",
    "1.10.2-latest": "12.18.3.2511",
    "1.10.2-recommended": "12.18.3.2511",
    "1.11-latest": "13.19.1.2199",
    "1.11-recommended": "13.19.1.2189",
    "1.11.2-latest": "13.20.1.2588",
    "1.11.2-recommended": "13.20.1.2588",
    "1.12-latest": "14.21.1.2443",
    "1.12-recommended": "14.21.1.2387",
    "1.12.1-latest": "14.22.1.2485",
    "1.12.1-recommended": "14.22.1.2478",
    "1.12.2-latest": "14.23.5.2864",
    "1.12.2-recommended": "14.23.5.2859",
    "1.13.2-latest": "25.0.223",
    "1.14.2-latest": "26.0.63",
    "1.14.3-latest": "27.0.60",
    "1.14.4-latest": "28.2.27",
    "1.14.4-recommended": "28.2.26",
    "1.15-latest": "29.0.4",
    "1.15.1-latest": "30.0.51",
    "1.15.2-latest": "31.2.60",
    "1.15.2-recommended": "31.2.57",
    "1.16.1-latest": "32.0.108",
    "1.16.2-latest": "33.0.61",
    "1.16.3-latest": "34.1.42",
    "1.16.3-recommended": "34.1.0",
    "1.16.4-latest": "35.1.37",
    "1.16.4-recommended": "35.1.4",
    "1.16.5-latest": "36.2.42",
    "1.16.5-recommended": "36.2.34",
    "1.17.1-latest": "37.1.1",
    "1.17.1-recommended": "37.1.1",
    "1.18-latest": "38.0.17",
    "1.18.1-latest": "39.1.2",
    "1.18.1-recommended": "39.1.0",
    "1.18.2-recommended": "40.3.0",
    "1.18.2-latest": "40.3.12",
    "1.19-latest": "41.1.0",
    "1.19-recommended": "41.1.0",
    "1.19.1-latest": "42.0.9",
    "1.19.2-recommended": "43.5.0",
    "1.19.2-latest": "43.5.2",
    "1.19.3-latest": "44.1.23",
    "1.19.3-recommended": "44.1.0",
    "1.19.4-recommended": "45.4.0",
    "1.19.4-latest": "45.4.3",
    "1.20-latest": "46.0.14",
    "1.20.1-recommended": "47.4.10",
    "1.20.1-latest": "47.4.13",
    "1.20.2-latest": "48.1.0",
    "1.20.2-recommended": "48.1.0",
    "1.20.3-latest": "49.0.2",
    "1.20.4-latest": "49.2.4",
    "1.20.4-recommended": "49.2.0",
    "1.20.6-latest": "50.2.4",
    "1.20.6-recommended": "50.2.0",
    "1.21-latest": "51.0.33",
    "1.21.1-latest": "52.1.8",
    "1.21.1-recommended": "52.1.0",
    "1.21.3-latest": "53.1.6",
    "1.21.3-recommended": "53.1.0",
    "1.21.4-latest": "54.1.11",
    "1.21.4-recommended": "54.1.0",
    "1.21.5-latest": "55.1.4",
    "1.21.5-recommended": "55.1.0",
    "1.21.6-latest": "56.0.9",
    "1.21.7-latest": "57.0.3",
    "1.21.8-latest": "58.1.11",
    "1.21.8-recommended": "58.1.0",
    "1.21.9-latest": "59.0.5",
    "1.21.10-latest": "60.1.5",
    "1.21.10-recommended": "60.1.0",
    "1.21.11-latest": "61.0.3"
  }
}
[19Dec2025 00:54:53.436] [Forge Version Check/INFO] [net.minecraftforge.fml.VersionChecker/]: [forge] Found status: OUTDATED Current: 43.4.2 Target: 43.5.0
[19Dec2025 00:54:53.437] [Forge Version Check/INFO] [net.minecraftforge.fml.VersionChecker/]: [simplebackups] Starting version check at https://assets.melanx.de/updates/simple-backups.json
[19Dec2025 00:54:53.594] [Forge Version Check/DEBUG] [net.minecraftforge.fml.VersionChecker/]: [simplebackups] Received version check data:
{
  "homepage": "https://www.curseforge.com/minecraft/mc-mods/simple-backups",
  "promos": {
    "1.18.1-latest": "1.18.1-1.0.1",
    "1.18.2-recommended": "1.18.2-1.1.18",
    "1.18.2-latest": "1.18.2-1.1.18",
    "1.19-recommended": "1.19-2.0.2",
    "1.19-latest": "1.19-2.0.2",
    "1.19.1-recommended": "1.19.1-2.1.15",
    "1.19.1-latest": "1.19.1-2.1.15",
    "1.19.2-recommended": "1.19.1-2.1.12",
    "1.19.2-latest": "1.19.1-2.1.12",
    "1.19.3-recommended": "1.19.1-2.1.12",
    "1.19.3-latest": "1.19.1-2.1.12",
    "1.19.4-recommended": "1.19.4-2.2.11",
    "1.19.4-latest": "1.19.4-2.2.11",
    "1.20-recommended": "1.20-3.0.0",
    "1.20-latest": "1.20-3.0.0",
    "1.20.1-recommended": "1.20.1-3.1.18",
    "1.21-recommended": "1.21-4.0.7",
    "1.21-latest": "1.21-4.0.7",
    "1.21.1-recommended": "1.21-4.0.21",
    "1.21.1-latest": "1.21-4.0.24",
    "1.21.10-recommended": "21.9.1",
    "1.21.10-latest": "21.9.4",
    "1.21.11-latest": "21.11.0",
    "1.21.2-recommended": "1.21-4.0.21",
    "1.21.2-latest": "1.21-4.0.24",
    "1.21.3-recommended": "1.21-4.0.21",
    "1.21.3-latest": "1.21-4.0.24",
    "1.21.4-recommended": "1.21-4.0.21",
    "1.21.4-latest": "1.21-4.0.24",
    "1.21.5-recommended": "21.5.8",
    "1.21.5-latest": "21.5.8",
    "1.21.6-recommended": "21.6.4",
    "1.21.6-latest": "21.6.7",
    "1.21.7-recommended": "21.6.4",
    "1.21.7-latest": "21.6.7",
    "1.21.8-recommended": "21.6.4",
    "1.21.8-latest": "21.6.7",
    "1.21.9-recommended": "21.9.1",
    "1.21.9-latest": "21.9.4"
  },
  "1.18.1": {
    "1.18.1-1.0.0": "add badges to Readme - MelanX",
    "1.18.1-1.0.1": "fix display test when server has the mod and client doesn't - MelanX"
  },
  "1.18.2": {
    "1.18.2-1.1.0": "Update to 1.18.2 - MelanX",
    "1.18.2-1.1.1": "Add config for output directory - MelanX",
    "1.18.2-1.1.2": "Add config to disable messages - MelanX",
    "1.18.2-1.1.3": "See 1.1.2, real change is not working",
    "1.18.2-1.1.4": "add command to start backup manually - MelanX\nMerge remote-tracking branch 'origin/1.18.x' into 1.18.x - MelanX\nfix possible crash - MelanX\nremove spam in log - MelanX\nRevert \"Allow 1.18.2 version on 1.18.1\" - MelanX",
    "1.18.2-1.1.5": "add update json url - MelanX",
    "1.18.2-1.1.6": "fix backup not working correctly when using symbolic junction links - MelanX",
    "1.18.2-1.1.7": "delete files in backup thread -> prevents server crashing - MelanX",
    "1.18.2-1.1.8": "fix values in message not being replaced when mod not on client - MelanX",
    "1.18.2-1.1.9": "fix backup on each world join - MelanX",
    "1.18.2-1.1.10": "add mc2discord compat - MelanX",
    "1.18.2-1.1.11": "add config to only back up modified data - MelanX",
    "1.18.2-1.1.12": "you need cheats enabled to use commands now - MelanX",
    "1.18.2-1.1.13": "fix directories result in infinite loop - MelanX",
    "1.18.2-1.1.14": "add a way to restore incremental backups - MelanX",
    "1.18.2-1.1.15": "add config to extend backups path with level name - MelanX\nadd timer for full backups when only modified files should be saved - MelanX\nadd config that all users receive the messages (default true) - MelanX\nadd compression level config - MelanX\nadd config to completely disable the mod - MelanX\nadd server config to allow using commands without cheats enabled - MelanX\nadd command to pause backups - MelanX",
    "1.18.2-1.1.16": "Add config to save-all before backup - MelanX",
    "1.18.2-1.1.17": "Add better logging when triggering a backup on server - MelanX\nHandle missing files during backup - MelanX",
    "1.18.2-1.1.18": "Improve exception detail for failed file backups - MelanX\nAdd \"biomancy.spatial.db\" as hard-coded ignored file - MelanX"
  },
  "1.19": {
    "1.19-2.0.0": "port to 1.19 - MelanX",
    "1.19-2.0.1": "fix backup on each world join - MelanX",
    "1.19-2.0.2": "Update to Forge 41.0.98+ - MelanX"
  },
  "1.19.1": {
    "1.19.1-2.1.0": "port to 1.19.1 - MelanX",
    "1.19.1-2.1.1": "",
    "1.19.1-2.1.2": "add config to only back up modified data - MelanX",
    "1.19.1-2.1.3": "you need cheats enabled to use commands now - MelanX\nadd command to pause backups - MelanX",
    "1.19.1-2.1.4": "add server config to allow using commands without cheats enabled - MelanX",
    "1.19.1-2.1.5": "add config to completely disable the mod - MelanX",
    "1.19.1-2.1.6": "fix wrong config comment - MelanX",
    "1.19.1-2.1.7": "Merge pull request #10 from FITFC/1.19.x - MelanX\nadded lang/pt-br - FITFC",
    "1.19.1-2.1.8": "Merge remote-tracking branch 'origin/1.19.x' into 1.19.x - MelanX\nadd compression level config - MelanX",
    "1.19.1-2.1.9": "Merge pull request #13 from KnottyManatee55/patch-1 - MelanX\nadd timer for full backups when only modified files should be saved - MelanX\nadd config that all users receive the messages (default true) - MelanX\nupdate badges - MelanX\nAdding Russian localization - Dmitry Kiselev",
    "1.19.1-2.1.10": "fix directories result in infinite loop - MelanX",
    "1.19.1-2.1.11": "tr_tr.json Turkish Localization (1.19.x) - RuyaSavascisi\nadd config to extend backups path with level name - MelanX\nadd a way to restore incremental backups - MelanX\nfix symlink worlds - MelanX\nfix location of ru_ru.json - MelanX",
    "1.19.1-2.1.12": "Add config to save-all before backup - MelanX",
    "1.19.1-2.1.14": "Add better logging when triggering a backup on server - MelanX\nHandle missing files during backup - MelanX",
    "1.19.1-2.1.15": "Improve exception detail for failed file backups - MelanX\nAdd \"biomancy.spatial.db\" as hard-coded ignored file - MelanX"
  },
  "1.19.2": {
    "1.19.1-2.1.0": "port to 1.19.1 - MelanX",
    "1.19.1-2.1.1": "",
    "1.19.1-2.1.2": "add config to only back up modified data - MelanX",
    "1.19.1-2.1.3": "you need cheats enabled to use commands now - MelanX\nadd command to pause backups - MelanX",
    "1.19.1-2.1.4": "add server config to allow using commands without cheats enabled - MelanX",
    "1.19.1-2.1.5": "add config to completely disable the mod - MelanX",
    "1.19.1-2.1.6": "fix wrong config comment - MelanX",
    "1.19.1-2.1.7": "Merge pull request #10 from FITFC/1.19.x - MelanX\nadded lang/pt-br - FITFC",
    "1.19.1-2.1.8": "Merge remote-tracking branch 'origin/1.19.x' into 1.19.x - MelanX\nadd compression level config - MelanX",
    "1.19.1-2.1.9": "Merge pull request #13 from KnottyManatee55/patch-1 - MelanX\nadd timer for full backups when only modified files should be saved - MelanX\nadd config that all users receive the messages (default true) - MelanX\nupdate badges - MelanX\nAdding Russian localization - Dmitry Kiselev",
    "1.19.1-2.1.10": "fix directories result in infinite loop - MelanX",
    "1.19.1-2.1.11": "tr_tr.json Turkish Localization (1.19.x) - RuyaSavascisi\nadd config to extend backups path with level name - MelanX\nadd a way to restore incremental backups - MelanX\nfix symlink worlds - MelanX\nfix location of ru_ru.json - MelanX",
    "1.19.1-2.1.12": "Add config to save-all before backup - MelanX"
  },
  "1.19.3": {
    "1.19.1-2.1.4": "add server config to allow using commands without cheats enabled - MelanX",
    "1.19.1-2.1.5": "add config to completely disable the mod - MelanX",
    "1.19.1-2.1.9": "Merge pull request #13 from KnottyManatee55/patch-1 - MelanX\nadd timer for full backups when only modified files should be saved - MelanX\nadd config that all users receive the messages (default true) - MelanX\nupdate badges - MelanX\nAdding Russian localization - Dmitry Kiselev",
    "1.19.1-2.1.10": "fix directories result in infinite loop - MelanX",
    "1.19.1-2.1.11": "tr_tr.json Turkish Localization (1.19.x) - RuyaSavascisi\nadd config to extend backups path with level name - MelanX\nadd a way to restore incremental backups - MelanX\nfix symlink worlds - MelanX\nfix location of ru_ru.json - MelanX",
    "1.19.1-2.1.12": "Add config to save-all before backup - MelanX"
  },
  "1.19.4": {
    "1.19.4-2.2.0": "1.19.4 - MelanX",
    "1.19.4-2.2.1": "fix directories result in infinite loop - MelanX",
    "1.19.4-2.2.2": "fix location of ru_ru.json - MelanX",
    "1.19.4-2.2.3": "fix display test if not present on any side - MelanX",
    "1.19.4-2.2.4": "fix mc2discord messages - MelanX\nfix incorrect version tags - MelanX",
    "1.19.4-2.2.5": "fix symlink worlds - MelanX\nfix mc2discord compat (hopefully) - MelanX",
    "1.19.4-2.2.6": "add a way to restore incremental backups - MelanX",
    "1.19.4-2.2.7": "add config to extend backups path with level name - MelanX",
    "1.19.4-2.2.8": "tr_tr.json Turkish Localization (1.19.x) - RuyaSavascisi",
    "1.19.4-2.2.9": "Add config to save-all before backup - MelanX",
    "1.19.4-2.2.10": "Add better logging when triggering a backup on server - MelanX\nHandle missing files during backup - MelanX",
    "1.19.4-2.2.11": "Improve exception detail for failed file backups - MelanX\nAdd \"biomancy.spatial.db\" as hard-coded ignored file - MelanX"
  },
  "1.20": {
    "1.20-3.0.0": "1.20 - MelanX"
  },
  "1.20.1": {
    "1.20.1-3.1.0": "1.20.1 - MelanX\nadd links to commits in changelog - MelanX",
    "1.20.1-3.1.1": "fix display test if not present on any side - MelanX",
    "1.20.1-3.1.2": "fix mc2discord messages - MelanX",
    "1.20.1-3.1.3": "fix symlink worlds - MelanX\nfix mc2discord compat (hopefully) - MelanX",
    "1.20.1-3.1.4": "add a way to restore incremental backups - MelanX",
    "1.20.1-3.1.5": "add config to allow backups when nobody is online - MelanX",
    "1.20.1-3.1.6": "add config to extend backups path with level name - MelanX",
    "1.20.1-3.1.7": "tr_tr.json Turkish Localization (1.20.x) (#34) - RuyaSavascisi",
    "1.20.1-3.1.8": "Add tick counter option - MelanX",
    "1.20.1-3.1.9": "Add option to exclude files/directories - MelanX\nImprove compression level config comments for clarity - MelanX",
    "1.20.1-3.1.10": "Fix backups being empty - MelanX",
    "1.20.1-3.1.11": "Add config to save-all before backup - MelanX",
    "1.20.1-3.1.12": "Add better logging when triggering a backup on server - MelanX\nHandle missing files during backup - MelanX",
    "1.20.1-3.1.13": "Add disk space check before backup creation - MelanX",
    "1.20.1-3.1.15": "Handle missing files during backup - MelanX",
    "1.20.1-3.1.16": "Fix temporary files during backup cause error backing up - MelanX",
    "1.20.1-3.1.17": "Add config to only backup favorite worlds (Cherished Worlds compat) - MelanX",
    "1.20.1-3.1.18": "Improve exception detail for failed file backups - MelanX\nAdd \"biomancy.spatial.db\" as hard-coded ignored file - MelanX",
    "1.20.1-3.1.19": "Fix full backup ran every time on MODIFIED_SINCE_LAST on too high full backup timers - MelanX",
    "1.20.1-3.1.21": "Improve error handling - MelanX"
  },
  "1.21": {
    "1.21-4.0.0": "1.21 - MelanX",
    "1.21-4.0.1": "fix network net working - MelanX",
    "1.21-4.0.2": "fix crash on newer neoforge version - MelanX\nupdate badges - MelanX",
    "1.21-4.0.3": "Create zh_cn (#30) - Cactus_student",
    "1.21-4.0.4": "Add Traditional Chinese (zh_tw.json) (#31) - dirtTW",
    "1.21-4.0.5": "tr_tr.json Turkish Localization (1.21.x) (#35) - RuyaSavascisi",
    "1.21-4.0.6": "Add tick counter option - MelanX",
    "1.21-4.0.7": "Japanese translation added (#37) - Konuma Takaki"
  },
  "1.21.1": {
    "1.21-4.0.6": "Add tick counter option - MelanX",
    "1.21-4.0.7": "Japanese translation added (#37) - Konuma Takaki",
    "1.21-4.0.8": "Fix translations for clients without mod installed - MelanX",
    "1.21-4.0.9": "Add config screen support - MelanX\nFix translations for clients without mod installed - MelanX\nJapanese translation added (#37) - Konuma Takaki\nAdd tick counter option - MelanX\ntr_tr.json Turkish Localization (1.21.x) (#35) - RuyaSavascisi\nAdd Traditional Chinese (zh_tw.json) (#31) - dirtTW\nCreate zh_cn (#30) - Cactus_student\nMerge remote-tracking branch 'origin/1.21.x' into 1.21.x - MelanX\nfix crash on newer neoforge version - MelanX\nupdate badges - MelanX\nfix network net working - MelanX\nmore fixes - MelanX\nfixes - MelanX\nadd some more configuration - MelanX\nstart working on neoforge - MelanX\nAdd temporary maven stuff - MelanX\nadd config to extend backups path with level name - MelanX\nadd config to allow backups when nobody is online - MelanX\nadd a way to restore incremental backups - MelanX\nfix symlink worlds - MelanX\nfix mc2discord compat (hopefully) - MelanX\nfix mc2discord messages - MelanX\nfix display test if not present on any side - MelanX\n1.20.1 - MelanX\nadd links to commits in changelog - MelanX\nfix location of ru_ru.json - MelanX\n1.20 - MelanX\nfix directories result in infinite loop - MelanX\n1.19.4 - MelanX\nMerge pull request #13 from KnottyManatee55/patch-1 - MelanX\nadd timer for full backups when only modified files should be saved - MelanX\nadd config that all users receive the messages (default true) - MelanX\nupdate badges - MelanX\nAdding Russian localization - Dmitry Kiselev\nMerge remote-tracking branch 'origin/1.19.x' into 1.19.x - MelanX\nadd compression level config - MelanX\nMerge pull request #10 from FITFC/1.19.x - MelanX\nadded lang/pt-br - FITFC\nfix wrong config comment - MelanX\nadd config to completely disable the mod - MelanX\nadd server config to allow using commands without cheats enabled - MelanX\nyou need cheats enabled to use commands now - MelanX\nadd command to pause backups - MelanX\nadd config to only back up modified data - MelanX\nadd mc2discord compat - MelanX\nbump version - MelanX\nport to 1.19.1 - MelanX\nUpdate to Forge 41.0.98+ - MelanX\nfix backup on each world join - MelanX\nport to 1.19 - MelanX\nfix values in message not being replaced when mod not on client - MelanX\ndelete files in backup thread -> prevents server crashing - MelanX\nfix backup not working correctly when using symbolic junction links - MelanX\nadd update json url - MelanX\nadd command to start backup manually - MelanX\nMerge remote-tracking branch 'origin/1.18.x' into 1.18.x - MelanX\nfix possible crash - MelanX\nremove spam in log - MelanX\nRevert \"Allow 1.18.2 version on 1.18.1\" - MelanX\nAllow 1.18.2 version on 1.18.1 - MelanX\nAllow 1.18.2 version on 1.18.1 - MelanX\nAdd config to disable messages - MelanX\nAdd config for output directory - MelanX\nUpdate to 1.18.2 - MelanX\nfix display test when server has the mod and client doesn't - MelanX\nadd badges to Readme - MelanX\nInitial release - MelanX",
    "1.21-4.0.10": "Fix server crash - MelanX",
    "1.21-4.0.12": "Add option to exclude files/directories - MelanX",
    "1.21-4.0.13": "Add translations for ignored paths and files configuration - MelanX\nImprove compression level config comments for clarity - MelanX",
    "1.21-4.0.14": "Update ru_ru.json (#49) - Korben",
    "1.21-4.0.15": "Add config to save-all before backup - MelanX",
    "1.21-4.0.16": "Add better logging when triggering a backup on server - MelanX\nHandle missing files during backup - MelanX",
    "1.21-4.0.17": "Handle missing files during backup - MelanX",
    "1.21-4.0.18": "Add disk space check before backup creation - MelanX",
    "1.21-4.0.19": "Fix temporary files during backup cause error backing up - MelanX",
    "1.21-4.0.20": "Add config to only backup favorite worlds (Cherished Worlds compat) - MelanX",
    "1.21-4.0.21": "Improve exception detail for failed file backups - MelanX\nAdd \"biomancy.spatial.db\" as hard-coded ignored file - MelanX",
    "1.21-4.0.22": "Mark as beta because of new error handling - MelanX\nImprove error handling - MelanX",
    "1.21-4.0.23": "Fix full backup ran every time on MODIFIED_SINCE_LAST on too high full backup timers - MelanX",
    "1.21-4.0.24": "Add experimental backup chains system - MelanX"
  },
  "1.21.10": {
    "21.9.0": "1.21.9 - MelanX",
    "21.9.1": "Improve exception detail for failed file backups - MelanX\nAdd \"biomancy.spatial.db\" as hard-coded ignored file - MelanX",
    "21.9.2": "Mark as beta because of new error handling - MelanX\nImprove error handling - MelanX",
    "21.9.3": "Fix full backup ran every time on MODIFIED_SINCE_LAST on too high full backup timers - MelanX",
    "21.9.4": "Add experimental backup chains system - MelanX\nI hope nothing breaks, more info on GitHub"
  },
  "1.21.11": {
    "21.11.0": "1.21.11 - experimental config is default now - MelanX"
  },
  "1.21.2": {
    "1.21-4.0.6": "Add tick counter option - MelanX",
    "1.21-4.0.7": "Japanese translation added (#37) - Konuma Takaki",
    "1.21-4.0.8": "Fix translations for clients without mod installed - MelanX",
    "1.21-4.0.9": "Add config screen support - MelanX\nFix translations for clients without mod installed - MelanX\nJapanese translation added (#37) - Konuma Takaki\nAdd tick counter option - MelanX\ntr_tr.json Turkish Localization (1.21.x) (#35) - RuyaSavascisi\nAdd Traditional Chinese (zh_tw.json) (#31) - dirtTW\nCreate zh_cn (#30) - Cactus_student\nMerge remote-tracking branch 'origin/1.21.x' into 1.21.x - MelanX\nfix crash on newer neoforge version - MelanX\nupdate badges - MelanX\nfix network net working - MelanX\nmore fixes - MelanX\nfixes - MelanX\nadd some more configuration - MelanX\nstart working on neoforge - MelanX\nAdd temporary maven stuff - MelanX\nadd config to extend backups path with level name - MelanX\nadd config to allow backups when nobody is online - MelanX\nadd a way to restore incremental backups - MelanX\nfix symlink worlds - MelanX\nfix mc2discord compat (hopefully) - MelanX\nfix mc2discord messages - MelanX\nfix display test if not present on any side - MelanX\n1.20.1 - MelanX\nadd links to commits in changelog - MelanX\nfix location of ru_ru.json - MelanX\n1.20 - MelanX\nfix directories result in infinite loop - MelanX\n1.19.4 - MelanX\nMerge pull request #13 from KnottyManatee55/patch-1 - MelanX\nadd timer for full backups when only modified files should be saved - MelanX\nadd config that all users receive the messages (default true) - MelanX\nupdate badges - MelanX\nAdding Russian localization - Dmitry Kiselev\nMerge remote-tracking branch 'origin/1.19.x' into 1.19.x - MelanX\nadd compression level config - MelanX\nMerge pull request #10 from FITFC/1.19.x - MelanX\nadded lang/pt-br - FITFC\nfix wrong config comment - MelanX\nadd config to completely disable the mod - MelanX\nadd server config to allow using commands without cheats enabled - MelanX\nyou need cheats enabled to use commands now - MelanX\nadd command to pause backups - MelanX\nadd config to only back up modified data - MelanX\nadd mc2discord compat - MelanX\nbump version - MelanX\nport to 1.19.1 - MelanX\nUpdate to Forge 41.0.98+ - MelanX\nfix backup on each world join - MelanX\nport to 1.19 - MelanX\nfix values in message not being replaced when mod not on client - MelanX\ndelete files in backup thread -> prevents server crashing - MelanX\nfix backup not working correctly when using symbolic junction links - MelanX\nadd update json url - MelanX\nadd command to start backup manually - MelanX\nMerge remote-tracking branch 'origin/1.18.x' into 1.18.x - MelanX\nfix possible crash - MelanX\nremove spam in log - MelanX\nRevert \"Allow 1.18.2 version on 1.18.1\" - MelanX\nAllow 1.18.2 version on 1.18.1 - MelanX\nAllow 1.18.2 version on 1.18.1 - MelanX\nAdd config to disable messages - MelanX\nAdd config for output directory - MelanX\nUpdate to 1.18.2 - MelanX\nfix display test when server has the mod and client doesn't - MelanX\nadd badges to Readme - MelanX\nInitial release - MelanX",
    "1.21-4.0.10": "Fix server crash - MelanX",
    "1.21-4.0.12": "Add option to exclude files/directories - MelanX",
    "1.21-4.0.13": "Add translations for ignored paths and files configuration - MelanX\nImprove compression level config comments for clarity - MelanX",
    "1.21-4.0.14": "Update ru_ru.json (#49) - Korben",
    "1.21-4.0.15": "Add config to save-all before backup - MelanX",
    "1.21-4.0.16": "Add better logging when triggering a backup on server - MelanX\nHandle missing files during backup - MelanX",
    "1.21-4.0.17": "Handle missing files during backup - MelanX",
    "1.21-4.0.18": "Add disk space check before backup creation - MelanX",
    "1.21-4.0.19": "Fix temporary files during backup cause error backing up - MelanX",
    "1.21-4.0.20": "Add config to only backup favorite worlds (Cherished Worlds compat) - MelanX",
    "1.21-4.0.21": "Improve exception detail for failed file backups - MelanX\nAdd \"biomancy.spatial.db\" as hard-coded ignored file - MelanX",
    "1.21-4.0.22": "Mark as beta because of new error handling - MelanX\nImprove error handling - MelanX",
    "1.21-4.0.23": "Fix full backup ran every time on MODIFIED_SINCE_LAST on too high full backup timers - MelanX",
    "1.21-4.0.24": "Add experimental backup chains system - MelanX"
  },
  "1.21.3": {
    "1.21-4.0.6": "Add tick counter option - MelanX",
    "1.21-4.0.7": "Japanese translation added (#37) - Konuma Takaki",
    "1.21-4.0.8": "Fix translations for clients without mod installed - MelanX",
    "1.21-4.0.9": "Add config screen support - MelanX\nFix translations for clients without mod installed - MelanX\nJapanese translation added (#37) - Konuma Takaki\nAdd tick counter option - MelanX\ntr_tr.json Turkish Localization (1.21.x) (#35) - RuyaSavascisi\nAdd Traditional Chinese (zh_tw.json) (#31) - dirtTW\nCreate zh_cn (#30) - Cactus_student\nMerge remote-tracking branch 'origin/1.21.x' into 1.21.x - MelanX\nfix crash on newer neoforge version - MelanX\nupdate badges - MelanX\nfix network net working - MelanX\nmore fixes - MelanX\nfixes - MelanX\nadd some more configuration - MelanX\nstart working on neoforge - MelanX\nAdd temporary maven stuff - MelanX\nadd config to extend backups path with level name - MelanX\nadd config to allow backups when nobody is online - MelanX\nadd a way to restore incremental backups - MelanX\nfix symlink worlds - MelanX\nfix mc2discord compat (hopefully) - MelanX\nfix mc2discord messages - MelanX\nfix display test if not present on any side - MelanX\n1.20.1 - MelanX\nadd links to commits in changelog - MelanX\nfix location of ru_ru.json - MelanX\n1.20 - MelanX\nfix directories result in infinite loop - MelanX\n1.19.4 - MelanX\nMerge pull request #13 from KnottyManatee55/patch-1 - MelanX\nadd timer for full backups when only modified files should be saved - MelanX\nadd config that all users receive the messages (default true) - MelanX\nupdate badges - MelanX\nAdding Russian localization - Dmitry Kiselev\nMerge remote-tracking branch 'origin/1.19.x' into 1.19.x - MelanX\nadd compression level config - MelanX\nMerge pull request #10 from FITFC/1.19.x - MelanX\nadded lang/pt-br - FITFC\nfix wrong config comment - MelanX\nadd config to completely disable the mod - MelanX\nadd server config to allow using commands without cheats enabled - MelanX\nyou need cheats enabled to use commands now - MelanX\nadd command to pause backups - MelanX\nadd config to only back up modified data - MelanX\nadd mc2discord compat - MelanX\nbump version - MelanX\nport to 1.19.1 - MelanX\nUpdate to Forge 41.0.98+ - MelanX\nfix backup on each world join - MelanX\nport to 1.19 - MelanX\nfix values in message not being replaced when mod not on client - MelanX\ndelete files in backup thread -> prevents server crashing - MelanX\nfix backup not working correctly when using symbolic junction links - MelanX\nadd update json url - MelanX\nadd command to start backup manually - MelanX\nMerge remote-tracking branch 'origin/1.18.x' into 1.18.x - MelanX\nfix possible crash - MelanX\nremove spam in log - MelanX\nRevert \"Allow 1.18.2 version on 1.18.1\" - MelanX\nAllow 1.18.2 version on 1.18.1 - MelanX\nAllow 1.18.2 version on 1.18.1 - MelanX\nAdd config to disable messages - MelanX\nAdd config for output directory - MelanX\nUpdate to 1.18.2 - MelanX\nfix display test when server has the mod and client doesn't - MelanX\nadd badges to Readme - MelanX\nInitial release - MelanX",
    "1.21-4.0.10": "Fix server crash - MelanX",
    "1.21-4.0.12": "Add option to exclude files/directories - MelanX",
    "1.21-4.0.13": "Add translations for ignored paths and files configuration - MelanX\nImprove compression level config comments for clarity - MelanX",
    "1.21-4.0.14": "Update ru_ru.json (#49) - Korben",
    "1.21-4.0.15": "Add config to save-all before backup - MelanX",
    "1.21-4.0.16": "Add better logging when triggering a backup on server - MelanX\nHandle missing files during backup - MelanX",
    "1.21-4.0.17": "Handle missing files during backup - MelanX",
    "1.21-4.0.18": "Add disk space check before backup creation - MelanX",
    "1.21-4.0.19": "Fix temporary files during backup cause error backing up - MelanX",
    "1.21-4.0.20": "Add config to only backup favorite worlds (Cherished Worlds compat) - MelanX",
    "1.21-4.0.21": "Improve exception detail for failed file backups - MelanX\nAdd \"biomancy.spatial.db\" as hard-coded ignored file - MelanX",
    "1.21-4.0.22": "Mark as beta because of new error handling - MelanX\nImprove error handling - MelanX",
    "1.21-4.0.23": "Fix full backup ran every time on MODIFIED_SINCE_LAST on too high full backup timers - MelanX",
    "1.21-4.0.24": "Add experimental backup chains system - MelanX"
  },
  "1.21.4": {
    "1.21-4.0.6": "Add tick counter option - MelanX",
    "1.21-4.0.7": "Japanese translation added (#37) - Konuma Takaki",
    "1.21-4.0.8": "Fix translations for clients without mod installed - MelanX",
    "1.21-4.0.9": "Add config screen support - MelanX\nFix translations for clients without mod installed - MelanX\nJapanese translation added (#37) - Konuma Takaki\nAdd tick counter option - MelanX\ntr_tr.json Turkish Localization (1.21.x) (#35) - RuyaSavascisi\nAdd Traditional Chinese (zh_tw.json) (#31) - dirtTW\nCreate zh_cn (#30) - Cactus_student\nMerge remote-tracking branch 'origin/1.21.x' into 1.21.x - MelanX\nfix crash on newer neoforge version - MelanX\nupdate badges - MelanX\nfix network net working - MelanX\nmore fixes - MelanX\nfixes - MelanX\nadd some more configuration - MelanX\nstart working on neoforge - MelanX\nAdd temporary maven stuff - MelanX\nadd config to extend backups path with level name - MelanX\nadd config to allow backups when nobody is online - MelanX\nadd a way to restore incremental backups - MelanX\nfix symlink worlds - MelanX\nfix mc2discord compat (hopefully) - MelanX\nfix mc2discord messages - MelanX\nfix display test if not present on any side - MelanX\n1.20.1 - MelanX\nadd links to commits in changelog - MelanX\nfix location of ru_ru.json - MelanX\n1.20 - MelanX\nfix directories result in infinite loop - MelanX\n1.19.4 - MelanX\nMerge pull request #13 from KnottyManatee55/patch-1 - MelanX\nadd timer for full backups when only modified files should be saved - MelanX\nadd config that all users receive the messages (default true) - MelanX\nupdate badges - MelanX\nAdding Russian localization - Dmitry Kiselev\nMerge remote-tracking branch 'origin/1.19.x' into 1.19.x - MelanX\nadd compression level config - MelanX\nMerge pull request #10 from FITFC/1.19.x - MelanX\nadded lang/pt-br - FITFC\nfix wrong config comment - MelanX\nadd config to completely disable the mod - MelanX\nadd server config to allow using commands without cheats enabled - MelanX\nyou need cheats enabled to use commands now - MelanX\nadd command to pause backups - MelanX\nadd config to only back up modified data - MelanX\nadd mc2discord compat - MelanX\nbump version - MelanX\nport to 1.19.1 - MelanX\nUpdate to Forge 41.0.98+ - MelanX\nfix backup on each world join - MelanX\nport to 1.19 - MelanX\nfix values in message not being replaced when mod not on client - MelanX\ndelete files in backup thread -> prevents server crashing - MelanX\nfix backup not working correctly when using symbolic junction links - MelanX\nadd update json url - MelanX\nadd command to start backup manually - MelanX\nMerge remote-tracking branch 'origin/1.18.x' into 1.18.x - MelanX\nfix possible crash - MelanX\nremove spam in log - MelanX\nRevert \"Allow 1.18.2 version on 1.18.1\" - MelanX\nAllow 1.18.2 version on 1.18.1 - MelanX\nAllow 1.18.2 version on 1.18.1 - MelanX\nAdd config to disable messages - MelanX\nAdd config for output directory - MelanX\nUpdate to 1.18.2 - MelanX\nfix display test when server has the mod and client doesn't - MelanX\nadd badges to Readme - MelanX\nInitial release - MelanX",
    "1.21-4.0.10": "Fix server crash - MelanX",
    "1.21-4.0.12": "Add option to exclude files/directories - MelanX",
    "1.21-4.0.13": "Add translations for ignored paths and files configuration - MelanX\nImprove compression level config comments for clarity - MelanX",
    "1.21-4.0.14": "Update ru_ru.json (#49) - Korben",
    "1.21-4.0.15": "Add config to save-all before backup - MelanX",
    "1.21-4.0.16": "Add better logging when triggering a backup on server - MelanX\nHandle missing files during backup - MelanX",
    "1.21-4.0.17": "Handle missing files during backup - MelanX",
    "1.21-4.0.18": "Add disk space check before backup creation - MelanX",
    "1.21-4.0.19": "Fix temporary files during backup cause error backing up - MelanX",
    "1.21-4.0.20": "Add config to only backup favorite worlds (Cherished Worlds compat) - MelanX",
    "1.21-4.0.21": "Improve exception detail for failed file backups - MelanX\nAdd \"biomancy.spatial.db\" as hard-coded ignored file - MelanX",
    "1.21-4.0.22": "Mark as beta because of new error handling - MelanX\nImprove error handling - MelanX",
    "1.21-4.0.23": "Fix full backup ran every time on MODIFIED_SINCE_LAST on too high full backup timers - MelanX",
    "1.21-4.0.24": "Add experimental backup chains system - MelanX"
  },
  "1.21.5": {
    "21.5.0": "1.21.5 - MelanX",
    "21.5.1": "Rename GUI layer identifier - MelanX\nAdd config screen support - MelanX",
    "21.5.2": "Fix server crash - MelanX",
    "21.5.4": "Add option to exclude files/directories - MelanX",
    "21.5.5": "Add translations for ignored paths and files configuration - MelanX\nImprove compression level config comments for clarity - MelanX",
    "21.5.6": "Update ru_ru.json (#49) - Korben",
    "21.5.7": "Add config to save-all before backup - MelanX",
    "21.5.8": "Add better logging when triggering a backup on server - MelanX\nHandle missing files during backup - MelanX"
  },
  "1.21.6": {
    "21.6.0": "1.21.6 - MelanX",
    "21.6.1": "Handle missing files during backup - MelanX",
    "21.6.2": "Add disk space check before backup creation - MelanX",
    "21.6.3": "Fix temporary files during backup cause error backing up - MelanX",
    "21.6.4": "Add config to only backup favorite worlds (Cherished Worlds compat) - MelanX",
    "21.6.5": "Mark as beta because of new error handling - MelanX\nImprove error handling - MelanX\nImprove exception detail for failed file backups - MelanX\nAdd \"biomancy.spatial.db\" as hard-coded ignored file - MelanX\nAdd config to only backup favorite worlds (Cherished Worlds compat) - MelanX\nFix temporary files during backup cause error backing up - MelanX\nAdd disk space check before backup creation - MelanX\nHandle missing files during backup - MelanX\n1.21.6 - MelanX\nAdd better logging when triggering a backup on server - MelanX\nHandle missing files during backup - MelanX\nAdd config to save-all before backup - MelanX\nUpdate ru_ru.json (#49) - Korben\nAdd translations for ignored paths and files configuration - MelanX\nImprove compression level config comments for clarity - MelanX\nAdd option to exclude files/directories - MelanX\nFix server crash - MelanX\nRename GUI layer identifier - MelanX\nAdd config screen support - MelanX\n1.21.5 - MelanX\nFix translations for clients without mod installed - MelanX\nJapanese translation added (#37) - Konuma Takaki\nAdd tick counter option - MelanX\ntr_tr.json Turkish Localization (1.21.x) (#35) - RuyaSavascisi\nAdd Traditional Chinese (zh_tw.json) (#31) - dirtTW\nCreate zh_cn (#30) - Cactus_student\nMerge remote-tracking branch 'origin/1.21.x' into 1.21.x - MelanX\nfix crash on newer neoforge version - MelanX\nupdate badges - MelanX\nfix network net working - MelanX\nmore fixes - MelanX\nfixes - MelanX\nadd some more configuration - MelanX\nstart working on neoforge - MelanX\nAdd temporary maven stuff - MelanX\nadd config to extend backups path with level name - MelanX\nadd config to allow backups when nobody is online - MelanX\nadd a way to restore incremental backups - MelanX\nfix symlink worlds - MelanX\nfix mc2discord compat (hopefully) - MelanX\nfix mc2discord messages - MelanX\nfix display test if not present on any side - MelanX\n1.20.1 - MelanX\nadd links to commits in changelog - MelanX\nfix location of ru_ru.json - MelanX\n1.20 - MelanX\nfix directories result in infinite loop - MelanX\n1.19.4 - MelanX\nMerge pull request #13 from KnottyManatee55/patch-1 - MelanX\nadd timer for full backups when only modified files should be saved - MelanX\nadd config that all users receive the messages (default true) - MelanX\nupdate badges - MelanX\nAdding Russian localization - Dmitry Kiselev\nMerge remote-tracking branch 'origin/1.19.x' into 1.19.x - MelanX\nadd compression level config - MelanX\nMerge pull request #10 from FITFC/1.19.x - MelanX\nadded lang/pt-br - FITFC\nfix wrong config comment - MelanX\nadd config to completely disable the mod - MelanX\nadd server config to allow using commands without cheats enabled - MelanX\nyou need cheats enabled to use commands now - MelanX\nadd command to pause backups - MelanX\nadd config to only back up modified data - MelanX\nadd mc2discord compat - MelanX\nbump version - MelanX\nport to 1.19.1 - MelanX\nUpdate to Forge 41.0.98+ - MelanX\nfix backup on each world join - MelanX\nport to 1.19 - MelanX\nfix values in message not being replaced when mod not on client - MelanX\ndelete files in backup thread -> prevents server crashing - MelanX\nfix backup not working correctly when using symbolic junction links - MelanX\nadd update json url - MelanX\nadd command to start backup manually - MelanX\nMerge remote-tracking branch 'origin/1.18.x' into 1.18.x - MelanX\nfix possible crash - MelanX\nremove spam in log - MelanX\nRevert \"Allow 1.18.2 version on 1.18.1\" - MelanX\nAllow 1.18.2 version on 1.18.1 - MelanX\nAllow 1.18.2 version on 1.18.1 - MelanX\nAdd config to disable messages - MelanX\nAdd config for output directory - MelanX\nUpdate to 1.18.2 - MelanX\nfix display test when server has the mod and client doesn't - MelanX\nadd badges to Readme - MelanX\nInitial release - MelanX",
    "21.6.6": "Fix full backup ran every time on MODIFIED_SINCE_LAST on too high full backup timers - MelanX",
    "21.6.7": "Add experimental backup chains system - MelanX\nI hope nothing breaks, more info on GitHub"
  },
  "1.21.7": {
    "21.6.0": "1.21.6 - MelanX",
    "21.6.1": "Handle missing files during backup - MelanX",
    "21.6.2": "Add disk space check before backup creation - MelanX",
    "21.6.3": "Fix temporary files during backup cause error backing up - MelanX",
    "21.6.4": "Add config to only backup favorite worlds (Cherished Worlds compat) - MelanX",
    "21.6.5": "Mark as beta because of new error handling - MelanX\nImprove error handling - MelanX\nImprove exception detail for failed file backups - MelanX\nAdd \"biomancy.spatial.db\" as hard-coded ignored file - MelanX\nAdd config to only backup favorite worlds (Cherished Worlds compat) - MelanX\nFix temporary files during backup cause error backing up - MelanX\nAdd disk space check before backup creation - MelanX\nHandle missing files during backup - MelanX\n1.21.6 - MelanX\nAdd better logging when triggering a backup on server - MelanX\nHandle missing files during backup - MelanX\nAdd config to save-all before backup - MelanX\nUpdate ru_ru.json (#49) - Korben\nAdd translations for ignored paths and files configuration - MelanX\nImprove compression level config comments for clarity - MelanX\nAdd option to exclude files/directories - MelanX\nFix server crash - MelanX\nRename GUI layer identifier - MelanX\nAdd config screen support - MelanX\n1.21.5 - MelanX\nFix translations for clients without mod installed - MelanX\nJapanese translation added (#37) - Konuma Takaki\nAdd tick counter option - MelanX\ntr_tr.json Turkish Localization (1.21.x) (#35) - RuyaSavascisi\nAdd Traditional Chinese (zh_tw.json) (#31) - dirtTW\nCreate zh_cn (#30) - Cactus_student\nMerge remote-tracking branch 'origin/1.21.x' into 1.21.x - MelanX\nfix crash on newer neoforge version - MelanX\nupdate badges - MelanX\nfix network net working - MelanX\nmore fixes - MelanX\nfixes - MelanX\nadd some more configuration - MelanX\nstart working on neoforge - MelanX\nAdd temporary maven stuff - MelanX\nadd config to extend backups path with level name - MelanX\nadd config to allow backups when nobody is online - MelanX\nadd a way to restore incremental backups - MelanX\nfix symlink worlds - MelanX\nfix mc2discord compat (hopefully) - MelanX\nfix mc2discord messages - MelanX\nfix display test if not present on any side - MelanX\n1.20.1 - MelanX\nadd links to commits in changelog - MelanX\nfix location of ru_ru.json - MelanX\n1.20 - MelanX\nfix directories result in infinite loop - MelanX\n1.19.4 - MelanX\nMerge pull request #13 from KnottyManatee55/patch-1 - MelanX\nadd timer for full backups when only modified files should be saved - MelanX\nadd config that all users receive the messages (default true) - MelanX\nupdate badges - MelanX\nAdding Russian localization - Dmitry Kiselev\nMerge remote-tracking branch 'origin/1.19.x' into 1.19.x - MelanX\nadd compression level config - MelanX\nMerge pull request #10 from FITFC/1.19.x - MelanX\nadded lang/pt-br - FITFC\nfix wrong config comment - MelanX\nadd config to completely disable the mod - MelanX\nadd server config to allow using commands without cheats enabled - MelanX\nyou need cheats enabled to use commands now - MelanX\nadd command to pause backups - MelanX\nadd config to only back up modified data - MelanX\nadd mc2discord compat - MelanX\nbump version - MelanX\nport to 1.19.1 - MelanX\nUpdate to Forge 41.0.98+ - MelanX\nfix backup on each world join - MelanX\nport to 1.19 - MelanX\nfix values in message not being replaced when mod not on client - MelanX\ndelete files in backup thread -> prevents server crashing - MelanX\nfix backup not working correctly when using symbolic junction links - MelanX\nadd update json url - MelanX\nadd command to start backup manually - MelanX\nMerge remote-tracking branch 'origin/1.18.x' into 1.18.x - MelanX\nfix possible crash - MelanX\nremove spam in log - MelanX\nRevert \"Allow 1.18.2 version on 1.18.1\" - MelanX\nAllow 1.18.2 version on 1.18.1 - MelanX\nAllow 1.18.2 version on 1.18.1 - MelanX\nAdd config to disable messages - MelanX\nAdd config for output directory - MelanX\nUpdate to 1.18.2 - MelanX\nfix display test when server has the mod and client doesn't - MelanX\nadd badges to Readme - MelanX\nInitial release - MelanX",
    "21.6.6": "Fix full backup ran every time on MODIFIED_SINCE_LAST on too high full backup timers - MelanX",
    "21.6.7": "Add experimental backup chains system - MelanX\nI hope nothing breaks, more info on GitHub"
  },
  "1.21.8": {
    "21.6.0": "1.21.6 - MelanX",
    "21.6.1": "Handle missing files during backup - MelanX",
    "21.6.2": "Add disk space check before backup creation - MelanX",
    "21.6.3": "Fix temporary files during backup cause error backing up - MelanX",
    "21.6.4": "Add config to only backup favorite worlds (Cherished Worlds compat) - MelanX",
    "21.6.5": "Mark as beta because of new error handling - MelanX\nImprove error handling - MelanX\nImprove exception detail for failed file backups - MelanX\nAdd \"biomancy.spatial.db\" as hard-coded ignored file - MelanX\nAdd config to only backup favorite worlds (Cherished Worlds compat) - MelanX\nFix temporary files during backup cause error backing up - MelanX\nAdd disk space check before backup creation - MelanX\nHandle missing files during backup - MelanX\n1.21.6 - MelanX\nAdd better logging when triggering a backup on server - MelanX\nHandle missing files during backup - MelanX\nAdd config to save-all before backup - MelanX\nUpdate ru_ru.json (#49) - Korben\nAdd translations for ignored paths and files configuration - MelanX\nImprove compression level config comments for clarity - MelanX\nAdd option to exclude files/directories - MelanX\nFix server crash - MelanX\nRename GUI layer identifier - MelanX\nAdd config screen support - MelanX\n1.21.5 - MelanX\nFix translations for clients without mod installed - MelanX\nJapanese translation added (#37) - Konuma Takaki\nAdd tick counter option - MelanX\ntr_tr.json Turkish Localization (1.21.x) (#35) - RuyaSavascisi\nAdd Traditional Chinese (zh_tw.json) (#31) - dirtTW\nCreate zh_cn (#30) - Cactus_student\nMerge remote-tracking branch 'origin/1.21.x' into 1.21.x - MelanX\nfix crash on newer neoforge version - MelanX\nupdate badges - MelanX\nfix network net working - MelanX\nmore fixes - MelanX\nfixes - MelanX\nadd some more configuration - MelanX\nstart working on neoforge - MelanX\nAdd temporary maven stuff - MelanX\nadd config to extend backups path with level name - MelanX\nadd config to allow backups when nobody is online - MelanX\nadd a way to restore incremental backups - MelanX\nfix symlink worlds - MelanX\nfix mc2discord compat (hopefully) - MelanX\nfix mc2discord messages - MelanX\nfix display test if not present on any side - MelanX\n1.20.1 - MelanX\nadd links to commits in changelog - MelanX\nfix location of ru_ru.json - MelanX\n1.20 - MelanX\nfix directories result in infinite loop - MelanX\n1.19.4 - MelanX\nMerge pull request #13 from KnottyManatee55/patch-1 - MelanX\nadd timer for full backups when only modified files should be saved - MelanX\nadd config that all users receive the messages (default true) - MelanX\nupdate badges - MelanX\nAdding Russian localization - Dmitry Kiselev\nMerge remote-tracking branch 'origin/1.19.x' into 1.19.x - MelanX\nadd compression level config - MelanX\nMerge pull request #10 from FITFC/1.19.x - MelanX\nadded lang/pt-br - FITFC\nfix wrong config comment - MelanX\nadd config to completely disable the mod - MelanX\nadd server config to allow using commands without cheats enabled - MelanX\nyou need cheats enabled to use commands now - MelanX\nadd command to pause backups - MelanX\nadd config to only back up modified data - MelanX\nadd mc2discord compat - MelanX\nbump version - MelanX\nport to 1.19.1 - MelanX\nUpdate to Forge 41.0.98+ - MelanX\nfix backup on each world join - MelanX\nport to 1.19 - MelanX\nfix values in message not being replaced when mod not on client - MelanX\ndelete files in backup thread -> prevents server crashing - MelanX\nfix backup not working correctly when using symbolic junction links - MelanX\nadd update json url - MelanX\nadd command to start backup manually - MelanX\nMerge remote-tracking branch 'origin/1.18.x' into 1.18.x - MelanX\nfix possible crash - MelanX\nremove spam in log - MelanX\nRevert \"Allow 1.18.2 version on 1.18.1\" - MelanX\nAllow 1.18.2 version on 1.18.1 - MelanX\nAllow 1.18.2 version on 1.18.1 - MelanX\nAdd config to disable messages - MelanX\nAdd config for output directory - MelanX\nUpdate to 1.18.2 - MelanX\nfix display test when server has the mod and client doesn't - MelanX\nadd badges to Readme - MelanX\nInitial release - MelanX",
    "21.6.6": "Fix full backup ran every time on MODIFIED_SINCE_LAST on too high full backup timers - MelanX",
    "21.6.7": "Add experimental backup chains system - MelanX\nI hope nothing breaks, more info on GitHub"
  },
  "1.21.9": {
    "21.9.0": "1.21.9 - MelanX",
    "21.9.1": "Improve exception detail for failed file backups - MelanX\nAdd \"biomancy.spatial.db\" as hard-coded ignored file - MelanX",
    "21.9.2": "Mark as beta because of new error handling - MelanX\nImprove error handling - MelanX",
    "21.9.3": "Fix full backup ran every time on MODIFIED_SINCE_LAST on too high full backup timers - MelanX",
    "21.9.4": "Add experimental backup chains system - MelanX\nI hope nothing breaks, more info on GitHub"
  }
}
[19Dec2025 00:54:53.596] [Forge Version Check/INFO] [net.minecraftforge.fml.VersionChecker/]: [simplebackups] Found status: OUTDATED Current: 1.19.1-2.1.11 Target: 1.19.1-2.1.12
[19Dec2025 00:54:53.596] [Forge Version Check/INFO] [net.minecraftforge.fml.VersionChecker/]: [moonlight] Starting version check at https://raw.githubusercontent.com/MehVahdJukaar/Moonlight/multi-loader/forge/update.json
[19Dec2025 00:54:53.605] [Forge Version Check/DEBUG] [net.minecraftforge.fml.VersionChecker/]: [moonlight] Received version check data:
{
  "homepage": "https://www.curseforge.com/minecraft/mc-mods/selene",
  "promos": {
    "1.19.2-latest": "1.19.2-2.3.7",
    "1.19.2-recommended": "1.19.2-2.3.7"
  }
}
[19Dec2025 00:54:53.605] [Forge Version Check/INFO] [net.minecraftforge.fml.VersionChecker/]: [moonlight] Found status: UP_TO_DATE Current: 1.19.2-2.3.7 Target: null
[19Dec2025 00:54:53.606] [Forge Version Check/INFO] [net.minecraftforge.fml.VersionChecker/]: [iceberg] Starting version check at https://mc-update-check.anthonyhilyard.com/520110
[19Dec2025 00:54:53.629] [Forge Version Check/DEBUG] [net.minecraftforge.fml.VersionChecker/]: [iceberg] Received version check data:
{"homepage":"https://www.curseforge.com/minecraft/mc-mods/iceberg","gameVersions":{"1.21.1":{"1.3.2":"View the changelog on CurseForge: https://www.curseforge.com/minecraft/mc-mods/iceberg/files/6423866"},"1.21.4":{"1.2.13":"View the changelog on CurseForge: https://www.curseforge.com/minecraft/mc-mods/iceberg/files/6186850"},"1.21.3":{"1.2.10":"View the changelog on CurseForge: https://www.curseforge.com/minecraft/mc-mods/iceberg/files/5991535"},"1.20.1":{"1.1.25":"View the changelog on CurseForge: https://www.curseforge.com/minecraft/mc-mods/iceberg/files/5838149"},"1.21":{"1.2.5":"View the changelog on CurseForge: https://www.curseforge.com/minecraft/mc-mods/iceberg/files/5625109"},"1.20.6":{"1.1.23":"View the changelog on CurseForge: https://www.curseforge.com/minecraft/mc-mods/iceberg/files/5365013"},"1.20.4":{"1.1.20":"View the changelog on CurseForge: https://www.curseforge.com/minecraft/mc-mods/iceberg/files/5012668"},"1.20":{"1.1.18":"View the changelog on CurseForge: https://www.curseforge.com/minecraft/mc-mods/iceberg/files/4953572"},"1.20.2":{"1.1.17":"View the changelog on CurseForge: https://www.curseforge.com/minecraft/mc-mods/iceberg/files/4918151"},"1.19.4":{"1.1.10":"View the changelog on CurseForge: https://www.curseforge.com/minecraft/mc-mods/iceberg/files/4548283"},"1.19.3":{"1.1.6":"View the changelog on CurseForge: https://www.curseforge.com/minecraft/mc-mods/iceberg/files/4483013"},"1.19.2":{"1.1.4":"View the changelog on CurseForge: https://www.curseforge.com/minecraft/mc-mods/iceberg/files/4300529"},"1.19.1":{"1.1.4":"View the changelog on CurseForge: https://www.curseforge.com/minecraft/mc-mods/iceberg/files/4300529"},"1.19":{"1.1.4":"View the changelog on CurseForge: https://www.curseforge.com/minecraft/mc-mods/iceberg/files/4300529"}},"promos":{"1.21.1-latest":"1.3.2","1.21.4-latest":"1.2.13","1.21.3-latest":"1.2.10","1.20.1-latest":"1.1.25","1.21-latest":"1.2.5","1.20.6-latest":"1.1.23","1.20.4-latest":"1.1.20","1.20-latest":"1.1.18","1.20.2-latest":"1.1.17","1.19.4-latest":"1.1.10","1.19.3-latest":"1.1.6","1.19.2-latest":"1.1.4","1.19.1-latest":"1.1.4","1.19-latest":"1.1.4","1.21.1-recommended":"1.3.2","1.21.4-recommended":"1.2.13","1.21.3-recommended":"1.2.10","1.20.1-recommended":"1.1.25","1.21-recommended":"1.2.5","1.20.6-recommended":"1.1.23","1.20.4-recommended":"1.1.20","1.20-recommended":"1.1.18","1.20.2-recommended":"1.1.17","1.19.4-recommended":"1.1.10","1.19.3-recommended":"1.1.6","1.19.2-recommended":"1.1.4","1.19.1-recommended":"1.1.4","1.19-recommended":"1.1.4"}}
[19Dec2025 00:54:53.630] [Forge Version Check/INFO] [net.minecraftforge.fml.VersionChecker/]: [iceberg] Found status: UP_TO_DATE Current: 1.1.4 Target: null
[19Dec2025 00:54:53.630] [Forge Version Check/INFO] [net.minecraftforge.fml.VersionChecker/]: [canary] Starting version check at https://github.com/AbdElAziz333/Canary/raw/mc1.19.2/dev/updates.json
[19Dec2025 00:54:53.648] [Forge Version Check/DEBUG] [net.minecraftforge.fml.VersionChecker/]: [canary] Received version check data:
{
  "homepage": "https://modrinth.com/mod/canary/versions",
  "promos": {
    "1.20.4-latest": "0.3.3",
    "1.20.4-recommended": "0.3.3",
    "1.20.1-latest": "0.3.3",
    "1.20.1-recommended": "0.3.3",
    "1.20-latest": "0.2.5",
    "1.20-recommended": "0.2.5",
    "1.19.4-latest": "0.2.5",
    "1.19.4-recommended": "0.2.5",  
    "1.19.3-latest": "0.2.5",
    "1.19.3-recommended": "0.2.5",
    "1.19.2-latest": "0.3.3",
    "1.19.2-recommended": "0.3.3",
    "1.18.2-latest": "0.3.3",
    "1.18.2-recommended": "0.3.3"
  }
}
[19Dec2025 00:54:53.649] [Forge Version Check/INFO] [net.minecraftforge.fml.VersionChecker/]: [canary] Found status: UP_TO_DATE Current: 0.3.3 Target: null
[19Dec2025 00:54:53.650] [Forge Version Check/INFO] [net.minecraftforge.fml.VersionChecker/]: [puzzleslib] Starting version check at https://raw.githubusercontent.com/Fuzss/modresources/main/update/puzzleslib.json
[19Dec2025 00:54:53.660] [Forge Version Check/DEBUG] [net.minecraftforge.fml.VersionChecker/]: [puzzleslib] Received version check data:
{
    "homepage": "https://modrinth.com/mod/puzzles-lib",
    "promos": {
        "1.16.2-latest": "1.0.15",
        "1.16.2-recommended": "1.0.15",
        "1.16.3-latest": "1.0.15",
        "1.16.3-recommended": "1.0.15",
        "1.16.4-latest": "1.0.15",
        "1.16.4-recommended": "1.0.15",
        "1.16.5-latest": "1.0.15",
        "1.16.5-recommended": "1.0.15",
        "1.17.1-latest": "2.0.2",
        "1.17.1-recommended": "2.0.2",
        "1.18-latest": "3.2.1",
        "1.18-recommended": "3.2.1",
        "1.18.1-latest": "3.2.1",
        "1.18.1-recommended": "3.2.1",
        "1.18.2-latest": "3.5.10",
        "1.18.2-recommended": "3.5.10",
        "1.19-latest": "4.0.18",
        "1.19-recommended": "4.0.18",
        "1.19.1-latest": "4.2.4",
        "1.19.1-recommended": "4.2.4",
        "1.19.2-latest": "4.4.3",
        "1.19.2-recommended": "4.4.3",
        "1.19.3-latest": "5.0.33",
        "1.19.3-recommended": "5.0.33",
        "1.19.4-latest": "6.0.11",
        "1.19.4-recommended": "6.0.11",
        "1.20-latest": "7.0.9",
        "1.20-recommended": "7.0.9",
        "1.20.1-latest": "8.1.33",
        "1.20.1-recommended": "8.1.33",
        "1.20.4-latest": "20.4.53",
        "1.20.4-recommended": "20.4.53",
        "1.21-latest": "21.0.28",
        "1.21-recommended": "21.0.28",
        "1.21.1-latest": "21.1.39",
        "1.21.1-recommended": "21.1.39",
        "1.21.10-latest": "21.10.8",
        "1.21.10-recommended": "21.10.8",
        "1.21.11-latest": "21.11.1",
        "1.21.11-recommended": "21.11.1",
        "1.21.3-latest": "21.3.25",
        "1.21.3-recommended": "21.3.25",
        "1.21.4-latest": "21.4.14",
        "1.21.4-recommended": "21.4.14",
        "1.21.5-latest": "21.5.13",
        "1.21.5-recommended": "21.5.13",
        "1.21.6-latest": "21.6.6",
        "1.21.6-recommended": "21.6.6",
        "1.21.7-latest": "21.7.1",
        "1.21.7-recommended": "21.7.1",
        "1.21.8-latest": "21.8.9",
        "1.21.8-recommended": "21.8.9",
        "1.21.9-latest": "21.9.5",
        "1.21.9-recommended": "21.9.5"
    }
}
[19Dec2025 00:54:53.660] [Forge Version Check/INFO] [net.minecraftforge.fml.VersionChecker/]: [puzzleslib] Found status: UP_TO_DATE Current: 4.4.3 Target: null
[19Dec2025 00:54:53.660] [Forge Version Check/INFO] [net.minecraftforge.fml.VersionChecker/]: [packetfixer] Starting version check at https://api.modrinth.com/updates/packet-fixer/forge_updates.json
[19Dec2025 00:54:53.768] [Forge Version Check/DEBUG] [net.minecraftforge.fml.VersionChecker/]: [packetfixer] Received version check data:
{"homepage":"https://modrinth.com/mod/packet-fixer","promos":{"1.19.4-latest":"3.3.1","1.19.3-recommended":"3.3.1","1.19.1-latest":"3.3.1","1.17.1-latest":"1.0.9-1.17.x","1.15.1-recommended":"1.0.9-1.15.x","1.20.4-recommended":"3.3.1","1.18-latest":"3.3.1","1.18-recommended":"3.3.1","1.16.5-latest":"2.0.1","1.15.2-recommended":"1.0.9-1.15.x","1.20-latest":"3.3.1","1.15.2-latest":"1.0.9-1.15.x","1.12.2-latest":"2.1.0","1.20.3-latest":"3.3.1","1.18.2-recommended":"3.3.1","1.19.2-recommended":"3.3.1","1.20.1-latest":"3.3.1","1.18.1-latest":"3.3.1","1.19.1-recommended":"3.3.1","1.19.3-latest":"3.3.1","1.20.6-recommended":"2.1.0","1.17.1-recommended":"1.0.9-1.17.x","1.20.3-recommended":"3.3.1","1.12.2-recommended":"2.1.0","1.20.5-latest":"2.1.0","1.20-recommended":"3.3.1","1.20.1-recommended":"3.3.1","1.16.5-recommended":"2.0.1","1.15-latest":"1.0.9-1.15.x","1.20.2-recommended":"3.3.1","1.20.4-latest":"3.3.1","1.19-recommended":"3.3.1","1.19.2-latest":"3.3.1","1.20.2-latest":"3.3.1","1.20.5-recommended":"2.1.0","1.15-recommended":"1.0.9-1.15.x","1.18.2-latest":"3.3.1","1.19-latest":"3.3.1","1.20.6-latest":"2.1.0","1.18.1-recommended":"3.3.1","1.19.4-recommended":"3.3.1","1.15.1-latest":"1.0.9-1.15.x"}}
[19Dec2025 00:54:53.768] [Forge Version Check/INFO] [net.minecraftforge.fml.VersionChecker/]: [packetfixer] Found status: OUTDATED Current: 1.4.2 Target: 3.3.1
[19Dec2025 00:54:54.314] [main/DEBUG] [mixin/]: Mixing PrimaryLevelDataMixin from shutupexperimentalsettings.mixins.json into net.minecraft.world.level.storage.PrimaryLevelData
[19Dec2025 00:54:54.315] [main/DEBUG] [mixin/]: Mixing PrimaryLevelDataMixin from collective_forge.mixins.json into net.minecraft.world.level.storage.PrimaryLevelData
[19Dec2025 00:54:54.384] [main/DEBUG] [mixin/]: Mixing TagManagerMixin from kubejs-common.mixins.json into net.minecraft.tags.TagManager
[19Dec2025 00:54:54.387] [main/DEBUG] [mixin/]: Mixing CommandExceptionLoggingMixin from cupboard.mixins.json into net.minecraft.commands.Commands
[19Dec2025 00:54:54.387] [main/DEBUG] [mixin/]: Mixing MixinCommands from majruszlibrary-common.mixins.json into net.minecraft.commands.Commands
[19Dec2025 00:54:54.636] [main/DEBUG] [mixin/]: Mixing perf.potential_spawns_alloc.ForgeEventFactoryMixin from modernfix-forge.mixins.json into net.minecraftforge.event.ForgeEventFactory
[19Dec2025 00:54:54.659] [main/DEBUG] [mixin/]: Mixing perf.potential_spawns_alloc.PotentialSpawnsMixin from modernfix-forge.mixins.json into net.minecraftforge.event.level.LevelEvent$PotentialSpawns
[19Dec2025 00:54:54.722] [main/DEBUG] [mixin/]: Mixing TagLoaderMixin from kubejs-common.mixins.json into net.minecraft.tags.TagLoader
[19Dec2025 00:54:54.746] [Worker-Main-3/DEBUG] [mixin/]: Mixing perf.tag_id_caching.TagEntryMixin from modernfix-forge.mixins.json into net.minecraft.tags.TagEntry
[19Dec2025 00:54:54.747] [Worker-Main-3/WARN] [mixin/]: Static binding violation: PRIVATE @Overwrite method m_215924_ in modernfix-forge.mixins.json:perf.tag_id_caching.TagEntryMixin cannot reduce visibiliy of PUBLIC target method, visibility will be upgraded.
[19Dec2025 00:54:54.912] [Worker-Main-3/ERROR] [net.minecraft.tags.TagLoader/]: Couldn't load tag [simplyswords:mythicmetals_compat/aquarium/aquarium_claymore (from simplyswords-forge-1.47.0-1.19.2.jar), simplyswords:mythicmetals_compat/aquarium/aquarium_cutlass (from simplyswords-forge-1.47.0-1.19.2.jar), simplyswords:mythicmetals_compat/aquarium/aquarium_glaive (from simplyswords-forge-1.47.0-1.19.2.jar), simplyswords:mythicmetals_compat/aquarium/aquarium_katana (from simplyswords-forge-1.47.0-1.19.2.jar), simplyswords:mythicmetals_compat/aquarium/aquarium_longsword (from simplyswords-forge-1.47.0-1.19.2.jar), simplyswords:mythicmetals_compat/aquarium/aquarium_rapier (from simplyswords-forge-1.47.0-1.19.2.jar), simplyswords:mythicmetals_compat/aquarium/aquarium_sai (from simplyswords-forge-1.47.0-1.19.2.jar), simplyswords:mythicmetals_compat/aquarium/aquarium_spear (from simplyswords-forge-1.47.0-1.19.2.jar), simplyswords:mythicmetals_compat/aquarium/aquarium_twinblade (from simplyswords-forge-1.47.0-1.19.2.jar), simplyswords:mythicmetals_compat/aquarium/aquarium_warglaive (from simplyswords-forge-1.47.0-1.19.2.jar), simplyswords:mythicmetals_compat/aquarium/aquarium_greathammer (from simplyswords-forge-1.47.0-1.19.2.jar), simplyswords:mythicmetals_compat/aquarium/aquarium_greataxe (from simplyswords-forge-1.47.0-1.19.2.jar), simplyswords:mythicmetals_compat/aquarium/aquarium_chakram (from simplyswords-forge-1.47.0-1.19.2.jar), simplyswords:mythicmetals_compat/aquarium/aquarium_scythe (from simplyswords-forge-1.47.0-1.19.2.jar), simplyswords:mythicmetals_compat/aquarium/aquarium_halberd (from simplyswords-forge-1.47.0-1.19.2.jar)] as it is missing following references: simplyswords:mythicmetals_compat/aquarium/aquarium_claymore (from simplyswords-forge-1.47.0-1.19.2.jar), 
	simplyswords:mythicmetals_compat/aquarium/aquarium_cutlass (from simplyswords-forge-1.47.0-1.19.2.jar), 
	simplyswords:mythicmetals_compat/aquarium/aquarium_glaive (from simplyswords-forge-1.47.0-1.19.2.jar), 
	simplyswords:mythicmetals_compat/aquarium/aquarium_katana (from simplyswords-forge-1.47.0-1.19.2.jar), 
	simplyswords:mythicmetals_compat/aquarium/aquarium_longsword (from simplyswords-forge-1.47.0-1.19.2.jar), 
	simplyswords:mythicmetals_compat/aquarium/aquarium_rapier (from simplyswords-forge-1.47.0-1.19.2.jar), 
	simplyswords:mythicmetals_compat/aquarium/aquarium_sai (from simplyswords-forge-1.47.0-1.19.2.jar), 
	simplyswords:mythicmetals_compat/aquarium/aquarium_spear (from simplyswords-forge-1.47.0-1.19.2.jar), 
	simplyswords:mythicmetals_compat/aquarium/aquarium_twinblade (from simplyswords-forge-1.47.0-1.19.2.jar), 
	simplyswords:mythicmetals_compat/aquarium/aquarium_warglaive (from simplyswords-forge-1.47.0-1.19.2.jar), 
	simplyswords:mythicmetals_compat/aquarium/aquarium_greathammer (from simplyswords-forge-1.47.0-1.19.2.jar), 
	simplyswords:mythicmetals_compat/aquarium/aquarium_greataxe (from simplyswords-forge-1.47.0-1.19.2.jar), 
	simplyswords:mythicmetals_compat/aquarium/aquarium_chakram (from simplyswords-forge-1.47.0-1.19.2.jar), 
	simplyswords:mythicmetals_compat/aquarium/aquarium_scythe (from simplyswords-forge-1.47.0-1.19.2.jar), 
	simplyswords:mythicmetals_compat/aquarium/aquarium_halberd (from simplyswords-forge-1.47.0-1.19.2.jar)
[19Dec2025 00:54:54.917] [Worker-Main-3/ERROR] [net.minecraft.tags.TagLoader/]: Couldn't load tag [simplyswords:mythicmetals_compat/quadrillum/quadrillum_claymore (from simplyswords-forge-1.47.0-1.19.2.jar), simplyswords:mythicmetals_compat/quadrillum/quadrillum_cutlass (from simplyswords-forge-1.47.0-1.19.2.jar), simplyswords:mythicmetals_compat/quadrillum/quadrillum_glaive (from simplyswords-forge-1.47.0-1.19.2.jar), simplyswords:mythicmetals_compat/quadrillum/quadrillum_katana (from simplyswords-forge-1.47.0-1.19.2.jar), simplyswords:mythicmetals_compat/quadrillum/quadrillum_longsword (from simplyswords-forge-1.47.0-1.19.2.jar), simplyswords:mythicmetals_compat/quadrillum/quadrillum_rapier (from simplyswords-forge-1.47.0-1.19.2.jar), simplyswords:mythicmetals_compat/quadrillum/quadrillum_sai (from simplyswords-forge-1.47.0-1.19.2.jar), simplyswords:mythicmetals_compat/quadrillum/quadrillum_spear (from simplyswords-forge-1.47.0-1.19.2.jar), simplyswords:mythicmetals_compat/quadrillum/quadrillum_twinblade (from simplyswords-forge-1.47.0-1.19.2.jar), simplyswords:mythicmetals_compat/quadrillum/quadrillum_warglaive (from simplyswords-forge-1.47.0-1.19.2.jar), simplyswords:mythicmetals_compat/quadrillum/quadrillum_greathammer (from simplyswords-forge-1.47.0-1.19.2.jar), simplyswords:mythicmetals_compat/quadrillum/quadrillum_greataxe (from simplyswords-forge-1.47.0-1.19.2.jar), simplyswords:mythicmetals_compat/quadrillum/quadrillum_chakram (from simplyswords-forge-1.47.0-1.19.2.jar), simplyswords:mythicmetals_compat/quadrillum/quadrillum_scythe (from simplyswords-forge-1.47.0-1.19.2.jar), simplyswords:mythicmetals_compat/quadrillum/quadrillum_halberd (from simplyswords-forge-1.47.0-1.19.2.jar)] as it is missing following references: simplyswords:mythicmetals_compat/quadrillum/quadrillum_claymore (from simplyswords-forge-1.47.0-1.19.2.jar), 
	simplyswords:mythicmetals_compat/quadrillum/quadrillum_cutlass (from simplyswords-forge-1.47.0-1.19.2.jar), 
	simplyswords:mythicmetals_compat/quadrillum/quadrillum_glaive (from simplyswords-forge-1.47.0-1.19.2.jar), 
	simplyswords:mythicmetals_compat/quadrillum/quadrillum_katana (from simplyswords-forge-1.47.0-1.19.2.jar), 
	simplyswords:mythicmetals_compat/quadrillum/quadrillum_longsword (from simplyswords-forge-1.47.0-1.19.2.jar), 
	simplyswords:mythicmetals_compat/quadrillum/quadrillum_rapier (from simplyswords-forge-1.47.0-1.19.2.jar), 
	simplyswords:mythicmetals_compat/quadrillum/quadrillum_sai (from simplyswords-forge-1.47.0-1.19.2.jar), 
	simplyswords:mythicmetals_compat/quadrillum/quadrillum_spear (from simplyswords-forge-1.47.0-1.19.2.jar), 
	simplyswords:mythicmetals_compat/quadrillum/quadrillum_twinblade (from simplyswords-forge-1.47.0-1.19.2.jar), 
	simplyswords:mythicmetals_compat/quadrillum/quadrillum_warglaive (from simplyswords-forge-1.47.0-1.19.2.jar), 
	simplyswords:mythicmetals_compat/quadrillum/quadrillum_greathammer (from simplyswords-forge-1.47.0-1.19.2.jar), 
	simplyswords:mythicmetals_compat/quadrillum/quadrillum_greataxe (from simplyswords-forge-1.47.0-1.19.2.jar), 
	simplyswords:mythicmetals_compat/quadrillum/quadrillum_chakram (from simplyswords-forge-1.47.0-1.19.2.jar), 
	simplyswords:mythicmetals_compat/quadrillum/quadrillum_scythe (from simplyswords-forge-1.47.0-1.19.2.jar), 
	simplyswords:mythicmetals_compat/quadrillum/quadrillum_halberd (from simplyswords-forge-1.47.0-1.19.2.jar)
[19Dec2025 00:54:54.918] [Worker-Main-3/ERROR] [net.minecraft.tags.TagLoader/]: Couldn't load tag [mythicmetals:mythicmetals_compat/carmot/carmot_claymore (from simplyswords-forge-1.47.0-1.19.2.jar), mythicmetals:mythicmetals_compat/carmot/carmot_cutlass (from simplyswords-forge-1.47.0-1.19.2.jar), mythicmetals:mythicmetals_compat/carmot/carmot_glaive (from simplyswords-forge-1.47.0-1.19.2.jar), mythicmetals:mythicmetals_compat/carmot/carmot_katana (from simplyswords-forge-1.47.0-1.19.2.jar), mythicmetals:mythicmetals_compat/carmot/carmot_longsword (from simplyswords-forge-1.47.0-1.19.2.jar), mythicmetals:mythicmetals_compat/carmot/carmot_rapier (from simplyswords-forge-1.47.0-1.19.2.jar), mythicmetals:mythicmetals_compat/carmot/carmot_sai (from simplyswords-forge-1.47.0-1.19.2.jar), mythicmetals:mythicmetals_compat/carmot/carmot_spear (from simplyswords-forge-1.47.0-1.19.2.jar), mythicmetals:mythicmetals_compat/carmot/carmot_twinblade (from simplyswords-forge-1.47.0-1.19.2.jar), mythicmetals:mythicmetals_compat/carmot/carmot_warglaive (from simplyswords-forge-1.47.0-1.19.2.jar), mythicmetals:mythicmetals_compat/carmot/carmot_greathammer (from simplyswords-forge-1.47.0-1.19.2.jar), mythicmetals:mythicmetals_compat/carmot/carmot_greataxe (from simplyswords-forge-1.47.0-1.19.2.jar), mythicmetals:mythicmetals_compat/carmot/carmot_chakram (from simplyswords-forge-1.47.0-1.19.2.jar), mythicmetals:mythicmetals_compat/carmot/carmot_scythe (from simplyswords-forge-1.47.0-1.19.2.jar), mythicmetals:mythicmetals_compat/carmot/carmot_halberd (from simplyswords-forge-1.47.0-1.19.2.jar)] as it is missing following references: mythicmetals:mythicmetals_compat/carmot/carmot_claymore (from simplyswords-forge-1.47.0-1.19.2.jar), 
	mythicmetals:mythicmetals_compat/carmot/carmot_cutlass (from simplyswords-forge-1.47.0-1.19.2.jar), 
	mythicmetals:mythicmetals_compat/carmot/carmot_glaive (from simplyswords-forge-1.47.0-1.19.2.jar), 
	mythicmetals:mythicmetals_compat/carmot/carmot_katana (from simplyswords-forge-1.47.0-1.19.2.jar), 
	mythicmetals:mythicmetals_compat/carmot/carmot_longsword (from simplyswords-forge-1.47.0-1.19.2.jar), 
	mythicmetals:mythicmetals_compat/carmot/carmot_rapier (from simplyswords-forge-1.47.0-1.19.2.jar), 
	mythicmetals:mythicmetals_compat/carmot/carmot_sai (from simplyswords-forge-1.47.0-1.19.2.jar), 
	mythicmetals:mythicmetals_compat/carmot/carmot_spear (from simplyswords-forge-1.47.0-1.19.2.jar), 
	mythicmetals:mythicmetals_compat/carmot/carmot_twinblade (from simplyswords-forge-1.47.0-1.19.2.jar), 
	mythicmetals:mythicmetals_compat/carmot/carmot_warglaive (from simplyswords-forge-1.47.0-1.19.2.jar), 
	mythicmetals:mythicmetals_compat/carmot/carmot_greathammer (from simplyswords-forge-1.47.0-1.19.2.jar), 
	mythicmetals:mythicmetals_compat/carmot/carmot_greataxe (from simplyswords-forge-1.47.0-1.19.2.jar), 
	mythicmetals:mythicmetals_compat/carmot/carmot_chakram (from simplyswords-forge-1.47.0-1.19.2.jar), 
	mythicmetals:mythicmetals_compat/carmot/carmot_scythe (from simplyswords-forge-1.47.0-1.19.2.jar), 
	mythicmetals:mythicmetals_compat/carmot/carmot_halberd (from simplyswords-forge-1.47.0-1.19.2.jar)
[19Dec2025 00:54:54.922] [Worker-Main-3/ERROR] [net.minecraft.tags.TagLoader/]: Couldn't load tag [simplyswords:mythicmetals_compat/durasteel/durasteel_greathammer (from simplyswords-forge-1.47.0-1.19.2.jar)] as it is missing following references: simplyswords:mythicmetals_compat/durasteel/durasteel_greathammer (from simplyswords-forge-1.47.0-1.19.2.jar)
[19Dec2025 00:54:54.925] [Worker-Main-3/ERROR] [net.minecraft.tags.TagLoader/]: Couldn't load tag [simplyswords:mythicmetals_compat/banglum/banglum_claymore (from simplyswords-forge-1.47.0-1.19.2.jar), simplyswords:mythicmetals_compat/banglum/banglum_cutlass (from simplyswords-forge-1.47.0-1.19.2.jar), simplyswords:mythicmetals_compat/banglum/banglum_glaive (from simplyswords-forge-1.47.0-1.19.2.jar), simplyswords:mythicmetals_compat/banglum/banglum_katana (from simplyswords-forge-1.47.0-1.19.2.jar), simplyswords:mythicmetals_compat/banglum/banglum_longsword (from simplyswords-forge-1.47.0-1.19.2.jar), simplyswords:mythicmetals_compat/banglum/banglum_rapier (from simplyswords-forge-1.47.0-1.19.2.jar), simplyswords:mythicmetals_compat/banglum/banglum_sai (from simplyswords-forge-1.47.0-1.19.2.jar), simplyswords:mythicmetals_compat/banglum/banglum_spear (from simplyswords-forge-1.47.0-1.19.2.jar), simplyswords:mythicmetals_compat/banglum/banglum_twinblade (from simplyswords-forge-1.47.0-1.19.2.jar), simplyswords:mythicmetals_compat/banglum/banglum_warglaive (from simplyswords-forge-1.47.0-1.19.2.jar), simplyswords:mythicmetals_compat/banglum/banglum_greathammer (from simplyswords-forge-1.47.0-1.19.2.jar), simplyswords:mythicmetals_compat/banglum/banglum_greataxe (from simplyswords-forge-1.47.0-1.19.2.jar), simplyswords:mythicmetals_compat/banglum/banglum_chakram (from simplyswords-forge-1.47.0-1.19.2.jar), simplyswords:mythicmetals_compat/banglum/banglum_scythe (from simplyswords-forge-1.47.0-1.19.2.jar), simplyswords:mythicmetals_compat/banglum/halberd_scythe (from simplyswords-forge-1.47.0-1.19.2.jar)] as it is missing following references: simplyswords:mythicmetals_compat/banglum/banglum_claymore (from simplyswords-forge-1.47.0-1.19.2.jar), 
	simplyswords:mythicmetals_compat/banglum/banglum_cutlass (from simplyswords-forge-1.47.0-1.19.2.jar), 
	simplyswords:mythicmetals_compat/banglum/banglum_glaive (from simplyswords-forge-1.47.0-1.19.2.jar), 
	simplyswords:mythicmetals_compat/banglum/banglum_katana (from simplyswords-forge-1.47.0-1.19.2.jar), 
	simplyswords:mythicmetals_compat/banglum/banglum_longsword (from simplyswords-forge-1.47.0-1.19.2.jar), 
	simplyswords:mythicmetals_compat/banglum/banglum_rapier (from simplyswords-forge-1.47.0-1.19.2.jar), 
	simplyswords:mythicmetals_compat/banglum/banglum_sai (from simplyswords-forge-1.47.0-1.19.2.jar), 
	simplyswords:mythicmetals_compat/banglum/banglum_spear (from simplyswords-forge-1.47.0-1.19.2.jar), 
	simplyswords:mythicmetals_compat/banglum/banglum_twinblade (from simplyswords-forge-1.47.0-1.19.2.jar), 
	simplyswords:mythicmetals_compat/banglum/banglum_warglaive (from simplyswords-forge-1.47.0-1.19.2.jar), 
	simplyswords:mythicmetals_compat/banglum/banglum_greathammer (from simplyswords-forge-1.47.0-1.19.2.jar), 
	simplyswords:mythicmetals_compat/banglum/banglum_greataxe (from simplyswords-forge-1.47.0-1.19.2.jar), 
	simplyswords:mythicmetals_compat/banglum/banglum_chakram (from simplyswords-forge-1.47.0-1.19.2.jar), 
	simplyswords:mythicmetals_compat/banglum/banglum_scythe (from simplyswords-forge-1.47.0-1.19.2.jar), 
	simplyswords:mythicmetals_compat/banglum/halberd_scythe (from simplyswords-forge-1.47.0-1.19.2.jar)
[19Dec2025 00:54:54.931] [Worker-Main-3/ERROR] [net.minecraft.tags.TagLoader/]: Couldn't load tag [simplyswords:mythicmetals_compat/copper/copper_longsword (from simplyswords-forge-1.47.0-1.19.2.jar)] as it is missing following references: simplyswords:mythicmetals_compat/copper/copper_longsword (from simplyswords-forge-1.47.0-1.19.2.jar)
[19Dec2025 00:54:54.932] [Worker-Main-3/ERROR] [net.minecraft.tags.TagLoader/]: Couldn't load tag [simplyswords:mythicmetals_compat/osmium/osmium_claymore (from simplyswords-forge-1.47.0-1.19.2.jar), simplyswords:mythicmetals_compat/osmium/osmium_cutlass (from simplyswords-forge-1.47.0-1.19.2.jar), simplyswords:mythicmetals_compat/osmium/osmium_glaive (from simplyswords-forge-1.47.0-1.19.2.jar), simplyswords:mythicmetals_compat/osmium/osmium_katana (from simplyswords-forge-1.47.0-1.19.2.jar), simplyswords:mythicmetals_compat/osmium/osmium_longsword (from simplyswords-forge-1.47.0-1.19.2.jar), simplyswords:mythicmetals_compat/osmium/osmium_rapier (from simplyswords-forge-1.47.0-1.19.2.jar), simplyswords:mythicmetals_compat/osmium/osmium_sai (from simplyswords-forge-1.47.0-1.19.2.jar), simplyswords:mythicmetals_compat/osmium/osmium_spear (from simplyswords-forge-1.47.0-1.19.2.jar), simplyswords:mythicmetals_compat/osmium/osmium_twinblade (from simplyswords-forge-1.47.0-1.19.2.jar), simplyswords:mythicmetals_compat/osmium/osmium_warglaive (from simplyswords-forge-1.47.0-1.19.2.jar), simplyswords:mythicmetals_compat/osmium/osmium_greathammer (from simplyswords-forge-1.47.0-1.19.2.jar), simplyswords:mythicmetals_compat/osmium/osmium_greataxe (from simplyswords-forge-1.47.0-1.19.2.jar), simplyswords:mythicmetals_compat/osmium/osmium_chakram (from simplyswords-forge-1.47.0-1.19.2.jar), simplyswords:mythicmetals_compat/osmium/osmium_scythe (from simplyswords-forge-1.47.0-1.19.2.jar), simplyswords:mythicmetals_compat/osmium/osmium_halberd (from simplyswords-forge-1.47.0-1.19.2.jar)] as it is missing following references: simplyswords:mythicmetals_compat/osmium/osmium_claymore (from simplyswords-forge-1.47.0-1.19.2.jar), 
	simplyswords:mythicmetals_compat/osmium/osmium_cutlass (from simplyswords-forge-1.47.0-1.19.2.jar), 
	simplyswords:mythicmetals_compat/osmium/osmium_glaive (from simplyswords-forge-1.47.0-1.19.2.jar), 
	simplyswords:mythicmetals_compat/osmium/osmium_katana (from simplyswords-forge-1.47.0-1.19.2.jar), 
	simplyswords:mythicmetals_compat/osmium/osmium_longsword (from simplyswords-forge-1.47.0-1.19.2.jar), 
	simplyswords:mythicmetals_compat/osmium/osmium_rapier (from simplyswords-forge-1.47.0-1.19.2.jar), 
	simplyswords:mythicmetals_compat/osmium/osmium_sai (from simplyswords-forge-1.47.0-1.19.2.jar), 
	simplyswords:mythicmetals_compat/osmium/osmium_spear (from simplyswords-forge-1.47.0-1.19.2.jar), 
	simplyswords:mythicmetals_compat/osmium/osmium_twinblade (from simplyswords-forge-1.47.0-1.19.2.jar), 
	simplyswords:mythicmetals_compat/osmium/osmium_warglaive (from simplyswords-forge-1.47.0-1.19.2.jar), 
	simplyswords:mythicmetals_compat/osmium/osmium_greathammer (from simplyswords-forge-1.47.0-1.19.2.jar), 
	simplyswords:mythicmetals_compat/osmium/osmium_greataxe (from simplyswords-forge-1.47.0-1.19.2.jar), 
	simplyswords:mythicmetals_compat/osmium/osmium_chakram (from simplyswords-forge-1.47.0-1.19.2.jar), 
	simplyswords:mythicmetals_compat/osmium/osmium_scythe (from simplyswords-forge-1.47.0-1.19.2.jar), 
	simplyswords:mythicmetals_compat/osmium/osmium_halberd (from simplyswords-forge-1.47.0-1.19.2.jar)
[19Dec2025 00:54:54.933] [Worker-Main-3/ERROR] [net.minecraft.tags.TagLoader/]: Couldn't load tag [simplyswords:mythicmetals_compat/prometheum/prometheum_claymore (from simplyswords-forge-1.47.0-1.19.2.jar), simplyswords:mythicmetals_compat/prometheum/prometheum_cutlass (from simplyswords-forge-1.47.0-1.19.2.jar), simplyswords:mythicmetals_compat/prometheum/prometheum_glaive (from simplyswords-forge-1.47.0-1.19.2.jar), simplyswords:mythicmetals_compat/prometheum/prometheum_katana (from simplyswords-forge-1.47.0-1.19.2.jar), simplyswords:mythicmetals_compat/prometheum/prometheum_longsword (from simplyswords-forge-1.47.0-1.19.2.jar), simplyswords:mythicmetals_compat/prometheum/prometheum_rapier (from simplyswords-forge-1.47.0-1.19.2.jar), simplyswords:mythicmetals_compat/prometheum/prometheum_sai (from simplyswords-forge-1.47.0-1.19.2.jar), simplyswords:mythicmetals_compat/prometheum/prometheum_spear (from simplyswords-forge-1.47.0-1.19.2.jar), simplyswords:mythicmetals_compat/prometheum/prometheum_twinblade (from simplyswords-forge-1.47.0-1.19.2.jar), simplyswords:mythicmetals_compat/prometheum/prometheum_warglaive (from simplyswords-forge-1.47.0-1.19.2.jar), simplyswords:mythicmetals_compat/prometheum/prometheum_greathammer (from simplyswords-forge-1.47.0-1.19.2.jar), simplyswords:mythicmetals_compat/prometheum/prometheum_greataxe (from simplyswords-forge-1.47.0-1.19.2.jar), simplyswords:mythicmetals_compat/prometheum/prometheum_chakram (from simplyswords-forge-1.47.0-1.19.2.jar), simplyswords:mythicmetals_compat/prometheum/prometheum_scythe (from simplyswords-forge-1.47.0-1.19.2.jar), simplyswords:mythicmetals_compat/prometheum/prometheum_halberd (from simplyswords-forge-1.47.0-1.19.2.jar)] as it is missing following references: simplyswords:mythicmetals_compat/prometheum/prometheum_claymore (from simplyswords-forge-1.47.0-1.19.2.jar), 
	simplyswords:mythicmetals_compat/prometheum/prometheum_cutlass (from simplyswords-forge-1.47.0-1.19.2.jar), 
	simplyswords:mythicmetals_compat/prometheum/prometheum_glaive (from simplyswords-forge-1.47.0-1.19.2.jar), 
	simplyswords:mythicmetals_compat/prometheum/prometheum_katana (from simplyswords-forge-1.47.0-1.19.2.jar), 
	simplyswords:mythicmetals_compat/prometheum/prometheum_longsword (from simplyswords-forge-1.47.0-1.19.2.jar), 
	simplyswords:mythicmetals_compat/prometheum/prometheum_rapier (from simplyswords-forge-1.47.0-1.19.2.jar), 
	simplyswords:mythicmetals_compat/prometheum/prometheum_sai (from simplyswords-forge-1.47.0-1.19.2.jar), 
	simplyswords:mythicmetals_compat/prometheum/prometheum_spear (from simplyswords-forge-1.47.0-1.19.2.jar), 
	simplyswords:mythicmetals_compat/prometheum/prometheum_twinblade (from simplyswords-forge-1.47.0-1.19.2.jar), 
	simplyswords:mythicmetals_compat/prometheum/prometheum_warglaive (from simplyswords-forge-1.47.0-1.19.2.jar), 
	simplyswords:mythicmetals_compat/prometheum/prometheum_greathammer (from simplyswords-forge-1.47.0-1.19.2.jar), 
	simplyswords:mythicmetals_compat/prometheum/prometheum_greataxe (from simplyswords-forge-1.47.0-1.19.2.jar), 
	simplyswords:mythicmetals_compat/prometheum/prometheum_chakram (from simplyswords-forge-1.47.0-1.19.2.jar), 
	simplyswords:mythicmetals_compat/prometheum/prometheum_scythe (from simplyswords-forge-1.47.0-1.19.2.jar), 
	simplyswords:mythicmetals_compat/prometheum/prometheum_halberd (from simplyswords-forge-1.47.0-1.19.2.jar)
[19Dec2025 00:54:54.934] [Worker-Main-3/ERROR] [net.minecraft.tags.TagLoader/]: Couldn't load tag [simplyswords:mythicmetals_compat/steel/steel_claymore (from simplyswords-forge-1.47.0-1.19.2.jar), simplyswords:mythicmetals_compat/steel/steel_cutlass (from simplyswords-forge-1.47.0-1.19.2.jar), simplyswords:mythicmetals_compat/steel/steel_glaive (from simplyswords-forge-1.47.0-1.19.2.jar), simplyswords:mythicmetals_compat/steel/steel_katana (from simplyswords-forge-1.47.0-1.19.2.jar), simplyswords:mythicmetals_compat/steel/steel_longsword (from simplyswords-forge-1.47.0-1.19.2.jar), simplyswords:mythicmetals_compat/steel/steel_rapier (from simplyswords-forge-1.47.0-1.19.2.jar), simplyswords:mythicmetals_compat/steel/steel_sai (from simplyswords-forge-1.47.0-1.19.2.jar), simplyswords:mythicmetals_compat/steel/steel_spear (from simplyswords-forge-1.47.0-1.19.2.jar), simplyswords:mythicmetals_compat/steel/steel_twinblade (from simplyswords-forge-1.47.0-1.19.2.jar), simplyswords:mythicmetals_compat/steel/steel_warglaive (from simplyswords-forge-1.47.0-1.19.2.jar), simplyswords:mythicmetals_compat/steel/steel_greathammer (from simplyswords-forge-1.47.0-1.19.2.jar), simplyswords:mythicmetals_compat/steel/steel_greataxe (from simplyswords-forge-1.47.0-1.19.2.jar), simplyswords:mythicmetals_compat/steel/steel_chakram (from simplyswords-forge-1.47.0-1.19.2.jar), simplyswords:mythicmetals_compat/steel/steel_scythe (from simplyswords-forge-1.47.0-1.19.2.jar), simplyswords:mythicmetals_compat/steel/steel_halberd (from simplyswords-forge-1.47.0-1.19.2.jar)] as it is missing following references: simplyswords:mythicmetals_compat/steel/steel_claymore (from simplyswords-forge-1.47.0-1.19.2.jar), 
	simplyswords:mythicmetals_compat/steel/steel_cutlass (from simplyswords-forge-1.47.0-1.19.2.jar), 
	simplyswords:mythicmetals_compat/steel/steel_glaive (from simplyswords-forge-1.47.0-1.19.2.jar), 
	simplyswords:mythicmetals_compat/steel/steel_katana (from simplyswords-forge-1.47.0-1.19.2.jar), 
	simplyswords:mythicmetals_compat/steel/steel_longsword (from simplyswords-forge-1.47.0-1.19.2.jar), 
	simplyswords:mythicmetals_compat/steel/steel_rapier (from simplyswords-forge-1.47.0-1.19.2.jar), 
	simplyswords:mythicmetals_compat/steel/steel_sai (from simplyswords-forge-1.47.0-1.19.2.jar), 
	simplyswords:mythicmetals_compat/steel/steel_spear (from simplyswords-forge-1.47.0-1.19.2.jar), 
	simplyswords:mythicmetals_compat/steel/steel_twinblade (from simplyswords-forge-1.47.0-1.19.2.jar), 
	simplyswords:mythicmetals_compat/steel/steel_warglaive (from simplyswords-forge-1.47.0-1.19.2.jar), 
	simplyswords:mythicmetals_compat/steel/steel_greathammer (from simplyswords-forge-1.47.0-1.19.2.jar), 
	simplyswords:mythicmetals_compat/steel/steel_greataxe (from simplyswords-forge-1.47.0-1.19.2.jar), 
	simplyswords:mythicmetals_compat/steel/steel_chakram (from simplyswords-forge-1.47.0-1.19.2.jar), 
	simplyswords:mythicmetals_compat/steel/steel_scythe (from simplyswords-forge-1.47.0-1.19.2.jar), 
	simplyswords:mythicmetals_compat/steel/steel_halberd (from simplyswords-forge-1.47.0-1.19.2.jar)
[19Dec2025 00:54:54.934] [Worker-Main-3/ERROR] [net.minecraft.tags.TagLoader/]: Couldn't load tag [simplyswords:mythicmetals_compat/star_platinum/star_platinum_claymore (from simplyswords-forge-1.47.0-1.19.2.jar), simplyswords:mythicmetals_compat/star_platinum/star_platinum_cutlass (from simplyswords-forge-1.47.0-1.19.2.jar), simplyswords:mythicmetals_compat/star_platinum/star_platinum_glaive (from simplyswords-forge-1.47.0-1.19.2.jar), simplyswords:mythicmetals_compat/star_platinum/star_platinum_katana (from simplyswords-forge-1.47.0-1.19.2.jar), simplyswords:mythicmetals_compat/star_platinum/star_platinum_longsword (from simplyswords-forge-1.47.0-1.19.2.jar), simplyswords:mythicmetals_compat/star_platinum/star_platinum_rapier (from simplyswords-forge-1.47.0-1.19.2.jar), simplyswords:mythicmetals_compat/star_platinum/star_platinum_sai (from simplyswords-forge-1.47.0-1.19.2.jar), simplyswords:mythicmetals_compat/star_platinum/star_platinum_spear (from simplyswords-forge-1.47.0-1.19.2.jar), simplyswords:mythicmetals_compat/star_platinum/star_platinum_twinblade (from simplyswords-forge-1.47.0-1.19.2.jar), simplyswords:mythicmetals_compat/star_platinum/star_platinum_warglaive (from simplyswords-forge-1.47.0-1.19.2.jar), simplyswords:mythicmetals_compat/star_platinum/star_platinum_greathammer (from simplyswords-forge-1.47.0-1.19.2.jar), simplyswords:mythicmetals_compat/star_platinum/star_platinum_greataxe (from simplyswords-forge-1.47.0-1.19.2.jar), simplyswords:mythicmetals_compat/star_platinum/star_platinum_chakram (from simplyswords-forge-1.47.0-1.19.2.jar), simplyswords:mythicmetals_compat/star_platinum/star_platinum_scythe (from simplyswords-forge-1.47.0-1.19.2.jar), simplyswords:mythicmetals_compat/star_platinum/star_platinum_halberd (from simplyswords-forge-1.47.0-1.19.2.jar)] as it is missing following references: simplyswords:mythicmetals_compat/star_platinum/star_platinum_claymore (from simplyswords-forge-1.47.0-1.19.2.jar), 
	simplyswords:mythicmetals_compat/star_platinum/star_platinum_cutlass (from simplyswords-forge-1.47.0-1.19.2.jar), 
	simplyswords:mythicmetals_compat/star_platinum/star_platinum_glaive (from simplyswords-forge-1.47.0-1.19.2.jar), 
	simplyswords:mythicmetals_compat/star_platinum/star_platinum_katana (from simplyswords-forge-1.47.0-1.19.2.jar), 
	simplyswords:mythicmetals_compat/star_platinum/star_platinum_longsword (from simplyswords-forge-1.47.0-1.19.2.jar), 
	simplyswords:mythicmetals_compat/star_platinum/star_platinum_rapier (from simplyswords-forge-1.47.0-1.19.2.jar), 
	simplyswords:mythicmetals_compat/star_platinum/star_platinum_sai (from simplyswords-forge-1.47.0-1.19.2.jar), 
	simplyswords:mythicmetals_compat/star_platinum/star_platinum_spear (from simplyswords-forge-1.47.0-1.19.2.jar), 
	simplyswords:mythicmetals_compat/star_platinum/star_platinum_twinblade (from simplyswords-forge-1.47.0-1.19.2.jar), 
	simplyswords:mythicmetals_compat/star_platinum/star_platinum_warglaive (from simplyswords-forge-1.47.0-1.19.2.jar), 
	simplyswords:mythicmetals_compat/star_platinum/star_platinum_greathammer (from simplyswords-forge-1.47.0-1.19.2.jar), 
	simplyswords:mythicmetals_compat/star_platinum/star_platinum_greataxe (from simplyswords-forge-1.47.0-1.19.2.jar), 
	simplyswords:mythicmetals_compat/star_platinum/star_platinum_chakram (from simplyswords-forge-1.47.0-1.19.2.jar), 
	simplyswords:mythicmetals_compat/star_platinum/star_platinum_scythe (from simplyswords-forge-1.47.0-1.19.2.jar), 
	simplyswords:mythicmetals_compat/star_platinum/star_platinum_halberd (from simplyswords-forge-1.47.0-1.19.2.jar)
[19Dec2025 00:54:54.935] [Worker-Main-3/ERROR] [net.minecraft.tags.TagLoader/]: Couldn't load tag [simplyswords:mythicmetals_compat/stormyx/stormyx_claymore (from simplyswords-forge-1.47.0-1.19.2.jar), simplyswords:mythicmetals_compat/stormyx/stormyx_cutlass (from simplyswords-forge-1.47.0-1.19.2.jar), simplyswords:mythicmetals_compat/stormyx/stormyx_glaive (from simplyswords-forge-1.47.0-1.19.2.jar), simplyswords:mythicmetals_compat/stormyx/stormyx_katana (from simplyswords-forge-1.47.0-1.19.2.jar), simplyswords:mythicmetals_compat/stormyx/stormyx_longsword (from simplyswords-forge-1.47.0-1.19.2.jar), simplyswords:mythicmetals_compat/stormyx/stormyx_rapier (from simplyswords-forge-1.47.0-1.19.2.jar), simplyswords:mythicmetals_compat/stormyx/stormyx_sai (from simplyswords-forge-1.47.0-1.19.2.jar), simplyswords:mythicmetals_compat/stormyx/stormyx_spear (from simplyswords-forge-1.47.0-1.19.2.jar), simplyswords:mythicmetals_compat/stormyx/stormyx_twinblade (from simplyswords-forge-1.47.0-1.19.2.jar), simplyswords:mythicmetals_compat/stormyx/stormyx_warglaive (from simplyswords-forge-1.47.0-1.19.2.jar), simplyswords:mythicmetals_compat/stormyx/stormyx_greathammer (from simplyswords-forge-1.47.0-1.19.2.jar), simplyswords:mythicmetals_compat/stormyx/stormyx_greataxe (from simplyswords-forge-1.47.0-1.19.2.jar), simplyswords:mythicmetals_compat/stormyx/stormyx_chakram (from simplyswords-forge-1.47.0-1.19.2.jar), simplyswords:mythicmetals_compat/stormyx/stormyx_scythe (from simplyswords-forge-1.47.0-1.19.2.jar), simplyswords:mythicmetals_compat/stormyx/stormyx_halberd (from simplyswords-forge-1.47.0-1.19.2.jar)] as it is missing following references: simplyswords:mythicmetals_compat/stormyx/stormyx_claymore (from simplyswords-forge-1.47.0-1.19.2.jar), 
	simplyswords:mythicmetals_compat/stormyx/stormyx_cutlass (from simplyswords-forge-1.47.0-1.19.2.jar), 
	simplyswords:mythicmetals_compat/stormyx/stormyx_glaive (from simplyswords-forge-1.47.0-1.19.2.jar), 
	simplyswords:mythicmetals_compat/stormyx/stormyx_katana (from simplyswords-forge-1.47.0-1.19.2.jar), 
	simplyswords:mythicmetals_compat/stormyx/stormyx_longsword (from simplyswords-forge-1.47.0-1.19.2.jar), 
	simplyswords:mythicmetals_compat/stormyx/stormyx_rapier (from simplyswords-forge-1.47.0-1.19.2.jar), 
	simplyswords:mythicmetals_compat/stormyx/stormyx_sai (from simplyswords-forge-1.47.0-1.19.2.jar), 
	simplyswords:mythicmetals_compat/stormyx/stormyx_spear (from simplyswords-forge-1.47.0-1.19.2.jar), 
	simplyswords:mythicmetals_compat/stormyx/stormyx_twinblade (from simplyswords-forge-1.47.0-1.19.2.jar), 
	simplyswords:mythicmetals_compat/stormyx/stormyx_warglaive (from simplyswords-forge-1.47.0-1.19.2.jar), 
	simplyswords:mythicmetals_compat/stormyx/stormyx_greathammer (from simplyswords-forge-1.47.0-1.19.2.jar), 
	simplyswords:mythicmetals_compat/stormyx/stormyx_greataxe (from simplyswords-forge-1.47.0-1.19.2.jar), 
	simplyswords:mythicmetals_compat/stormyx/stormyx_chakram (from simplyswords-forge-1.47.0-1.19.2.jar), 
	simplyswords:mythicmetals_compat/stormyx/stormyx_scythe (from simplyswords-forge-1.47.0-1.19.2.jar), 
	simplyswords:mythicmetals_compat/stormyx/stormyx_halberd (from simplyswords-forge-1.47.0-1.19.2.jar)
[19Dec2025 00:54:54.939] [Worker-Main-3/ERROR] [net.minecraft.tags.TagLoader/]: Couldn't load tag [simplyswords:mythicmetals_compat/runite/runite_claymore (from simplyswords-forge-1.47.0-1.19.2.jar), simplyswords:mythicmetals_compat/runite/runite_cutlass (from simplyswords-forge-1.47.0-1.19.2.jar), simplyswords:mythicmetals_compat/runite/runite_glaive (from simplyswords-forge-1.47.0-1.19.2.jar), simplyswords:mythicmetals_compat/runite/runite_katana (from simplyswords-forge-1.47.0-1.19.2.jar), simplyswords:mythicmetals_compat/runite/runite_longsword (from simplyswords-forge-1.47.0-1.19.2.jar), simplyswords:mythicmetals_compat/runite/runite_rapier (from simplyswords-forge-1.47.0-1.19.2.jar), simplyswords:mythicmetals_compat/runite/runite_sai (from simplyswords-forge-1.47.0-1.19.2.jar), simplyswords:mythicmetals_compat/runite/runite_spear (from simplyswords-forge-1.47.0-1.19.2.jar), simplyswords:mythicmetals_compat/runite/runite_twinblade (from simplyswords-forge-1.47.0-1.19.2.jar), simplyswords:mythicmetals_compat/runite/runite_warglaive (from simplyswords-forge-1.47.0-1.19.2.jar), simplyswords:mythicmetals_compat/runite/runite_greathammer (from simplyswords-forge-1.47.0-1.19.2.jar), simplyswords:mythicmetals_compat/runite/runite_greataxe (from simplyswords-forge-1.47.0-1.19.2.jar), simplyswords:mythicmetals_compat/runite/runite_chakram (from simplyswords-forge-1.47.0-1.19.2.jar), simplyswords:mythicmetals_compat/runite/runite_scythe (from simplyswords-forge-1.47.0-1.19.2.jar), simplyswords:mythicmetals_compat/runite/runite_halberd (from simplyswords-forge-1.47.0-1.19.2.jar)] as it is missing following references: simplyswords:mythicmetals_compat/runite/runite_claymore (from simplyswords-forge-1.47.0-1.19.2.jar), 
	simplyswords:mythicmetals_compat/runite/runite_cutlass (from simplyswords-forge-1.47.0-1.19.2.jar), 
	simplyswords:mythicmetals_compat/runite/runite_glaive (from simplyswords-forge-1.47.0-1.19.2.jar), 
	simplyswords:mythicmetals_compat/runite/runite_katana (from simplyswords-forge-1.47.0-1.19.2.jar), 
	simplyswords:mythicmetals_compat/runite/runite_longsword (from simplyswords-forge-1.47.0-1.19.2.jar), 
	simplyswords:mythicmetals_compat/runite/runite_rapier (from simplyswords-forge-1.47.0-1.19.2.jar), 
	simplyswords:mythicmetals_compat/runite/runite_sai (from simplyswords-forge-1.47.0-1.19.2.jar), 
	simplyswords:mythicmetals_compat/runite/runite_spear (from simplyswords-forge-1.47.0-1.19.2.jar), 
	simplyswords:mythicmetals_compat/runite/runite_twinblade (from simplyswords-forge-1.47.0-1.19.2.jar), 
	simplyswords:mythicmetals_compat/runite/runite_warglaive (from simplyswords-forge-1.47.0-1.19.2.jar), 
	simplyswords:mythicmetals_compat/runite/runite_greathammer (from simplyswords-forge-1.47.0-1.19.2.jar), 
	simplyswords:mythicmetals_compat/runite/runite_greataxe (from simplyswords-forge-1.47.0-1.19.2.jar), 
	simplyswords:mythicmetals_compat/runite/runite_chakram (from simplyswords-forge-1.47.0-1.19.2.jar), 
	simplyswords:mythicmetals_compat/runite/runite_scythe (from simplyswords-forge-1.47.0-1.19.2.jar), 
	simplyswords:mythicmetals_compat/runite/runite_halberd (from simplyswords-forge-1.47.0-1.19.2.jar)
[19Dec2025 00:54:54.939] [Worker-Main-3/ERROR] [net.minecraft.tags.TagLoader/]: Couldn't load tag [simplyswords:mythicmetals_compat/adamantite/adamantite_claymore (from simplyswords-forge-1.47.0-1.19.2.jar), simplyswords:mythicmetals_compat/adamantite/adamantite_cutlass (from simplyswords-forge-1.47.0-1.19.2.jar), simplyswords:mythicmetals_compat/adamantite/adamantite_glaive (from simplyswords-forge-1.47.0-1.19.2.jar), simplyswords:mythicmetals_compat/adamantite/adamantite_katana (from simplyswords-forge-1.47.0-1.19.2.jar), simplyswords:mythicmetals_compat/adamantite/adamantite_longsword (from simplyswords-forge-1.47.0-1.19.2.jar), simplyswords:mythicmetals_compat/adamantite/adamantite_rapier (from simplyswords-forge-1.47.0-1.19.2.jar), simplyswords:mythicmetals_compat/adamantite/adamantite_sai (from simplyswords-forge-1.47.0-1.19.2.jar), simplyswords:mythicmetals_compat/adamantite/adamantite_spear (from simplyswords-forge-1.47.0-1.19.2.jar), simplyswords:mythicmetals_compat/adamantite/adamantite_twinblade (from simplyswords-forge-1.47.0-1.19.2.jar), simplyswords:mythicmetals_compat/adamantite/adamantite_warglaive (from simplyswords-forge-1.47.0-1.19.2.jar), simplyswords:mythicmetals_compat/adamantite/adamantite_greathammer (from simplyswords-forge-1.47.0-1.19.2.jar), simplyswords:mythicmetals_compat/adamantite/adamantite_greataxe (from simplyswords-forge-1.47.0-1.19.2.jar), simplyswords:mythicmetals_compat/adamantite/adamantite_chakram (from simplyswords-forge-1.47.0-1.19.2.jar), simplyswords:mythicmetals_compat/adamantite/adamantite_scythe (from simplyswords-forge-1.47.0-1.19.2.jar), simplyswords:mythicmetals_compat/adamantite/adamantite_halberd (from simplyswords-forge-1.47.0-1.19.2.jar)] as it is missing following references: simplyswords:mythicmetals_compat/adamantite/adamantite_claymore (from simplyswords-forge-1.47.0-1.19.2.jar), 
	simplyswords:mythicmetals_compat/adamantite/adamantite_cutlass (from simplyswords-forge-1.47.0-1.19.2.jar), 
	simplyswords:mythicmetals_compat/adamantite/adamantite_glaive (from simplyswords-forge-1.47.0-1.19.2.jar), 
	simplyswords:mythicmetals_compat/adamantite/adamantite_katana (from simplyswords-forge-1.47.0-1.19.2.jar), 
	simplyswords:mythicmetals_compat/adamantite/adamantite_longsword (from simplyswords-forge-1.47.0-1.19.2.jar), 
	simplyswords:mythicmetals_compat/adamantite/adamantite_rapier (from simplyswords-forge-1.47.0-1.19.2.jar), 
	simplyswords:mythicmetals_compat/adamantite/adamantite_sai (from simplyswords-forge-1.47.0-1.19.2.jar), 
	simplyswords:mythicmetals_compat/adamantite/adamantite_spear (from simplyswords-forge-1.47.0-1.19.2.jar), 
	simplyswords:mythicmetals_compat/adamantite/adamantite_twinblade (from simplyswords-forge-1.47.0-1.19.2.jar), 
	simplyswords:mythicmetals_compat/adamantite/adamantite_warglaive (from simplyswords-forge-1.47.0-1.19.2.jar), 
	simplyswords:mythicmetals_compat/adamantite/adamantite_greathammer (from simplyswords-forge-1.47.0-1.19.2.jar), 
	simplyswords:mythicmetals_compat/adamantite/adamantite_greataxe (from simplyswords-forge-1.47.0-1.19.2.jar), 
	simplyswords:mythicmetals_compat/adamantite/adamantite_chakram (from simplyswords-forge-1.47.0-1.19.2.jar), 
	simplyswords:mythicmetals_compat/adamantite/adamantite_scythe (from simplyswords-forge-1.47.0-1.19.2.jar), 
	simplyswords:mythicmetals_compat/adamantite/adamantite_halberd (from simplyswords-forge-1.47.0-1.19.2.jar)
[19Dec2025 00:54:54.941] [Worker-Main-3/ERROR] [net.minecraft.tags.TagLoader/]: Couldn't load tag [simplyswords:mythicmetals_compat/mythril/mythril_claymore (from simplyswords-forge-1.47.0-1.19.2.jar), simplyswords:mythicmetals_compat/mythril/mythril_cutlass (from simplyswords-forge-1.47.0-1.19.2.jar), simplyswords:mythicmetals_compat/mythril/mythril_glaive (from simplyswords-forge-1.47.0-1.19.2.jar), simplyswords:mythicmetals_compat/mythril/mythril_katana (from simplyswords-forge-1.47.0-1.19.2.jar), simplyswords:mythicmetals_compat/mythril/mythril_longsword (from simplyswords-forge-1.47.0-1.19.2.jar), simplyswords:mythicmetals_compat/mythril/mythril_rapier (from simplyswords-forge-1.47.0-1.19.2.jar), simplyswords:mythicmetals_compat/mythril/mythril_sai (from simplyswords-forge-1.47.0-1.19.2.jar), simplyswords:mythicmetals_compat/mythril/mythril_spear (from simplyswords-forge-1.47.0-1.19.2.jar), simplyswords:mythicmetals_compat/mythril/mythril_twinblade (from simplyswords-forge-1.47.0-1.19.2.jar), simplyswords:mythicmetals_compat/mythril/mythril_warglaive (from simplyswords-forge-1.47.0-1.19.2.jar), simplyswords:mythicmetals_compat/mythril/mythril_greathammer (from simplyswords-forge-1.47.0-1.19.2.jar), simplyswords:mythicmetals_compat/mythril/mythril_greataxe (from simplyswords-forge-1.47.0-1.19.2.jar), simplyswords:mythicmetals_compat/mythril/mythril_chakram (from simplyswords-forge-1.47.0-1.19.2.jar), simplyswords:mythicmetals_compat/mythril/mythril_scythe (from simplyswords-forge-1.47.0-1.19.2.jar), simplyswords:mythicmetals_compat/mythril/mythril_halberd (from simplyswords-forge-1.47.0-1.19.2.jar)] as it is missing following references: simplyswords:mythicmetals_compat/mythril/mythril_claymore (from simplyswords-forge-1.47.0-1.19.2.jar), 
	simplyswords:mythicmetals_compat/mythril/mythril_cutlass (from simplyswords-forge-1.47.0-1.19.2.jar), 
	simplyswords:mythicmetals_compat/mythril/mythril_glaive (from simplyswords-forge-1.47.0-1.19.2.jar), 
	simplyswords:mythicmetals_compat/mythril/mythril_katana (from simplyswords-forge-1.47.0-1.19.2.jar), 
	simplyswords:mythicmetals_compat/mythril/mythril_longsword (from simplyswords-forge-1.47.0-1.19.2.jar), 
	simplyswords:mythicmetals_compat/mythril/mythril_rapier (from simplyswords-forge-1.47.0-1.19.2.jar), 
	simplyswords:mythicmetals_compat/mythril/mythril_sai (from simplyswords-forge-1.47.0-1.19.2.jar), 
	simplyswords:mythicmetals_compat/mythril/mythril_spear (from simplyswords-forge-1.47.0-1.19.2.jar), 
	simplyswords:mythicmetals_compat/mythril/mythril_twinblade (from simplyswords-forge-1.47.0-1.19.2.jar), 
	simplyswords:mythicmetals_compat/mythril/mythril_warglaive (from simplyswords-forge-1.47.0-1.19.2.jar), 
	simplyswords:mythicmetals_compat/mythril/mythril_greathammer (from simplyswords-forge-1.47.0-1.19.2.jar), 
	simplyswords:mythicmetals_compat/mythril/mythril_greataxe (from simplyswords-forge-1.47.0-1.19.2.jar), 
	simplyswords:mythicmetals_compat/mythril/mythril_chakram (from simplyswords-forge-1.47.0-1.19.2.jar), 
	simplyswords:mythicmetals_compat/mythril/mythril_scythe (from simplyswords-forge-1.47.0-1.19.2.jar), 
	simplyswords:mythicmetals_compat/mythril/mythril_halberd (from simplyswords-forge-1.47.0-1.19.2.jar)
[19Dec2025 00:54:54.943] [Worker-Main-3/ERROR] [net.minecraft.tags.TagLoader/]: Couldn't load tag [simplyswords:mythicmetals_compat/palladium/palladium_claymore (from simplyswords-forge-1.47.0-1.19.2.jar), simplyswords:mythicmetals_compat/palladium/palladium_cutlass (from simplyswords-forge-1.47.0-1.19.2.jar), simplyswords:mythicmetals_compat/palladium/palladium_glaive (from simplyswords-forge-1.47.0-1.19.2.jar), simplyswords:mythicmetals_compat/palladium/palladium_katana (from simplyswords-forge-1.47.0-1.19.2.jar), simplyswords:mythicmetals_compat/palladium/palladium_longsword (from simplyswords-forge-1.47.0-1.19.2.jar), simplyswords:mythicmetals_compat/palladium/palladium_rapier (from simplyswords-forge-1.47.0-1.19.2.jar), simplyswords:mythicmetals_compat/palladium/palladium_sai (from simplyswords-forge-1.47.0-1.19.2.jar), simplyswords:mythicmetals_compat/palladium/palladium_spear (from simplyswords-forge-1.47.0-1.19.2.jar), simplyswords:mythicmetals_compat/palladium/palladium_twinblade (from simplyswords-forge-1.47.0-1.19.2.jar), simplyswords:mythicmetals_compat/palladium/palladium_warglaive (from simplyswords-forge-1.47.0-1.19.2.jar), simplyswords:mythicmetals_compat/palladium/palladium_greathammer (from simplyswords-forge-1.47.0-1.19.2.jar), simplyswords:mythicmetals_compat/palladium/palladium_greataxe (from simplyswords-forge-1.47.0-1.19.2.jar), simplyswords:mythicmetals_compat/palladium/palladium_chakram (from simplyswords-forge-1.47.0-1.19.2.jar), simplyswords:mythicmetals_compat/palladium/palladium_scythe (from simplyswords-forge-1.47.0-1.19.2.jar), simplyswords:mythicmetals_compat/palladium/palladium_halberd (from simplyswords-forge-1.47.0-1.19.2.jar)] as it is missing following references: simplyswords:mythicmetals_compat/palladium/palladium_claymore (from simplyswords-forge-1.47.0-1.19.2.jar), 
	simplyswords:mythicmetals_compat/palladium/palladium_cutlass (from simplyswords-forge-1.47.0-1.19.2.jar), 
	simplyswords:mythicmetals_compat/palladium/palladium_glaive (from simplyswords-forge-1.47.0-1.19.2.jar), 
	simplyswords:mythicmetals_compat/palladium/palladium_katana (from simplyswords-forge-1.47.0-1.19.2.jar), 
	simplyswords:mythicmetals_compat/palladium/palladium_longsword (from simplyswords-forge-1.47.0-1.19.2.jar), 
	simplyswords:mythicmetals_compat/palladium/palladium_rapier (from simplyswords-forge-1.47.0-1.19.2.jar), 
	simplyswords:mythicmetals_compat/palladium/palladium_sai (from simplyswords-forge-1.47.0-1.19.2.jar), 
	simplyswords:mythicmetals_compat/palladium/palladium_spear (from simplyswords-forge-1.47.0-1.19.2.jar), 
	simplyswords:mythicmetals_compat/palladium/palladium_twinblade (from simplyswords-forge-1.47.0-1.19.2.jar), 
	simplyswords:mythicmetals_compat/palladium/palladium_warglaive (from simplyswords-forge-1.47.0-1.19.2.jar), 
	simplyswords:mythicmetals_compat/palladium/palladium_greathammer (from simplyswords-forge-1.47.0-1.19.2.jar), 
	simplyswords:mythicmetals_compat/palladium/palladium_greataxe (from simplyswords-forge-1.47.0-1.19.2.jar), 
	simplyswords:mythicmetals_compat/palladium/palladium_chakram (from simplyswords-forge-1.47.0-1.19.2.jar), 
	simplyswords:mythicmetals_compat/palladium/palladium_scythe (from simplyswords-forge-1.47.0-1.19.2.jar), 
	simplyswords:mythicmetals_compat/palladium/palladium_halberd (from simplyswords-forge-1.47.0-1.19.2.jar)
[19Dec2025 00:54:54.947] [Worker-Main-3/ERROR] [net.minecraft.tags.TagLoader/]: Couldn't load tag [simplyswords:mythicmetals_compat/kyber/kyber_claymore (from simplyswords-forge-1.47.0-1.19.2.jar), simplyswords:mythicmetals_compat/kyber/kyber_cutlass (from simplyswords-forge-1.47.0-1.19.2.jar), simplyswords:mythicmetals_compat/kyber/kyber_glaive (from simplyswords-forge-1.47.0-1.19.2.jar), simplyswords:mythicmetals_compat/kyber/kyber_katana (from simplyswords-forge-1.47.0-1.19.2.jar), simplyswords:mythicmetals_compat/kyber/kyber_longsword (from simplyswords-forge-1.47.0-1.19.2.jar), simplyswords:mythicmetals_compat/kyber/kyber_rapier (from simplyswords-forge-1.47.0-1.19.2.jar), simplyswords:mythicmetals_compat/kyber/kyber_sai (from simplyswords-forge-1.47.0-1.19.2.jar), simplyswords:mythicmetals_compat/kyber/kyber_spear (from simplyswords-forge-1.47.0-1.19.2.jar), simplyswords:mythicmetals_compat/kyber/kyber_twinblade (from simplyswords-forge-1.47.0-1.19.2.jar), simplyswords:mythicmetals_compat/kyber/kyber_warglaive (from simplyswords-forge-1.47.0-1.19.2.jar), simplyswords:mythicmetals_compat/kyber/kyber_greathammer (from simplyswords-forge-1.47.0-1.19.2.jar), simplyswords:mythicmetals_compat/kyber/kyber_greataxe (from simplyswords-forge-1.47.0-1.19.2.jar), simplyswords:mythicmetals_compat/kyber/kyber_chakram (from simplyswords-forge-1.47.0-1.19.2.jar), simplyswords:mythicmetals_compat/kyber/kyber_scythe (from simplyswords-forge-1.47.0-1.19.2.jar), simplyswords:mythicmetals_compat/kyber/kyber_halberd (from simplyswords-forge-1.47.0-1.19.2.jar)] as it is missing following references: simplyswords:mythicmetals_compat/kyber/kyber_claymore (from simplyswords-forge-1.47.0-1.19.2.jar), 
	simplyswords:mythicmetals_compat/kyber/kyber_cutlass (from simplyswords-forge-1.47.0-1.19.2.jar), 
	simplyswords:mythicmetals_compat/kyber/kyber_glaive (from simplyswords-forge-1.47.0-1.19.2.jar), 
	simplyswords:mythicmetals_compat/kyber/kyber_katana (from simplyswords-forge-1.47.0-1.19.2.jar), 
	simplyswords:mythicmetals_compat/kyber/kyber_longsword (from simplyswords-forge-1.47.0-1.19.2.jar), 
	simplyswords:mythicmetals_compat/kyber/kyber_rapier (from simplyswords-forge-1.47.0-1.19.2.jar), 
	simplyswords:mythicmetals_compat/kyber/kyber_sai (from simplyswords-forge-1.47.0-1.19.2.jar), 
	simplyswords:mythicmetals_compat/kyber/kyber_spear (from simplyswords-forge-1.47.0-1.19.2.jar), 
	simplyswords:mythicmetals_compat/kyber/kyber_twinblade (from simplyswords-forge-1.47.0-1.19.2.jar), 
	simplyswords:mythicmetals_compat/kyber/kyber_warglaive (from simplyswords-forge-1.47.0-1.19.2.jar), 
	simplyswords:mythicmetals_compat/kyber/kyber_greathammer (from simplyswords-forge-1.47.0-1.19.2.jar), 
	simplyswords:mythicmetals_compat/kyber/kyber_greataxe (from simplyswords-forge-1.47.0-1.19.2.jar), 
	simplyswords:mythicmetals_compat/kyber/kyber_chakram (from simplyswords-forge-1.47.0-1.19.2.jar), 
	simplyswords:mythicmetals_compat/kyber/kyber_scythe (from simplyswords-forge-1.47.0-1.19.2.jar), 
	simplyswords:mythicmetals_compat/kyber/kyber_halberd (from simplyswords-forge-1.47.0-1.19.2.jar)
[19Dec2025 00:54:54.954] [Worker-Main-3/ERROR] [net.minecraft.tags.TagLoader/]: Couldn't load tag [simplyswords:mythicmetals_compat/prometheum/prometheum_claymore (from simplyswords-forge-1.47.0-1.19.2.jar), simplyswords:mythicmetals_compat/prometheum/prometheum_cutlass (from simplyswords-forge-1.47.0-1.19.2.jar), simplyswords:mythicmetals_compat/prometheum/prometheum_glaive (from simplyswords-forge-1.47.0-1.19.2.jar), simplyswords:mythicmetals_compat/prometheum/prometheum_katana (from simplyswords-forge-1.47.0-1.19.2.jar), simplyswords:mythicmetals_compat/prometheum/prometheum_longsword (from simplyswords-forge-1.47.0-1.19.2.jar), simplyswords:mythicmetals_compat/prometheum/prometheum_rapier (from simplyswords-forge-1.47.0-1.19.2.jar), simplyswords:mythicmetals_compat/prometheum/prometheum_sai (from simplyswords-forge-1.47.0-1.19.2.jar), simplyswords:mythicmetals_compat/prometheum/prometheum_spear (from simplyswords-forge-1.47.0-1.19.2.jar), simplyswords:mythicmetals_compat/prometheum/prometheum_twinblade (from simplyswords-forge-1.47.0-1.19.2.jar), simplyswords:mythicmetals_compat/prometheum/prometheum_warglaive (from simplyswords-forge-1.47.0-1.19.2.jar), simplyswords:mythicmetals_compat/prometheum/prometheum_greathammer (from simplyswords-forge-1.47.0-1.19.2.jar), simplyswords:mythicmetals_compat/prometheum/prometheum_greataxe (from simplyswords-forge-1.47.0-1.19.2.jar), simplyswords:mythicmetals_compat/prometheum/prometheum_chakram (from simplyswords-forge-1.47.0-1.19.2.jar), simplyswords:mythicmetals_compat/prometheum/prometheum_scythe (from simplyswords-forge-1.47.0-1.19.2.jar), simplyswords:mythicmetals_compat/prometheum/prometheum_halberd (from simplyswords-forge-1.47.0-1.19.2.jar)] as it is missing following references: simplyswords:mythicmetals_compat/prometheum/prometheum_claymore (from simplyswords-forge-1.47.0-1.19.2.jar), 
	simplyswords:mythicmetals_compat/prometheum/prometheum_cutlass (from simplyswords-forge-1.47.0-1.19.2.jar), 
	simplyswords:mythicmetals_compat/prometheum/prometheum_glaive (from simplyswords-forge-1.47.0-1.19.2.jar), 
	simplyswords:mythicmetals_compat/prometheum/prometheum_katana (from simplyswords-forge-1.47.0-1.19.2.jar), 
	simplyswords:mythicmetals_compat/prometheum/prometheum_longsword (from simplyswords-forge-1.47.0-1.19.2.jar), 
	simplyswords:mythicmetals_compat/prometheum/prometheum_rapier (from simplyswords-forge-1.47.0-1.19.2.jar), 
	simplyswords:mythicmetals_compat/prometheum/prometheum_sai (from simplyswords-forge-1.47.0-1.19.2.jar), 
	simplyswords:mythicmetals_compat/prometheum/prometheum_spear (from simplyswords-forge-1.47.0-1.19.2.jar), 
	simplyswords:mythicmetals_compat/prometheum/prometheum_twinblade (from simplyswords-forge-1.47.0-1.19.2.jar), 
	simplyswords:mythicmetals_compat/prometheum/prometheum_warglaive (from simplyswords-forge-1.47.0-1.19.2.jar), 
	simplyswords:mythicmetals_compat/prometheum/prometheum_greathammer (from simplyswords-forge-1.47.0-1.19.2.jar), 
	simplyswords:mythicmetals_compat/prometheum/prometheum_greataxe (from simplyswords-forge-1.47.0-1.19.2.jar), 
	simplyswords:mythicmetals_compat/prometheum/prometheum_chakram (from simplyswords-forge-1.47.0-1.19.2.jar), 
	simplyswords:mythicmetals_compat/prometheum/prometheum_scythe (from simplyswords-forge-1.47.0-1.19.2.jar), 
	simplyswords:mythicmetals_compat/prometheum/prometheum_halberd (from simplyswords-forge-1.47.0-1.19.2.jar)
[19Dec2025 00:54:54.957] [Worker-Main-3/ERROR] [net.minecraft.tags.TagLoader/]: Couldn't load tag [simplyswords:mythicmetals_compat/metallurgium/metallurgium_claymore (from simplyswords-forge-1.47.0-1.19.2.jar), simplyswords:mythicmetals_compat/metallurgium/metallurgium_cutlass (from simplyswords-forge-1.47.0-1.19.2.jar), simplyswords:mythicmetals_compat/metallurgium/metallurgium_glaive (from simplyswords-forge-1.47.0-1.19.2.jar), simplyswords:mythicmetals_compat/metallurgium/metallurgium_katana (from simplyswords-forge-1.47.0-1.19.2.jar), simplyswords:mythicmetals_compat/metallurgium/metallurgium_longsword (from simplyswords-forge-1.47.0-1.19.2.jar), simplyswords:mythicmetals_compat/metallurgium/metallurgium_rapier (from simplyswords-forge-1.47.0-1.19.2.jar), simplyswords:mythicmetals_compat/metallurgium/metallurgium_sai (from simplyswords-forge-1.47.0-1.19.2.jar), simplyswords:mythicmetals_compat/metallurgium/metallurgium_spear (from simplyswords-forge-1.47.0-1.19.2.jar), simplyswords:mythicmetals_compat/metallurgium/metallurgium_twinblade (from simplyswords-forge-1.47.0-1.19.2.jar), simplyswords:mythicmetals_compat/metallurgium/metallurgium_warglaive (from simplyswords-forge-1.47.0-1.19.2.jar), simplyswords:mythicmetals_compat/metallurgium/metallurgium_greathammer (from simplyswords-forge-1.47.0-1.19.2.jar), simplyswords:mythicmetals_compat/metallurgium/metallurgium_greataxe (from simplyswords-forge-1.47.0-1.19.2.jar), simplyswords:mythicmetals_compat/metallurgium/metallurgium_chakram (from simplyswords-forge-1.47.0-1.19.2.jar), simplyswords:mythicmetals_compat/metallurgium/metallurgium_scythe (from simplyswords-forge-1.47.0-1.19.2.jar), simplyswords:mythicmetals_compat/metallurgium/metallurgium_halberd (from simplyswords-forge-1.47.0-1.19.2.jar)] as it is missing following references: simplyswords:mythicmetals_compat/metallurgium/metallurgium_claymore (from simplyswords-forge-1.47.0-1.19.2.jar), 
	simplyswords:mythicmetals_compat/metallurgium/metallurgium_cutlass (from simplyswords-forge-1.47.0-1.19.2.jar), 
	simplyswords:mythicmetals_compat/metallurgium/metallurgium_glaive (from simplyswords-forge-1.47.0-1.19.2.jar), 
	simplyswords:mythicmetals_compat/metallurgium/metallurgium_katana (from simplyswords-forge-1.47.0-1.19.2.jar), 
	simplyswords:mythicmetals_compat/metallurgium/metallurgium_longsword (from simplyswords-forge-1.47.0-1.19.2.jar), 
	simplyswords:mythicmetals_compat/metallurgium/metallurgium_rapier (from simplyswords-forge-1.47.0-1.19.2.jar), 
	simplyswords:mythicmetals_compat/metallurgium/metallurgium_sai (from simplyswords-forge-1.47.0-1.19.2.jar), 
	simplyswords:mythicmetals_compat/metallurgium/metallurgium_spear (from simplyswords-forge-1.47.0-1.19.2.jar), 
	simplyswords:mythicmetals_compat/metallurgium/metallurgium_twinblade (from simplyswords-forge-1.47.0-1.19.2.jar), 
	simplyswords:mythicmetals_compat/metallurgium/metallurgium_warglaive (from simplyswords-forge-1.47.0-1.19.2.jar), 
	simplyswords:mythicmetals_compat/metallurgium/metallurgium_greathammer (from simplyswords-forge-1.47.0-1.19.2.jar), 
	simplyswords:mythicmetals_compat/metallurgium/metallurgium_greataxe (from simplyswords-forge-1.47.0-1.19.2.jar), 
	simplyswords:mythicmetals_compat/metallurgium/metallurgium_chakram (from simplyswords-forge-1.47.0-1.19.2.jar), 
	simplyswords:mythicmetals_compat/metallurgium/metallurgium_scythe (from simplyswords-forge-1.47.0-1.19.2.jar), 
	simplyswords:mythicmetals_compat/metallurgium/metallurgium_halberd (from simplyswords-forge-1.47.0-1.19.2.jar)
[19Dec2025 00:54:54.959] [Worker-Main-3/ERROR] [net.minecraft.tags.TagLoader/]: Couldn't load tag [simplyswords:mythicmetals_compat/bronze/bronze_claymore (from simplyswords-forge-1.47.0-1.19.2.jar), simplyswords:mythicmetals_compat/bronze/bronze_cutlass (from simplyswords-forge-1.47.0-1.19.2.jar), simplyswords:mythicmetals_compat/bronze/bronze_glaive (from simplyswords-forge-1.47.0-1.19.2.jar), simplyswords:mythicmetals_compat/bronze/bronze_katana (from simplyswords-forge-1.47.0-1.19.2.jar), simplyswords:mythicmetals_compat/bronze/bronze_longsword (from simplyswords-forge-1.47.0-1.19.2.jar), simplyswords:mythicmetals_compat/bronze/bronze_rapier (from simplyswords-forge-1.47.0-1.19.2.jar), simplyswords:mythicmetals_compat/bronze/bronze_sai (from simplyswords-forge-1.47.0-1.19.2.jar), simplyswords:mythicmetals_compat/bronze/bronze_spear (from simplyswords-forge-1.47.0-1.19.2.jar), simplyswords:mythicmetals_compat/bronze/bronze_twinblade (from simplyswords-forge-1.47.0-1.19.2.jar), simplyswords:mythicmetals_compat/bronze/bronze_warglaive (from simplyswords-forge-1.47.0-1.19.2.jar), simplyswords:mythicmetals_compat/bronze/bronze_greathammer (from simplyswords-forge-1.47.0-1.19.2.jar), simplyswords:mythicmetals_compat/bronze/bronze_greataxe (from simplyswords-forge-1.47.0-1.19.2.jar), simplyswords:mythicmetals_compat/bronze/bronze_chakram (from simplyswords-forge-1.47.0-1.19.2.jar), simplyswords:mythicmetals_compat/bronze/bronze_scythe (from simplyswords-forge-1.47.0-1.19.2.jar), simplyswords:mythicmetals_compat/bronze/bronze_halberd (from simplyswords-forge-1.47.0-1.19.2.jar)] as it is missing following references: simplyswords:mythicmetals_compat/bronze/bronze_claymore (from simplyswords-forge-1.47.0-1.19.2.jar), 
	simplyswords:mythicmetals_compat/bronze/bronze_cutlass (from simplyswords-forge-1.47.0-1.19.2.jar), 
	simplyswords:mythicmetals_compat/bronze/bronze_glaive (from simplyswords-forge-1.47.0-1.19.2.jar), 
	simplyswords:mythicmetals_compat/bronze/bronze_katana (from simplyswords-forge-1.47.0-1.19.2.jar), 
	simplyswords:mythicmetals_compat/bronze/bronze_longsword (from simplyswords-forge-1.47.0-1.19.2.jar), 
	simplyswords:mythicmetals_compat/bronze/bronze_rapier (from simplyswords-forge-1.47.0-1.19.2.jar), 
	simplyswords:mythicmetals_compat/bronze/bronze_sai (from simplyswords-forge-1.47.0-1.19.2.jar), 
	simplyswords:mythicmetals_compat/bronze/bronze_spear (from simplyswords-forge-1.47.0-1.19.2.jar), 
	simplyswords:mythicmetals_compat/bronze/bronze_twinblade (from simplyswords-forge-1.47.0-1.19.2.jar), 
	simplyswords:mythicmetals_compat/bronze/bronze_warglaive (from simplyswords-forge-1.47.0-1.19.2.jar), 
	simplyswords:mythicmetals_compat/bronze/bronze_greathammer (from simplyswords-forge-1.47.0-1.19.2.jar), 
	simplyswords:mythicmetals_compat/bronze/bronze_greataxe (from simplyswords-forge-1.47.0-1.19.2.jar), 
	simplyswords:mythicmetals_compat/bronze/bronze_chakram (from simplyswords-forge-1.47.0-1.19.2.jar), 
	simplyswords:mythicmetals_compat/bronze/bronze_scythe (from simplyswords-forge-1.47.0-1.19.2.jar), 
	simplyswords:mythicmetals_compat/bronze/bronze_halberd (from simplyswords-forge-1.47.0-1.19.2.jar)
[19Dec2025 00:54:54.964] [Worker-Main-3/ERROR] [net.minecraft.tags.TagLoader/]: Couldn't load tag [simplyswords:mythicmetals_compat/celestium/celestium_claymore (from simplyswords-forge-1.47.0-1.19.2.jar), simplyswords:mythicmetals_compat/celestium/celestium_cutlass (from simplyswords-forge-1.47.0-1.19.2.jar), simplyswords:mythicmetals_compat/celestium/celestium_glaive (from simplyswords-forge-1.47.0-1.19.2.jar), simplyswords:mythicmetals_compat/celestium/celestium_katana (from simplyswords-forge-1.47.0-1.19.2.jar), simplyswords:mythicmetals_compat/celestium/celestium_longsword (from simplyswords-forge-1.47.0-1.19.2.jar), simplyswords:mythicmetals_compat/celestium/celestium_rapier (from simplyswords-forge-1.47.0-1.19.2.jar), simplyswords:mythicmetals_compat/celestium/celestium_sai (from simplyswords-forge-1.47.0-1.19.2.jar), simplyswords:mythicmetals_compat/celestium/celestium_spear (from simplyswords-forge-1.47.0-1.19.2.jar), simplyswords:mythicmetals_compat/celestium/celestium_twinblade (from simplyswords-forge-1.47.0-1.19.2.jar), simplyswords:mythicmetals_compat/celestium/celestium_warglaive (from simplyswords-forge-1.47.0-1.19.2.jar), simplyswords:mythicmetals_compat/celestium/celestium_greathammer (from simplyswords-forge-1.47.0-1.19.2.jar), simplyswords:mythicmetals_compat/celestium/celestium_greataxe (from simplyswords-forge-1.47.0-1.19.2.jar), simplyswords:mythicmetals_compat/celestium/celestium_chakram (from simplyswords-forge-1.47.0-1.19.2.jar), simplyswords:mythicmetals_compat/celestium/celestium_scythe (from simplyswords-forge-1.47.0-1.19.2.jar), simplyswords:mythicmetals_compat/celestium/celestium_halberd (from simplyswords-forge-1.47.0-1.19.2.jar)] as it is missing following references: simplyswords:mythicmetals_compat/celestium/celestium_claymore (from simplyswords-forge-1.47.0-1.19.2.jar), 
	simplyswords:mythicmetals_compat/celestium/celestium_cutlass (from simplyswords-forge-1.47.0-1.19.2.jar), 
	simplyswords:mythicmetals_compat/celestium/celestium_glaive (from simplyswords-forge-1.47.0-1.19.2.jar), 
	simplyswords:mythicmetals_compat/celestium/celestium_katana (from simplyswords-forge-1.47.0-1.19.2.jar), 
	simplyswords:mythicmetals_compat/celestium/celestium_longsword (from simplyswords-forge-1.47.0-1.19.2.jar), 
	simplyswords:mythicmetals_compat/celestium/celestium_rapier (from simplyswords-forge-1.47.0-1.19.2.jar), 
	simplyswords:mythicmetals_compat/celestium/celestium_sai (from simplyswords-forge-1.47.0-1.19.2.jar), 
	simplyswords:mythicmetals_compat/celestium/celestium_spear (from simplyswords-forge-1.47.0-1.19.2.jar), 
	simplyswords:mythicmetals_compat/celestium/celestium_twinblade (from simplyswords-forge-1.47.0-1.19.2.jar), 
	simplyswords:mythicmetals_compat/celestium/celestium_warglaive (from simplyswords-forge-1.47.0-1.19.2.jar), 
	simplyswords:mythicmetals_compat/celestium/celestium_greathammer (from simplyswords-forge-1.47.0-1.19.2.jar), 
	simplyswords:mythicmetals_compat/celestium/celestium_greataxe (from simplyswords-forge-1.47.0-1.19.2.jar), 
	simplyswords:mythicmetals_compat/celestium/celestium_chakram (from simplyswords-forge-1.47.0-1.19.2.jar), 
	simplyswords:mythicmetals_compat/celestium/celestium_scythe (from simplyswords-forge-1.47.0-1.19.2.jar), 
	simplyswords:mythicmetals_compat/celestium/celestium_halberd (from simplyswords-forge-1.47.0-1.19.2.jar)
[19Dec2025 00:54:54.966] [Worker-Main-3/ERROR] [net.minecraft.tags.TagLoader/]: Couldn't load tag [simplyswords:mythicmetals_compat/orichalcum/orichalcum_claymore (from simplyswords-forge-1.47.0-1.19.2.jar), simplyswords:mythicmetals_compat/orichalcum/orichalcum_cutlass (from simplyswords-forge-1.47.0-1.19.2.jar), simplyswords:mythicmetals_compat/orichalcum/orichalcum_glaive (from simplyswords-forge-1.47.0-1.19.2.jar), simplyswords:mythicmetals_compat/orichalcum/orichalcum_katana (from simplyswords-forge-1.47.0-1.19.2.jar), simplyswords:mythicmetals_compat/orichalcum/orichalcum_longsword (from simplyswords-forge-1.47.0-1.19.2.jar), simplyswords:mythicmetals_compat/orichalcum/orichalcum_rapier (from simplyswords-forge-1.47.0-1.19.2.jar), simplyswords:mythicmetals_compat/orichalcum/orichalcum_sai (from simplyswords-forge-1.47.0-1.19.2.jar), simplyswords:mythicmetals_compat/orichalcum/orichalcum_spear (from simplyswords-forge-1.47.0-1.19.2.jar), simplyswords:mythicmetals_compat/orichalcum/orichalcum_twinblade (from simplyswords-forge-1.47.0-1.19.2.jar), simplyswords:mythicmetals_compat/orichalcum/orichalcum_warglaive (from simplyswords-forge-1.47.0-1.19.2.jar), simplyswords:mythicmetals_compat/orichalcum/orichalcum_greathammer (from simplyswords-forge-1.47.0-1.19.2.jar), simplyswords:mythicmetals_compat/orichalcum/orichalcum_greataxe (from simplyswords-forge-1.47.0-1.19.2.jar), simplyswords:mythicmetals_compat/orichalcum/orichalcum_chakram (from simplyswords-forge-1.47.0-1.19.2.jar), simplyswords:mythicmetals_compat/orichalcum/orichalcum_scythe (from simplyswords-forge-1.47.0-1.19.2.jar), simplyswords:mythicmetals_compat/orichalcum/orichalcum_halberd (from simplyswords-forge-1.47.0-1.19.2.jar)] as it is missing following references: simplyswords:mythicmetals_compat/orichalcum/orichalcum_claymore (from simplyswords-forge-1.47.0-1.19.2.jar), 
	simplyswords:mythicmetals_compat/orichalcum/orichalcum_cutlass (from simplyswords-forge-1.47.0-1.19.2.jar), 
	simplyswords:mythicmetals_compat/orichalcum/orichalcum_glaive (from simplyswords-forge-1.47.0-1.19.2.jar), 
	simplyswords:mythicmetals_compat/orichalcum/orichalcum_katana (from simplyswords-forge-1.47.0-1.19.2.jar), 
	simplyswords:mythicmetals_compat/orichalcum/orichalcum_longsword (from simplyswords-forge-1.47.0-1.19.2.jar), 
	simplyswords:mythicmetals_compat/orichalcum/orichalcum_rapier (from simplyswords-forge-1.47.0-1.19.2.jar), 
	simplyswords:mythicmetals_compat/orichalcum/orichalcum_sai (from simplyswords-forge-1.47.0-1.19.2.jar), 
	simplyswords:mythicmetals_compat/orichalcum/orichalcum_spear (from simplyswords-forge-1.47.0-1.19.2.jar), 
	simplyswords:mythicmetals_compat/orichalcum/orichalcum_twinblade (from simplyswords-forge-1.47.0-1.19.2.jar), 
	simplyswords:mythicmetals_compat/orichalcum/orichalcum_warglaive (from simplyswords-forge-1.47.0-1.19.2.jar), 
	simplyswords:mythicmetals_compat/orichalcum/orichalcum_greathammer (from simplyswords-forge-1.47.0-1.19.2.jar), 
	simplyswords:mythicmetals_compat/orichalcum/orichalcum_greataxe (from simplyswords-forge-1.47.0-1.19.2.jar), 
	simplyswords:mythicmetals_compat/orichalcum/orichalcum_chakram (from simplyswords-forge-1.47.0-1.19.2.jar), 
	simplyswords:mythicmetals_compat/orichalcum/orichalcum_scythe (from simplyswords-forge-1.47.0-1.19.2.jar), 
	simplyswords:mythicmetals_compat/orichalcum/orichalcum_halberd (from simplyswords-forge-1.47.0-1.19.2.jar)
[19Dec2025 00:54:55.747] [main/DEBUG] [mixin/]: Mixing IngredientTagValueMixin from kubejs-common.mixins.json into net.minecraft.world.item.crafting.Ingredient$TagValue
[19Dec2025 00:54:55.754] [main/DEBUG] [mixin/]: Mixing AccessorUpgradeRecipe from polymorph.mixins.json into net.minecraft.world.item.crafting.UpgradeRecipe
[19Dec2025 00:54:55.781] [main/DEBUG] [Emojiful/]: Loaded com.hrznstudio.emojiful.platform.ForgePlatformHelper@396d47aa for service interface com.hrznstudio.emojiful.platform.services.IPlatformHelper
[19Dec2025 00:54:55.781] [main/DEBUG] [Emojiful/]: Loaded com.hrznstudio.emojiful.platform.ForgeConfigHelper@6a52e96f for service interface com.hrznstudio.emojiful.platform.services.IConfigHelper
[19Dec2025 00:54:55.797] [main/INFO] [net.minecraft.world.item.crafting.RecipeManager/]: Loaded 8 recipes
[19Dec2025 00:54:55.832] [main/DEBUG] [mixin/]: Mixing MixinLootItemRandomChanceWithLootingCondition from majruszlibrary-common.mixins.json into net.minecraft.world.level.storage.loot.predicates.LootItemRandomChanceWithLootingCondition
[19Dec2025 00:54:55.920] [main/ERROR] [net.minecraft.world.level.storage.loot.LootTables/]: Couldn't parse loot table simplyswords:grant_book_on_first_join: com.google.gson.JsonSyntaxException: Expected name to be an item, was unknown string 'patchouli:guide_book'
[19Dec2025 00:54:56.045] [main/WARN] [net.minecraft.world.level.storage.loot.LootTables/]: Found validation problem in {arphex:entities/silverfish_spectre}.pools[0].entries[0].functions[1]: Parameters [<parameter minecraft:tool>] are not provided in this context
[19Dec2025 00:54:56.046] [main/WARN] [net.minecraft.world.level.storage.loot.LootTables/]: Found validation problem in {arphex:entities/long_legs}.pools[0].entries[0].functions[1]: Parameters [<parameter minecraft:tool>] are not provided in this context
[19Dec2025 00:54:56.046] [main/WARN] [net.minecraft.world.level.storage.loot.LootTables/]: Found validation problem in {arphex:entities/millipede_marauder}.pools[0].entries[0].functions[1]: Parameters [<parameter minecraft:tool>] are not provided in this context
[19Dec2025 00:54:56.047] [main/INFO] [placebo/]: Registered 0 additional loot tables.
[19Dec2025 00:54:56.049] [main/ERROR] [net.minecraft.server.ServerFunctionLibrary/]: Failed to load function watching:check
java.util.concurrent.CompletionException: java.lang.IllegalArgumentException: Whilst parsing command on line 1: Unknown or incomplete command, see below for error at position 0: <--[HERE]
	at java.util.concurrent.CompletableFuture.encodeThrowable(CompletableFuture.java:315) ~[?:?]
	at java.util.concurrent.CompletableFuture.completeThrowable(CompletableFuture.java:320) ~[?:?]
	at java.util.concurrent.CompletableFuture$AsyncSupply.run(CompletableFuture.java:1770) ~[?:?]
	at java.util.concurrent.CompletableFuture$AsyncSupply.exec(CompletableFuture.java:1760) ~[?:?]
	at java.util.concurrent.ForkJoinTask.doExec(ForkJoinTask.java:373) ~[?:?]
	at java.util.concurrent.ForkJoinPool$WorkQueue.topLevelExec(ForkJoinPool.java:1182) ~[?:?]
	at java.util.concurrent.ForkJoinPool.scan(ForkJoinPool.java:1655) ~[?:?]
	at java.util.concurrent.ForkJoinPool.runWorker(ForkJoinPool.java:1622) ~[?:?]
	at java.util.concurrent.ForkJoinWorkerThread.run(ForkJoinWorkerThread.java:165) ~[?:?]
Caused by: java.lang.IllegalArgumentException: Whilst parsing command on line 1: Unknown or incomplete command, see below for error at position 0: <--[HERE]
	at net.minecraft.commands.CommandFunction.m_77984_(CommandFunction.java:63) ~[server-1.19.2-20220805.130853-srg.jar%23299!/:?]
	at net.minecraft.server.ServerFunctionLibrary.m_214320_(ServerFunctionLibrary.java:85) ~[server-1.19.2-20220805.130853-srg.jar%23299!/:?]
	at java.util.concurrent.CompletableFuture$AsyncSupply.run(CompletableFuture.java:1768) ~[?:?]
	... 6 more
[19Dec2025 00:54:56.086] [main/ERROR] [net.minecraft.server.ServerAdvancementManager/]: Parsing error loading custom advancement spartanshields:recipes/spartanshields/basic_mekanists_tower_shield: Unknown item id 'mekanism:energy_tablet'
[19Dec2025 00:54:56.117] [main/ERROR] [net.minecraft.server.ServerAdvancementManager/]: Parsing error loading custom advancement spartanshields:recipes/spartanshields/basic_mekanists_basic_shield: Unknown item id 'mekanism:energy_tablet'
[19Dec2025 00:54:56.128] [main/INFO] [com.cupboard.Cupboard/]: Loaded config for: connectivity.json
[19Dec2025 00:54:56.129] [main/ERROR] [net.minecraft.server.ServerAdvancementManager/]: Parsing error loading custom advancement man:thetear: Non [a-z0-9/._-] character in path of location: man:tearoftheman

[19Dec2025 00:54:56.161] [main/INFO] [net.minecraft.advancements.AdvancementList/]: Loaded 1423 advancements
[19Dec2025 00:54:56.165] [main/INFO] [placebo/]: Registered 0 additional recipes.
[19Dec2025 00:54:56.211] [main/DEBUG] [net.minecraftforge.common.ForgeHooks/WP]: Gathering id map for writing to world save OneBlock Reborn
[19Dec2025 00:54:56.224] [main/DEBUG] [net.minecraftforge.common.ForgeHooks/WP]: ID Map collection complete OneBlock Reborn
[19Dec2025 00:54:56.252] [main/DEBUG] [mixin/]: Mixing ServerStatusMixin from bcc.mixins.json into net.minecraft.network.protocol.status.ServerStatus
[19Dec2025 00:54:56.263] [main/INFO] [majruszlibrary/]: [majruszlibrary.json] Reloading configuration file took 1 milliseconds
[19Dec2025 00:54:56.264] [Server thread/INFO] [net.minecraft.server.dedicated.DedicatedServer/]: Starting minecraft server version 1.19.2
[19Dec2025 00:54:56.264] [Server thread/INFO] [net.minecraft.server.dedicated.DedicatedServer/]: Loading properties
[19Dec2025 00:54:56.265] [Server thread/INFO] [net.minecraft.server.dedicated.DedicatedServer/]: Default game type: SURVIVAL
[19Dec2025 00:54:56.265] [Server thread/INFO] [net.minecraft.server.MinecraftServer/]: Generating keypair
[19Dec2025 00:54:56.516] [Server thread/INFO] [net.minecraft.server.dedicated.DedicatedServer/]: Starting Minecraft server on *:25565
[19Dec2025 00:54:56.517] [Server thread/DEBUG] [net.minecraftforge.network.DualStackUtils/]: Detected IPv6 address: "0:0:0:0:0:0:0:0"
[19Dec2025 00:54:56.525] [Server thread/DEBUG] [io.netty.util.internal.NativeLibraryLoader/]: -Dio.netty.native.workdir: /tmp (io.netty.tmpdir)
[19Dec2025 00:54:56.525] [Server thread/DEBUG] [io.netty.util.internal.NativeLibraryLoader/]: -Dio.netty.native.deleteLibAfterLoading: true
[19Dec2025 00:54:56.525] [Server thread/DEBUG] [io.netty.util.internal.NativeLibraryLoader/]: -Dio.netty.native.tryPatchShadedId: true
[19Dec2025 00:54:56.525] [Server thread/DEBUG] [io.netty.util.internal.NativeLibraryLoader/]: -Dio.netty.native.detectNativeLibraryDuplicates: true
[19Dec2025 00:54:56.531] [Server thread/DEBUG] [io.netty.util.internal.NativeLibraryLoader/]: Successfully loaded the library /tmp/libnetty_transport_native_epoll_x86_649942605020723357173.so
[19Dec2025 00:54:56.534] [Server thread/DEBUG] [io.netty.util.NetUtil/]: -Djava.net.preferIPv4Stack: false
[19Dec2025 00:54:56.534] [Server thread/DEBUG] [io.netty.util.NetUtil/]: -Djava.net.preferIPv6Addresses: true
[19Dec2025 00:54:56.535] [Server thread/DEBUG] [io.netty.util.NetUtilInitializations/]: Loopback interface: lo (lo, 0:0:0:0:0:0:0:1%lo)
[19Dec2025 00:54:56.536] [Server thread/DEBUG] [io.netty.util.NetUtil/]: /proc/sys/net/core/somaxconn: 4096
[19Dec2025 00:54:56.540] [Server thread/INFO] [net.minecraft.server.network.ServerConnectionListener/]: Using epoll channel type
[19Dec2025 00:54:56.549] [Server thread/DEBUG] [mixin/]: Mixing NetworkSystemMixin from connectivity.mixins.json into net.minecraft.server.network.ServerConnectionListener$1
[19Dec2025 00:54:56.555] [Server thread/DEBUG] [io.netty.channel.MultithreadEventLoopGroup/]: -Dio.netty.eventLoopThreads: 8
[19Dec2025 00:54:56.575] [Server thread/DEBUG] [io.netty.util.internal.PlatformDependent/]: org.jctools-core.MpscChunkedArrayQueue: available
[19Dec2025 00:54:56.586] [Server thread/DEBUG] [io.netty.channel.DefaultChannelId/]: -Dio.netty.processId: 4373 (auto-detected)
[19Dec2025 00:54:56.587] [Server thread/DEBUG] [io.netty.channel.DefaultChannelId/]: -Dio.netty.machineId: 7c:1e:52:ff:fe:94:2e:c7 (auto-detected)
[19Dec2025 00:54:56.604] [Server thread/DEBUG] [io.netty.buffer.PooledByteBufAllocator/]: -Dio.netty.allocator.numHeapArenas: 8
[19Dec2025 00:54:56.604] [Server thread/DEBUG] [io.netty.buffer.PooledByteBufAllocator/]: -Dio.netty.allocator.numDirectArenas: 8
[19Dec2025 00:54:56.604] [Server thread/DEBUG] [io.netty.buffer.PooledByteBufAllocator/]: -Dio.netty.allocator.pageSize: 8192
[19Dec2025 00:54:56.604] [Server thread/DEBUG] [io.netty.buffer.PooledByteBufAllocator/]: -Dio.netty.allocator.maxOrder: 9
[19Dec2025 00:54:56.605] [Server thread/DEBUG] [io.netty.buffer.PooledByteBufAllocator/]: -Dio.netty.allocator.chunkSize: 4194304
[19Dec2025 00:54:56.605] [Server thread/DEBUG] [io.netty.buffer.PooledByteBufAllocator/]: -Dio.netty.allocator.smallCacheSize: 256
[19Dec2025 00:54:56.605] [Server thread/DEBUG] [io.netty.buffer.PooledByteBufAllocator/]: -Dio.netty.allocator.normalCacheSize: 64
[19Dec2025 00:54:56.605] [Server thread/DEBUG] [io.netty.buffer.PooledByteBufAllocator/]: -Dio.netty.allocator.maxCachedBufferCapacity: 32768
[19Dec2025 00:54:56.605] [Server thread/DEBUG] [io.netty.buffer.PooledByteBufAllocator/]: -Dio.netty.allocator.cacheTrimInterval: 8192
[19Dec2025 00:54:56.605] [Server thread/DEBUG] [io.netty.buffer.PooledByteBufAllocator/]: -Dio.netty.allocator.cacheTrimIntervalMillis: 0
[19Dec2025 00:54:56.605] [Server thread/DEBUG] [io.netty.buffer.PooledByteBufAllocator/]: -Dio.netty.allocator.useCacheForAllThreads: false
[19Dec2025 00:54:56.605] [Server thread/DEBUG] [io.netty.buffer.PooledByteBufAllocator/]: -Dio.netty.allocator.maxCachedByteBuffersPerChunk: 1023
[19Dec2025 00:54:56.612] [Server thread/DEBUG] [io.netty.buffer.ByteBufUtil/]: -Dio.netty.allocator.type: pooled
[19Dec2025 00:54:56.612] [Server thread/DEBUG] [io.netty.buffer.ByteBufUtil/]: -Dio.netty.threadLocalDirectBufferSize: 0
[19Dec2025 00:54:56.612] [Server thread/DEBUG] [io.netty.buffer.ByteBufUtil/]: -Dio.netty.maxThreadLocalCharBufferSize: 16384
[19Dec2025 00:54:56.620] [Server thread/WARN] [net.minecraft.server.dedicated.DedicatedServer/]: **** SERVER IS RUNNING IN OFFLINE/INSECURE MODE!
[19Dec2025 00:54:56.620] [Server thread/WARN] [net.minecraft.server.dedicated.DedicatedServer/]: The server will make no attempt to authenticate usernames. Beware.
[19Dec2025 00:54:56.620] [Server thread/WARN] [net.minecraft.server.dedicated.DedicatedServer/]: While this makes the game possible to play without internet access, it also opens up the ability for hackers to connect with any username they choose.
[19Dec2025 00:54:56.620] [Server thread/WARN] [net.minecraft.server.dedicated.DedicatedServer/]: To change this, set "online-mode" to "true" in the server.properties file.
[19Dec2025 00:54:56.636] [Server thread/DEBUG] [net.minecraftforge.fml.loading.FileUtils/CORE]: Found existing serverconfig directory : ./world/serverconfig
[19Dec2025 00:54:56.637] [Server thread/DEBUG] [net.minecraftforge.fml.config.ConfigTracker/CONFIG]: Loading configs type SERVER
[19Dec2025 00:54:56.637] [Server thread/DEBUG] [net.minecraftforge.fml.config.ConfigFileTypeHandler/CONFIG]: Built TOML config for ./world/serverconfig/cave_dweller-server.toml
[19Dec2025 00:54:56.637] [Server thread/DEBUG] [net.minecraftforge.fml.config.ConfigFileTypeHandler/CONFIG]: Loaded TOML config file ./world/serverconfig/cave_dweller-server.toml
[19Dec2025 00:54:56.638] [Server thread/DEBUG] [net.minecraftforge.fml.config.ConfigFileTypeHandler/CONFIG]: Watching TOML config file ./world/serverconfig/cave_dweller-server.toml for changes
[19Dec2025 00:54:56.639] [Server thread/DEBUG] [net.minecraftforge.fml.config.ConfigFileTypeHandler/CONFIG]: Built TOML config for ./world/serverconfig/steve_dweller-server.toml
[19Dec2025 00:54:56.639] [Server thread/DEBUG] [net.minecraftforge.fml.config.ConfigFileTypeHandler/CONFIG]: Loaded TOML config file ./world/serverconfig/steve_dweller-server.toml
[19Dec2025 00:54:56.639] [Server thread/DEBUG] [net.minecraftforge.fml.config.ConfigFileTypeHandler/CONFIG]: Watching TOML config file ./world/serverconfig/steve_dweller-server.toml for changes
[19Dec2025 00:54:56.640] [Server thread/DEBUG] [net.minecraftforge.fml.config.ConfigFileTypeHandler/CONFIG]: Built TOML config for ./world/serverconfig/mokey-server.toml
[19Dec2025 00:54:56.640] [Server thread/DEBUG] [net.minecraftforge.fml.config.ConfigFileTypeHandler/CONFIG]: Loaded TOML config file ./world/serverconfig/mokey-server.toml
[19Dec2025 00:54:56.640] [Server thread/DEBUG] [net.minecraftforge.fml.config.ConfigFileTypeHandler/CONFIG]: Watching TOML config file ./world/serverconfig/mokey-server.toml for changes
[19Dec2025 00:54:56.641] [Server thread/DEBUG] [net.minecraftforge.fml.config.ConfigFileTypeHandler/CONFIG]: Built TOML config for ./world/serverconfig/demonic_watcher-server.toml
[19Dec2025 00:54:56.641] [Server thread/DEBUG] [net.minecraftforge.fml.config.ConfigFileTypeHandler/CONFIG]: Loaded TOML config file ./world/serverconfig/demonic_watcher-server.toml
[19Dec2025 00:54:56.642] [Server thread/DEBUG] [net.minecraftforge.fml.config.ConfigFileTypeHandler/CONFIG]: Watching TOML config file ./world/serverconfig/demonic_watcher-server.toml for changes
[19Dec2025 00:54:56.642] [Server thread/DEBUG] [net.minecraftforge.fml.config.ConfigFileTypeHandler/CONFIG]: Built TOML config for ./world/serverconfig/torture-server.toml
[19Dec2025 00:54:56.643] [Server thread/DEBUG] [net.minecraftforge.fml.config.ConfigFileTypeHandler/CONFIG]: Loaded TOML config file ./world/serverconfig/torture-server.toml
[19Dec2025 00:54:56.643] [Server thread/DEBUG] [net.minecraftforge.fml.config.ConfigFileTypeHandler/CONFIG]: Watching TOML config file ./world/serverconfig/torture-server.toml for changes
[19Dec2025 00:54:56.644] [Server thread/DEBUG] [net.minecraftforge.fml.config.ConfigFileTypeHandler/CONFIG]: Built TOML config for ./world/serverconfig/inventorysorter-server.toml
[19Dec2025 00:54:56.644] [Server thread/DEBUG] [net.minecraftforge.fml.config.ConfigFileTypeHandler/CONFIG]: Loaded TOML config file ./world/serverconfig/inventorysorter-server.toml
[19Dec2025 00:54:56.644] [Server thread/DEBUG] [net.minecraftforge.fml.config.ConfigFileTypeHandler/CONFIG]: Watching TOML config file ./world/serverconfig/inventorysorter-server.toml for changes
[19Dec2025 00:54:56.646] [Server thread/DEBUG] [net.minecraftforge.fml.config.ConfigFileTypeHandler/CONFIG]: Built TOML config for ./world/serverconfig/the_rake-server.toml
[19Dec2025 00:54:56.646] [Server thread/DEBUG] [net.minecraftforge.fml.config.ConfigFileTypeHandler/CONFIG]: Loaded TOML config file ./world/serverconfig/the_rake-server.toml
[19Dec2025 00:54:56.647] [Server thread/DEBUG] [net.minecraftforge.fml.config.ConfigFileTypeHandler/CONFIG]: Watching TOML config file ./world/serverconfig/the_rake-server.toml for changes
[19Dec2025 00:54:56.647] [Server thread/DEBUG] [net.minecraftforge.fml.config.ConfigFileTypeHandler/CONFIG]: Built TOML config for ./world/serverconfig/jei-server.toml
[19Dec2025 00:54:56.648] [Server thread/DEBUG] [net.minecraftforge.fml.config.ConfigFileTypeHandler/CONFIG]: Loaded TOML config file ./world/serverconfig/jei-server.toml
[19Dec2025 00:54:56.648] [Server thread/DEBUG] [net.minecraftforge.fml.config.ConfigFileTypeHandler/CONFIG]: Watching TOML config file ./world/serverconfig/jei-server.toml for changes
[19Dec2025 00:54:56.648] [Server thread/DEBUG] [net.minecraftforge.fml.config.ConfigFileTypeHandler/CONFIG]: Built TOML config for ./world/serverconfig/farsightedmobs-server.toml
[19Dec2025 00:54:56.648] [Server thread/DEBUG] [net.minecraftforge.fml.config.ConfigFileTypeHandler/CONFIG]: Loaded TOML config file ./world/serverconfig/farsightedmobs-server.toml
[19Dec2025 00:54:56.648] [Server thread/DEBUG] [net.minecraftforge.fml.config.ConfigFileTypeHandler/CONFIG]: Watching TOML config file ./world/serverconfig/farsightedmobs-server.toml for changes
[19Dec2025 00:54:56.649] [Server thread/DEBUG] [net.minecraftforge.fml.config.ConfigFileTypeHandler/CONFIG]: Built TOML config for ./world/serverconfig/forge-server.toml
[19Dec2025 00:54:56.649] [Server thread/DEBUG] [net.minecraftforge.fml.config.ConfigFileTypeHandler/CONFIG]: Loaded TOML config file ./world/serverconfig/forge-server.toml
[19Dec2025 00:54:56.649] [Server thread/DEBUG] [net.minecraftforge.fml.config.ConfigFileTypeHandler/CONFIG]: Watching TOML config file ./world/serverconfig/forge-server.toml for changes
[19Dec2025 00:54:56.649] [Server thread/DEBUG] [net.minecraftforge.common.ForgeConfig/FORGEMOD]: Loaded forge config file forge-server.toml
[19Dec2025 00:54:56.650] [Server thread/DEBUG] [net.minecraftforge.fml.config.ConfigFileTypeHandler/CONFIG]: Built TOML config for ./world/serverconfig/simplebackups-server.toml
[19Dec2025 00:54:56.650] [Server thread/DEBUG] [net.minecraftforge.fml.config.ConfigFileTypeHandler/CONFIG]: Loaded TOML config file ./world/serverconfig/simplebackups-server.toml
[19Dec2025 00:54:56.651] [Server thread/DEBUG] [net.minecraftforge.fml.config.ConfigFileTypeHandler/CONFIG]: Watching TOML config file ./world/serverconfig/simplebackups-server.toml for changes
[19Dec2025 00:54:56.651] [Server thread/DEBUG] [net.minecraftforge.fml.config.ConfigFileTypeHandler/CONFIG]: Built TOML config for ./world/serverconfig/kim_dweller-server.toml
[19Dec2025 00:54:56.651] [Server thread/DEBUG] [net.minecraftforge.fml.config.ConfigFileTypeHandler/CONFIG]: Loaded TOML config file ./world/serverconfig/kim_dweller-server.toml
[19Dec2025 00:54:56.651] [Server thread/DEBUG] [net.minecraftforge.fml.config.ConfigFileTypeHandler/CONFIG]: Watching TOML config file ./world/serverconfig/kim_dweller-server.toml for changes
[19Dec2025 00:54:56.652] [Server thread/DEBUG] [net.minecraftforge.fml.config.ConfigFileTypeHandler/CONFIG]: Built TOML config for ./world/serverconfig/vivilly_dweller-server.toml
[19Dec2025 00:54:56.652] [Server thread/DEBUG] [net.minecraftforge.fml.config.ConfigFileTypeHandler/CONFIG]: Loaded TOML config file ./world/serverconfig/vivilly_dweller-server.toml
[19Dec2025 00:54:56.652] [Server thread/DEBUG] [net.minecraftforge.fml.config.ConfigFileTypeHandler/CONFIG]: Watching TOML config file ./world/serverconfig/vivilly_dweller-server.toml for changes
[19Dec2025 00:54:56.653] [Server thread/DEBUG] [net.minecraftforge.fml.config.ConfigFileTypeHandler/CONFIG]: Built TOML config for ./world/serverconfig/endofherobrine-server.toml
[19Dec2025 00:54:56.653] [Server thread/DEBUG] [net.minecraftforge.fml.config.ConfigFileTypeHandler/CONFIG]: Loaded TOML config file ./world/serverconfig/endofherobrine-server.toml
[19Dec2025 00:54:56.653] [Server thread/DEBUG] [net.minecraftforge.fml.config.ConfigFileTypeHandler/CONFIG]: Watching TOML config file ./world/serverconfig/endofherobrine-server.toml for changes
[19Dec2025 00:54:56.654] [Server thread/DEBUG] [net.minecraftforge.fml.config.ConfigFileTypeHandler/CONFIG]: Built TOML config for ./world/serverconfig/cartoon_dweller-server.toml
[19Dec2025 00:54:56.654] [Server thread/DEBUG] [net.minecraftforge.fml.config.ConfigFileTypeHandler/CONFIG]: Loaded TOML config file ./world/serverconfig/cartoon_dweller-server.toml
[19Dec2025 00:54:56.654] [Server thread/DEBUG] [net.minecraftforge.fml.config.ConfigFileTypeHandler/CONFIG]: Watching TOML config file ./world/serverconfig/cartoon_dweller-server.toml for changes
[19Dec2025 00:54:56.764] [Server thread/INFO] [spark/]: Starting background profiler...
[19Dec2025 00:54:57.582] [Server thread/DEBUG] [net.minecraftforge.fml.loading.FileUtils/CORE]: Found existing serverconfig directory : ./world/serverconfig
[19Dec2025 00:54:57.582] [Server thread/DEBUG] [SpectreLib/CONFIG]: Loading server configs from ./world/serverconfig
[19Dec2025 00:54:57.584] [Server thread/INFO] [net.minecraft.server.dedicated.DedicatedServer/]: Preparing level "world"
[19Dec2025 00:54:57.586] [Server thread/DEBUG] [mixin/]: Mixing feature.branding.BrandingControlMixin from modernfix-forge.mixins.json into net.minecraftforge.internal.BrandingControl
[19Dec2025 00:54:57.603] [Server thread/DEBUG] [mixin/]: Mixing collections.entity_ticking.EntityTickListMixin from canary.mixins.json into net.minecraft.world.level.entity.EntityTickList
[19Dec2025 00:54:57.608] [Server thread/DEBUG] [mixin/]: Mixing world.tick_scheduler.LevelChunkTicksMixin from canary.mixins.json into net.minecraft.world.ticks.LevelChunkTicks
[19Dec2025 00:54:57.608] [Server thread/DEBUG] [mixin/]: Renaming synthetic method lambda$queueTick$0(J)Lcom/abdelaziz/canary/common/world/scheduler/OrderedTickQueue; to md3c33d9$lambda$queueTick$0$0 in canary.mixins.json:world.tick_scheduler.LevelChunkTicksMixin
[19Dec2025 00:54:57.642] [Server thread/DEBUG] [mixin/]: Mixing MixinPersistentEntitySectionManager from majruszlibrary-common.mixins.json into net.minecraft.world.level.entity.PersistentEntitySectionManager
[19Dec2025 00:54:57.642] [Server thread/DEBUG] [mixin/]: Renaming synthetic method lambda$tick$0(Ljava/util/List;Ljava/lang/Long;Lcom/mojang/datafixers/util/Pair;)V to md3c33d9$lambda$tick$0$0 in majruszlibrary-common.mixins.json:MixinPersistentEntitySectionManager
[19Dec2025 00:54:57.645] [Server thread/DEBUG] [mixin/]: Mixing ai.replace_streams.storage.PersistentEntitySectionManagerMixin from canary.mixins.json into net.minecraft.world.level.entity.PersistentEntitySectionManager
[19Dec2025 00:54:57.646] [Server thread/DEBUG] [mixin/]: Renaming synthetic method lambda$processChunkUnload$0(Lnet/minecraft/world/level/entity/EntityAccess;)V to md3c33d9$lambda$processChunkUnload$0$1 in canary.mixins.json:ai.replace_streams.storage.PersistentEntitySectionManagerMixin
[19Dec2025 00:54:57.648] [Server thread/DEBUG] [mixin/]: Mixing util.accessors.PersistentEntitySectionManagerAccessor from canary.mixins.json into net.minecraft.world.level.entity.PersistentEntitySectionManager
[19Dec2025 00:54:57.654] [Server thread/DEBUG] [mixin/]: Mixing entity.inactive_navigations.EntityCallbacksMixin from canary.mixins.json into net.minecraft.server.level.ServerLevel$EntityCallbacks
[19Dec2025 00:54:57.657] [Server thread/DEBUG] [mixin/]: Mixing entity.fast_retrieval.EntitySectionStorageMixin from canary.mixins.json into net.minecraft.world.level.entity.EntitySectionStorage
[19Dec2025 00:54:57.658] [Server thread/DEBUG] [mixin/]: Mixing util.entity_movement_tracking.EntitySectionStorageMixin from canary.mixins.json into net.minecraft.world.level.entity.EntitySectionStorage
[19Dec2025 00:54:57.660] [Server thread/DEBUG] [mixin/]: Mixing util.entity_section_position.EntitySectionStorageMixin from canary.mixins.json into net.minecraft.world.level.entity.EntitySectionStorage
[19Dec2025 00:54:57.671] [Server thread/DEBUG] [mixin/]: Mixing perf.ticking_chunk_alloc.ChunkHolderMixin from modernfix-common.mixins.json into net.minecraft.server.level.ChunkHolder
[19Dec2025 00:54:57.672] [Server thread/DEBUG] [mixin/]: Mixing chunk.replace_streams.ChunkHolderMixin from canary.mixins.json into net.minecraft.server.level.ChunkHolder
[19Dec2025 00:54:57.672] [Server thread/DEBUG] [mixin/]: Mixing world.chunk_access.ChunkHolderMixin from canary.mixins.json into net.minecraft.server.level.ChunkHolder
[19Dec2025 00:54:57.673] [Server thread/DEBUG] [mixin/]: Mixing ChunkHolderMixin from chunksending.mixins.json into net.minecraft.server.level.ChunkHolder
[19Dec2025 00:54:57.682] [Server thread/DEBUG] [mixin/]: Mixing ChunkMapViewDistanceFixedTwo from betterchunkloading.mixins.json into net.minecraft.server.level.ChunkMap
[19Dec2025 00:54:57.683] [Server thread/DEBUG] [mixin/]: Mixing bugfix.paper_chunk_patches.ChunkMapMixin from modernfix-common.mixins.json into net.minecraft.server.level.ChunkMap
[19Dec2025 00:54:57.683] [Server thread/DEBUG] [mixin/]: Renaming synthetic method lambda$useLegacySchedulingLogic$1(Lnet/minecraft/world/level/chunk/ChunkStatus;Lnet/minecraft/world/level/ChunkPos;Lnet/minecraft/server/level/ChunkHolder;Lcom/mojang/datafixers/util/Either;)Ljava/util/concurrent/CompletionStage; to md3c33d9$lambda$useLegacySchedulingLogic$1$0 in modernfix-common.mixins.json:bugfix.paper_chunk_patches.ChunkMapMixin
[19Dec2025 00:54:57.683] [Server thread/DEBUG] [mixin/]: Renaming synthetic method lambda$useLegacySchedulingLogic$0(Lnet/minecraft/server/level/ChunkHolder;Lnet/minecraft/world/level/chunk/ChunkAccess;)Ljava/util/concurrent/CompletableFuture; to md3c33d9$lambda$useLegacySchedulingLogic$0$1 in modernfix-common.mixins.json:bugfix.paper_chunk_patches.ChunkMapMixin
[19Dec2025 00:54:57.684] [Server thread/DEBUG] [mixin/]: Mixing bugfix.chunk_deadlock.ChunkMapLoadMixin from modernfix-forge.mixins.json into net.minecraft.server.level.ChunkMap
[19Dec2025 00:54:57.685] [Server thread/DEBUG] [mixin/]: Mixing ChunkMapAccessor from emotecraft.mixins.json into net.minecraft.server.level.ChunkMap
[19Dec2025 00:54:57.685] [Server thread/DEBUG] [mixin/]: emotecraft.mixins.json:ChunkMapAccessor: Class version 61 required is higher than the class version supported by the current version of Mixin (JAVA_16 supports class version 60)
[19Dec2025 00:54:57.685] [Server thread/DEBUG] [mixin/]: Mixing ChunkMapMixin from smoothchunk.mixins.json into net.minecraft.server.level.ChunkMap
[19Dec2025 00:54:57.704] [Server thread/DEBUG] [mixin/]: Mixing ChunkMapViewDistanceFixed from betterchunkloading.mixins.json into net.minecraft.server.level.DistanceManager
[19Dec2025 00:54:57.704] [Server thread/DEBUG] [mixin/]: Mixing chunk.replace_streams.DistanceManagerMixin from canary.mixins.json into net.minecraft.server.level.DistanceManager
[19Dec2025 00:54:57.720] [Server thread/DEBUG] [mixin/]: Mixing ChunkTaskPriorityQueueSorterMixin from betterchunkloading.mixins.json into net.minecraft.server.level.ChunkTaskPriorityQueueSorter
[19Dec2025 00:54:57.753] [Server thread/DEBUG] [mixin/]: Mixing ai.poi.PoiManagerMixin from canary.mixins.json into net.minecraft.world.entity.ai.village.poi.PoiManager
[19Dec2025 00:54:57.754] [Server thread/DEBUG] [mixin/]: Renaming synthetic method lambda$withinSphereChunkSectionSorted$6(Lnet/minecraft/core/BlockPos;DLjava/util/ArrayList;Lnet/minecraft/world/entity/ai/village/poi/PoiRecord;)V to md3c33d9$lambda$withinSphereChunkSectionSorted$6$0 in canary.mixins.json:ai.poi.PoiManagerMixin
[19Dec2025 00:54:57.754] [Server thread/DEBUG] [mixin/]: Renaming synthetic method lambda$withinSphereChunkSectionSortedStream$5(Ljava/util/function/Predicate;Lnet/minecraft/world/entity/ai/village/poi/PoiManager$Occupancy;Lnet/minecraft/core/BlockPos;DLjava/util/stream/Stream;)Ljava/util/stream/Stream; to md3c33d9$lambda$withinSphereChunkSectionSortedStream$5$1 in canary.mixins.json:ai.poi.PoiManagerMixin
[19Dec2025 00:54:57.754] [Server thread/DEBUG] [mixin/]: Renaming synthetic method lambda$withinSphereChunkSectionSortedStream$4(Ljava/util/function/Predicate;Lnet/minecraft/world/entity/ai/village/poi/PoiManager$Occupancy;Lnet/minecraft/core/BlockPos;DLnet/minecraft/world/entity/ai/village/poi/PoiSection;)Ljava/util/stream/Stream; to md3c33d9$lambda$withinSphereChunkSectionSortedStream$4$2 in canary.mixins.json:ai.poi.PoiManagerMixin
[19Dec2025 00:54:57.754] [Server thread/DEBUG] [mixin/]: Renaming synthetic method lambda$withinSphereChunkSectionSortedStream$3(Lnet/minecraft/core/BlockPos;DLnet/minecraft/world/entity/ai/village/poi/PoiRecord;)Z to md3c33d9$lambda$withinSphereChunkSectionSortedStream$3$3 in canary.mixins.json:ai.poi.PoiManagerMixin
[19Dec2025 00:54:57.755] [Server thread/DEBUG] [mixin/]: Renaming synthetic method lambda$findNearestForPortalLogic$2(Lnet/minecraft/world/level/border/WorldBorder;Ljava/util/function/Predicate;Lnet/minecraft/world/entity/ai/village/poi/PoiRecord;)Z to md3c33d9$lambda$findNearestForPortalLogic$2$4 in canary.mixins.json:ai.poi.PoiManagerMixin
[19Dec2025 00:54:57.755] [Server thread/DEBUG] [mixin/]: Renaming synthetic method lambda$findClosest$1(Ljava/util/function/Predicate;Lnet/minecraft/world/entity/ai/village/poi/PoiRecord;)Z to md3c33d9$lambda$findClosest$1$5 in canary.mixins.json:ai.poi.PoiManagerMixin
[19Dec2025 00:54:57.755] [Server thread/DEBUG] [mixin/]: Renaming synthetic method lambda$getInChunk$0(Ljava/util/function/Predicate;Lnet/minecraft/world/entity/ai/village/poi/PoiManager$Occupancy;Lnet/minecraft/world/entity/ai/village/poi/PoiSection;)Ljava/util/stream/Stream; to md3c33d9$lambda$getInChunk$0$6 in canary.mixins.json:ai.poi.PoiManagerMixin
[19Dec2025 00:54:57.758] [Server thread/DEBUG] [mixin/]: Mixing ai.poi.fast_portals.PoiManagerMixin from canary.mixins.json into net.minecraft.world.entity.ai.village.poi.PoiManager
[19Dec2025 00:54:57.766] [Server thread/DEBUG] [mixin/]: Mixing ai.poi.SectionStorageMixin from canary.mixins.json into net.minecraft.world.level.chunk.storage.SectionStorage
[19Dec2025 00:54:57.767] [Server thread/DEBUG] [mixin/]: Renaming synthetic method lambda$getInChunkColumn$0(Ljava/util/BitSet;Lit/unimi/dsi/fastutil/longs/Long2ObjectMap;ILnet/minecraft/world/level/LevelHeightAccessor;I)Ljava/util/Iterator; to md3c33d9$lambda$getInChunkColumn$0$0 in canary.mixins.json:ai.poi.SectionStorageMixin
[19Dec2025 00:54:57.775] [Server thread/DEBUG] [mixin/]: Mixing ai.poi.PoiSectionMixin from canary.mixins.json into net.minecraft.world.entity.ai.village.poi.PoiSection
[19Dec2025 00:54:57.775] [Server thread/DEBUG] [mixin/]: Renaming synthetic method lambda$computeIfAbsent$0(Ljava/lang/Object;)Ljava/lang/Object; to md3c33d9$lambda$computeIfAbsent$0$0 in canary.mixins.json:ai.poi.PoiSectionMixin
[19Dec2025 00:54:57.783] [Server thread/INFO] [com.cupboard.Cupboard/]: Loaded config for: betterchunkloading.json
[19Dec2025 00:54:57.786] [Server thread/DEBUG] [mixin/]: Mixing ai.poi.fast_portals.PortalForcerMixin from canary.mixins.json into net.minecraft.world.level.portal.PortalForcer
[19Dec2025 00:54:57.786] [Server thread/DEBUG] [mixin/]: Renaming synthetic method lambda$findPortalAround$2(Lnet/minecraft/world/entity/ai/village/poi/PoiRecord;)Lnet/minecraft/BlockUtil$FoundRectangle; to md3c33d9$lambda$findPortalAround$2$0 in canary.mixins.json:ai.poi.fast_portals.PortalForcerMixin
[19Dec2025 00:54:57.786] [Server thread/DEBUG] [mixin/]: Renaming synthetic method lambda$findPortalAround$1(Lnet/minecraft/world/level/block/state/BlockState;Lnet/minecraft/core/BlockPos;)Z to md3c33d9$lambda$findPortalAround$1$1 in canary.mixins.json:ai.poi.fast_portals.PortalForcerMixin
[19Dec2025 00:54:57.786] [Server thread/DEBUG] [mixin/]: Renaming synthetic method lambda$findPortalAround$0(Lnet/minecraft/world/entity/ai/village/poi/PoiRecord;)Z to md3c33d9$lambda$findPortalAround$0$2 in canary.mixins.json:ai.poi.fast_portals.PortalForcerMixin
[19Dec2025 00:54:57.804] [Server thread/DEBUG] [mixin/]: Mixing perf.faster_structure_location.StructureCheckMixin from modernfix-common.mixins.json into net.minecraft.world.level.levelgen.structure.StructureCheck
[19Dec2025 00:54:57.806] [Server thread/DEBUG] [net.minecraftforge.coremod.transformer.CoreModBaseTransformer/COREMOD]: Transforming net/minecraft/world/level/levelgen/structure/Structure
[19Dec2025 00:54:57.841] [Server thread/DEBUG] [ModernFix/]: Loaded stronghold cache for dimension arphex:the_crawling with 128 positions
[19Dec2025 00:54:57.976] [Server thread/INFO] [net.minecraft.server.MinecraftServer/]: Preparing start region for dimension minecraft:overworld
[19Dec2025 00:54:57.980] [Server thread/DEBUG] [mixin/]: Mixing bugfix.paper_chunk_patches.SortedArraySetMixin from modernfix-common.mixins.json into net.minecraft.util.SortedArraySet
[19Dec2025 00:54:57.981] [Server thread/DEBUG] [mixin/]: Mixing world.chunk_tickets.SortedArraySetMixin from canary.mixins.json into net.minecraft.util.SortedArraySet
[19Dec2025 00:54:57.982] [Server thread/WARN] [mixin/]: Method overwrite conflict for removeIf in canary.mixins.json:world.chunk_tickets.SortedArraySetMixin, previously written by org.embeddedt.modernfix.common.mixin.bugfix.paper_chunk_patches.SortedArraySetMixin. Skipping method.
[19Dec2025 00:54:57.982] [Server thread/DEBUG] [mixin/]: Unexpected: Registered method removeIf(Ljava/util/function/Predicate;)Z in net.minecraft.util.SortedArraySet was not merged
[19Dec2025 00:54:58.099] [Server thread/DEBUG] [mixin/]: Mixing MixinChunkSerializer from architectury.mixins.json into net.minecraft.world.level.chunk.storage.ChunkSerializer
[19Dec2025 00:54:58.111] [Server thread/DEBUG] [mixin/]: Mixing chunk.palette.PalettedContainerMixin from canary.mixins.json into net.minecraft.world.level.chunk.PalettedContainer$Strategy
[19Dec2025 00:54:58.115] [Server thread/DEBUG] [mixin/]: Generating mapped inner class net/minecraft/world/level/chunk/PalettedContainer$Strategy$Anonymous$1b06c25b14014d66bbc6efadd2ff46a3 (originally com/abdelaziz/canary/mixin/chunk/palette/PalettedContainerMixin$1)
[19Dec2025 00:54:58.115] [Server thread/DEBUG] [mixin/]: Generating mapped inner class net/minecraft/world/level/chunk/PalettedContainer$Strategy$Anonymous$bc47591a347f414d984ce073b61cd9bc (originally com/abdelaziz/canary/mixin/chunk/palette/PalettedContainerMixin$2)
[19Dec2025 00:54:58.118] [Server thread/DEBUG] [mixin/]: Mixing perf.compact_bit_storage.PalettedContainerMixin from modernfix-common.mixins.json into net.minecraft.world.level.chunk.PalettedContainer
[19Dec2025 00:54:58.119] [Server thread/DEBUG] [mixin/]: Mixing chunk.serialization.PalettedContainerMixin from canary.mixins.json into net.minecraft.world.level.chunk.PalettedContainer
[19Dec2025 00:54:58.119] [Server thread/DEBUG] [mixin/]: Renaming synthetic method lambda$count$2([SI)V to md3c33d9$lambda$count$2$0 in canary.mixins.json:chunk.serialization.PalettedContainerMixin
[19Dec2025 00:54:58.120] [Server thread/DEBUG] [mixin/]: Renaming synthetic method lambda$static$1()[S to md3c33d9$lambda$static$1$1 in canary.mixins.json:chunk.serialization.PalettedContainerMixin
[19Dec2025 00:54:58.120] [Server thread/DEBUG] [mixin/]: Renaming synthetic method lambda$static$0()[S to md3c33d9$lambda$static$0$2 in canary.mixins.json:chunk.serialization.PalettedContainerMixin
[19Dec2025 00:54:58.140] [Server thread/DEBUG] [mixin/]: Mixing chunk.no_validation.ZeroBitStorageMixin from canary.mixins.json into net.minecraft.util.ZeroBitStorage
[19Dec2025 00:54:58.142] [Server thread/DEBUG] [mixin/]: Mixing ThreadingDetectorMixin from cupboard.mixins.json into net.minecraft.util.ThreadingDetector
[19Dec2025 00:54:58.310] [Server thread/DEBUG] [mixin/]: Mixing chunk.no_validation.SimpleBitStorageMixin from canary.mixins.json into net.minecraft.util.SimpleBitStorage
[19Dec2025 00:54:58.310] [Server thread/DEBUG] [mixin/]: Mixing chunk.serialization.SimpleBitStorageMixin from canary.mixins.json into net.minecraft.util.SimpleBitStorage
[19Dec2025 00:54:58.425] [Server thread/DEBUG] [mixin/]: Mixing perf.cache_blockstate_cache_arrays.AbstractBlockStateCacheMixin from modernfix-common.mixins.json into net.minecraft.world.level.block.state.BlockBehaviour$BlockStateBase$Cache
[19Dec2025 00:54:58.426] [Server thread/DEBUG] [mixin/]: Mixing BlockStateCacheMixin from ferritecore.blockstatecache.mixin.json into net.minecraft.world.level.block.state.BlockBehaviour$BlockStateBase$Cache
[19Dec2025 00:54:58.436] [Server thread/DEBUG] [mixin/]: Mixing SubShapeAccess from ferritecore.blockstatecache.mixin.json into net.minecraft.world.phys.shapes.SubShape
[19Dec2025 00:54:58.444] [Server thread/DEBUG] [mixin/]: Mixing ai.pathing.WalkNodeEvaluatorMixin from canary.mixins.json into net.minecraft.world.level.pathfinder.WalkNodeEvaluator
[19Dec2025 00:54:59.631] [Server thread/DEBUG] [mixin/]: Mixing world.block_entity_ticking.sleeping.RebindableTickingBlockEntityWrapperAccessor from canary.mixins.json into net.minecraft.world.level.chunk.LevelChunk$RebindableTickingBlockEntityWrapper
[19Dec2025 00:54:59.634] [Server thread/DEBUG] [mixin/]: Mixing world.block_entity_ticking.world_border.BoundTickingBlockEntityMixin from canary.mixins.json into net.minecraft.world.level.chunk.LevelChunk$BoundTickingBlockEntity
[19Dec2025 00:54:59.685] [Server thread/DEBUG] [mixin/]: Mixing entity.collisions.unpushable_cramming.EntitySectionMixin from canary.mixins.json into net.minecraft.world.level.entity.EntitySection
[19Dec2025 00:54:59.687] [Server thread/DEBUG] [mixin/]: Mixing util.accessors.EntitySectionAccessor from canary.mixins.json into net.minecraft.world.level.entity.EntitySection
[19Dec2025 00:54:59.687] [Server thread/DEBUG] [mixin/]: Mixing util.entity_movement_tracking.EntitySectionMixin from canary.mixins.json into net.minecraft.world.level.entity.EntitySection
[19Dec2025 00:54:59.688] [Server thread/DEBUG] [mixin/]: Mixing util.entity_section_position.EntitySectionMixin from canary.mixins.json into net.minecraft.world.level.entity.EntitySection
[19Dec2025 00:54:59.830] [Server thread/DEBUG] [mixin/]: Mixing collections.attributes.AttributeMapMixin from canary.mixins.json into net.minecraft.world.entity.ai.attributes.AttributeMap
[19Dec2025 00:54:59.834] [Server thread/DEBUG] [mixin/]: Mixing accessor.BrainAccessor from moonlight-common.mixins.json into net.minecraft.world.entity.ai.Brain
[19Dec2025 00:54:59.834] [Server thread/DEBUG] [mixin/]: Mixing ai.task.launch.BrainMixin from canary.mixins.json into net.minecraft.world.entity.ai.Brain
[19Dec2025 00:54:59.836] [Server thread/DEBUG] [mixin/]: Mixing ai.task.memory_change_counting.BrainMixin from canary.mixins.json into net.minecraft.world.entity.ai.Brain
[19Dec2025 00:54:59.836] [Server thread/DEBUG] [mixin/]: Mixing collections.brain.BrainMixin from canary.mixins.json into net.minecraft.world.entity.ai.Brain
[19Dec2025 00:54:59.851] [Server thread/DEBUG] [mixin/]: Mixing collections.goals.GoalSelectorMixin from canary.mixins.json into net.minecraft.world.entity.ai.goal.GoalSelector
[19Dec2025 00:55:00.040] [Server thread/INFO] [net.minecraft.server.level.progress.LoggerChunkProgressListener/]: Time elapsed: 331600 ms
[19Dec2025 00:55:00.041] [Server thread/INFO] [net.minecraft.server.dedicated.DedicatedServer/]: Done (3.412s)! For help, type "help"
[19Dec2025 00:55:00.134] [Server thread/DEBUG] [net.minecraftforge.common.ForgeI18n/CORE]: Loading I18N data entries: 2970
[19Dec2025 00:55:00.139] [Server thread/INFO] [net.minecraftforge.server.permission.PermissionAPI/]: Successfully initialized permission handler forge:default_handler
[19Dec2025 00:55:00.170] [Server thread/INFO] [com.cupboard.Cupboard/]: Loaded config for: chunksending.json
[19Dec2025 00:55:00.171] [Server thread/INFO] [com.cupboard.Cupboard/]: Loaded config for: smoothchunk.json
[19Dec2025 00:55:00.308] [Server thread/INFO] [net.bettercombat.logic.WeaponRegistry/]: Encoded Weapon Attribute registry size (with package overhead): 121845 bytes (in 13 string chunks with the size of 10000)
[19Dec2025 00:55:00.309] [Server thread/WARN] [ModernFix/]: Dedicated server took 36.188 seconds to load
[19Dec2025 00:55:00.350] [Server thread/DEBUG] [mixin/]: Mixing MixinNaturalSpawner from majruszlibrary-common.mixins.json into net.minecraft.world.level.NaturalSpawner
[19Dec2025 00:55:00.387] [Server thread/DEBUG] [mixin/]: Mixing chunk.entity_class_groups.ClassInstanceMultiMapMixin from canary.mixins.json into net.minecraft.util.ClassInstanceMultiMap
[19Dec2025 00:55:00.391] [Server thread/DEBUG] [mixin/]: Mixing collections.entity_by_type.ClassInstanceMultiMapMixin from canary.mixins.json into net.minecraft.util.ClassInstanceMultiMap
[19Dec2025 00:55:00.391] [Server thread/DEBUG] [mixin/]: Mixing collections.entity_filtering.ClassInstanceMultiMapMixin from canary.mixins.json into net.minecraft.util.ClassInstanceMultiMap
[19Dec2025 00:55:00.397] [Server thread/DEBUG] [mixin/]: Mixing util.entity_movement_tracking.PersistentEntitySectionManagerMixin from canary.mixins.json into net.minecraft.world.level.entity.PersistentEntitySectionManager$Callback
[19Dec2025 00:55:00.401] [Server thread/DEBUG] [mixin/]: Mixing TrackedEntityAccessor from emotecraft.mixins.json into net.minecraft.server.level.ChunkMap$TrackedEntity
[19Dec2025 00:55:00.401] [Server thread/DEBUG] [mixin/]: emotecraft.mixins.json:TrackedEntityAccessor: Class version 61 required is higher than the class version supported by the current version of Mixin (JAVA_16 supports class version 60)
[19Dec2025 00:55:00.402] [Server thread/DEBUG] [mixin/]: Mixing alloc.entity_tracker.TrackedEntityMixin from canary.mixins.json into net.minecraft.server.level.ChunkMap$TrackedEntity
[19Dec2025 00:55:00.404] [Server thread/DEBUG] [mixin/]: Mixing ServerPlayTrackerMixin from emotecraft-arch.mixins.json into net.minecraft.server.level.ServerEntity
[19Dec2025 00:55:00.404] [Server thread/DEBUG] [mixin/]: emotecraft-arch.mixins.json:ServerPlayTrackerMixin: Class version 61 required is higher than the class version supported by the current version of Mixin (JAVA_16 supports class version 60)
[19Dec2025 00:55:00.413] [Server thread/DEBUG] [io.netty.util.internal.ThreadLocalRandom/]: -Dio.netty.initialSeedUniquifier: 0xbb4d4d3c477332d2
[19Dec2025 00:55:00.463] [Server thread/DEBUG] [Mob Sunscreen/]: Loaded com.kreezcraft.mobsunscreen.platform.ForgePlatformHelper@545c5e10 for service interface com.kreezcraft.mobsunscreen.platform.services.IPlatformHelper
[19Dec2025 00:55:00.492] [Server thread/DEBUG] [mixin/]: Mixing MixinEnderDragonPhaseManager from endertrigon.mixins.json into net.minecraft.world.entity.boss.enderdragon.phases.EnderDragonPhaseManager
[19Dec2025 00:55:39.564] [Server thread/DEBUG] [mixin/]: Mixing cached_hashcode.BlockStatePairKeyMixin from canary.mixins.json into net.minecraft.world.level.block.Block$BlockStatePairKey
[19Dec2025 01:00:00.291] [Server thread/DEBUG] [net.minecraftforge.common.ForgeHooks/WP]: Gathering id map for writing to world save OneBlock Reborn
[19Dec2025 01:00:00.302] [Server thread/DEBUG] [net.minecraftforge.common.ForgeHooks/WP]: ID Map collection complete OneBlock Reborn
[19Dec2025 01:05:00.281] [Server thread/DEBUG] [net.minecraftforge.common.ForgeHooks/WP]: Gathering id map for writing to world save OneBlock Reborn
[19Dec2025 01:05:00.289] [Server thread/DEBUG] [net.minecraftforge.common.ForgeHooks/WP]: ID Map collection complete OneBlock Reborn
[19Dec2025 01:10:00.274] [Server thread/DEBUG] [net.minecraftforge.common.ForgeHooks/WP]: Gathering id map for writing to world save OneBlock Reborn
[19Dec2025 01:10:00.279] [Server thread/DEBUG] [net.minecraftforge.common.ForgeHooks/WP]: ID Map collection complete OneBlock Reborn
[19Dec2025 01:15:00.274] [Server thread/DEBUG] [net.minecraftforge.common.ForgeHooks/WP]: Gathering id map for writing to world save OneBlock Reborn
[19Dec2025 01:15:00.278] [Server thread/DEBUG] [net.minecraftforge.common.ForgeHooks/WP]: ID Map collection complete OneBlock Reborn
[19Dec2025 01:20:00.272] [Server thread/DEBUG] [net.minecraftforge.common.ForgeHooks/WP]: Gathering id map for writing to world save OneBlock Reborn
[19Dec2025 01:20:00.277] [Server thread/DEBUG] [net.minecraftforge.common.ForgeHooks/WP]: ID Map collection complete OneBlock Reborn
[19Dec2025 01:25:00.276] [Server thread/DEBUG] [net.minecraftforge.common.ForgeHooks/WP]: Gathering id map for writing to world save OneBlock Reborn
[19Dec2025 01:25:00.280] [Server thread/DEBUG] [net.minecraftforge.common.ForgeHooks/WP]: ID Map collection complete OneBlock Reborn
[19Dec2025 01:30:00.271] [Server thread/DEBUG] [net.minecraftforge.common.ForgeHooks/WP]: Gathering id map for writing to world save OneBlock Reborn
[19Dec2025 01:30:00.275] [Server thread/DEBUG] [net.minecraftforge.common.ForgeHooks/WP]: ID Map collection complete OneBlock Reborn
[19Dec2025 01:35:00.271] [Server thread/DEBUG] [net.minecraftforge.common.ForgeHooks/WP]: Gathering id map for writing to world save OneBlock Reborn
[19Dec2025 01:35:00.275] [Server thread/DEBUG] [net.minecraftforge.common.ForgeHooks/WP]: ID Map collection complete OneBlock Reborn
[19Dec2025 01:40:00.271] [Server thread/DEBUG] [net.minecraftforge.common.ForgeHooks/WP]: Gathering id map for writing to world save OneBlock Reborn
[19Dec2025 01:40:00.275] [Server thread/DEBUG] [net.minecraftforge.common.ForgeHooks/WP]: ID Map collection complete OneBlock Reborn
[19Dec2025 01:45:00.272] [Server thread/DEBUG] [net.minecraftforge.common.ForgeHooks/WP]: Gathering id map for writing to world save OneBlock Reborn
[19Dec2025 01:45:00.276] [Server thread/DEBUG] [net.minecraftforge.common.ForgeHooks/WP]: ID Map collection complete OneBlock Reborn
[19Dec2025 01:50:00.272] [Server thread/DEBUG] [net.minecraftforge.common.ForgeHooks/WP]: Gathering id map for writing to world save OneBlock Reborn
[19Dec2025 01:50:00.276] [Server thread/DEBUG] [net.minecraftforge.common.ForgeHooks/WP]: ID Map collection complete OneBlock Reborn
[19Dec2025 01:55:00.273] [Server thread/DEBUG] [net.minecraftforge.common.ForgeHooks/WP]: Gathering id map for writing to world save OneBlock Reborn
[19Dec2025 01:55:00.276] [Server thread/DEBUG] [net.minecraftforge.common.ForgeHooks/WP]: ID Map collection complete OneBlock Reborn
[19Dec2025 02:00:00.270] [Server thread/DEBUG] [net.minecraftforge.common.ForgeHooks/WP]: Gathering id map for writing to world save OneBlock Reborn
[19Dec2025 02:00:00.274] [Server thread/DEBUG] [net.minecraftforge.common.ForgeHooks/WP]: ID Map collection complete OneBlock Reborn
[19Dec2025 02:05:00.273] [Server thread/DEBUG] [net.minecraftforge.common.ForgeHooks/WP]: Gathering id map for writing to world save OneBlock Reborn
[19Dec2025 02:05:00.277] [Server thread/DEBUG] [net.minecraftforge.common.ForgeHooks/WP]: ID Map collection complete OneBlock Reborn
[19Dec2025 02:10:00.273] [Server thread/DEBUG] [net.minecraftforge.common.ForgeHooks/WP]: Gathering id map for writing to world save OneBlock Reborn
[19Dec2025 02:10:00.277] [Server thread/DEBUG] [net.minecraftforge.common.ForgeHooks/WP]: ID Map collection complete OneBlock Reborn
[19Dec2025 02:15:00.271] [Server thread/DEBUG] [net.minecraftforge.common.ForgeHooks/WP]: Gathering id map for writing to world save OneBlock Reborn
[19Dec2025 02:15:00.275] [Server thread/DEBUG] [net.minecraftforge.common.ForgeHooks/WP]: ID Map collection complete OneBlock Reborn
[19Dec2025 02:20:00.270] [Server thread/DEBUG] [net.minecraftforge.common.ForgeHooks/WP]: Gathering id map for writing to world save OneBlock Reborn
[19Dec2025 02:20:00.274] [Server thread/DEBUG] [net.minecraftforge.common.ForgeHooks/WP]: ID Map collection complete OneBlock Reborn
[19Dec2025 02:25:00.271] [Server thread/DEBUG] [net.minecraftforge.common.ForgeHooks/WP]: Gathering id map for writing to world save OneBlock Reborn
[19Dec2025 02:25:00.275] [Server thread/DEBUG] [net.minecraftforge.common.ForgeHooks/WP]: ID Map collection complete OneBlock Reborn
[19Dec2025 02:30:00.270] [Server thread/DEBUG] [net.minecraftforge.common.ForgeHooks/WP]: Gathering id map for writing to world save OneBlock Reborn
[19Dec2025 02:30:00.273] [Server thread/DEBUG] [net.minecraftforge.common.ForgeHooks/WP]: ID Map collection complete OneBlock Reborn
[19Dec2025 02:35:00.269] [Server thread/DEBUG] [net.minecraftforge.common.ForgeHooks/WP]: Gathering id map for writing to world save OneBlock Reborn
[19Dec2025 02:35:00.273] [Server thread/DEBUG] [net.minecraftforge.common.ForgeHooks/WP]: ID Map collection complete OneBlock Reborn
[19Dec2025 02:40:00.272] [Server thread/DEBUG] [net.minecraftforge.common.ForgeHooks/WP]: Gathering id map for writing to world save OneBlock Reborn
[19Dec2025 02:40:00.276] [Server thread/DEBUG] [net.minecraftforge.common.ForgeHooks/WP]: ID Map collection complete OneBlock Reborn
[19Dec2025 02:45:00.273] [Server thread/DEBUG] [net.minecraftforge.common.ForgeHooks/WP]: Gathering id map for writing to world save OneBlock Reborn
[19Dec2025 02:45:00.276] [Server thread/DEBUG] [net.minecraftforge.common.ForgeHooks/WP]: ID Map collection complete OneBlock Reborn
[19Dec2025 02:50:00.269] [Server thread/DEBUG] [net.minecraftforge.common.ForgeHooks/WP]: Gathering id map for writing to world save OneBlock Reborn
[19Dec2025 02:50:00.273] [Server thread/DEBUG] [net.minecraftforge.common.ForgeHooks/WP]: ID Map collection complete OneBlock Reborn
[19Dec2025 02:55:00.269] [Server thread/DEBUG] [net.minecraftforge.common.ForgeHooks/WP]: Gathering id map for writing to world save OneBlock Reborn
[19Dec2025 02:55:00.272] [Server thread/DEBUG] [net.minecraftforge.common.ForgeHooks/WP]: ID Map collection complete OneBlock Reborn
[19Dec2025 03:00:00.270] [Server thread/DEBUG] [net.minecraftforge.common.ForgeHooks/WP]: Gathering id map for writing to world save OneBlock Reborn
[19Dec2025 03:00:00.274] [Server thread/DEBUG] [net.minecraftforge.common.ForgeHooks/WP]: ID Map collection complete OneBlock Reborn
[19Dec2025 03:05:00.271] [Server thread/DEBUG] [net.minecraftforge.common.ForgeHooks/WP]: Gathering id map for writing to world save OneBlock Reborn
[19Dec2025 03:05:00.275] [Server thread/DEBUG] [net.minecraftforge.common.ForgeHooks/WP]: ID Map collection complete OneBlock Reborn
[19Dec2025 03:10:00.269] [Server thread/DEBUG] [net.minecraftforge.common.ForgeHooks/WP]: Gathering id map for writing to world save OneBlock Reborn
[19Dec2025 03:10:00.273] [Server thread/DEBUG] [net.minecraftforge.common.ForgeHooks/WP]: ID Map collection complete OneBlock Reborn
[19Dec2025 03:15:00.269] [Server thread/DEBUG] [net.minecraftforge.common.ForgeHooks/WP]: Gathering id map for writing to world save OneBlock Reborn
[19Dec2025 03:15:00.272] [Server thread/DEBUG] [net.minecraftforge.common.ForgeHooks/WP]: ID Map collection complete OneBlock Reborn
[19Dec2025 03:20:00.269] [Server thread/DEBUG] [net.minecraftforge.common.ForgeHooks/WP]: Gathering id map for writing to world save OneBlock Reborn
[19Dec2025 03:20:00.272] [Server thread/DEBUG] [net.minecraftforge.common.ForgeHooks/WP]: ID Map collection complete OneBlock Reborn
[19Dec2025 03:25:00.271] [Server thread/DEBUG] [net.minecraftforge.common.ForgeHooks/WP]: Gathering id map for writing to world save OneBlock Reborn
[19Dec2025 03:25:00.274] [Server thread/DEBUG] [net.minecraftforge.common.ForgeHooks/WP]: ID Map collection complete OneBlock Reborn
[19Dec2025 03:30:00.270] [Server thread/DEBUG] [net.minecraftforge.common.ForgeHooks/WP]: Gathering id map for writing to world save OneBlock Reborn
[19Dec2025 03:30:00.273] [Server thread/DEBUG] [net.minecraftforge.common.ForgeHooks/WP]: ID Map collection complete OneBlock Reborn
[19Dec2025 03:35:00.270] [Server thread/DEBUG] [net.minecraftforge.common.ForgeHooks/WP]: Gathering id map for writing to world save OneBlock Reborn
[19Dec2025 03:35:00.274] [Server thread/DEBUG] [net.minecraftforge.common.ForgeHooks/WP]: ID Map collection complete OneBlock Reborn
[19Dec2025 03:40:00.269] [Server thread/DEBUG] [net.minecraftforge.common.ForgeHooks/WP]: Gathering id map for writing to world save OneBlock Reborn
[19Dec2025 03:40:00.272] [Server thread/DEBUG] [net.minecraftforge.common.ForgeHooks/WP]: ID Map collection complete OneBlock Reborn
[19Dec2025 03:45:00.270] [Server thread/DEBUG] [net.minecraftforge.common.ForgeHooks/WP]: Gathering id map for writing to world save OneBlock Reborn
[19Dec2025 03:45:00.274] [Server thread/DEBUG] [net.minecraftforge.common.ForgeHooks/WP]: ID Map collection complete OneBlock Reborn
[19Dec2025 03:50:00.268] [Server thread/DEBUG] [net.minecraftforge.common.ForgeHooks/WP]: Gathering id map for writing to world save OneBlock Reborn
[19Dec2025 03:50:00.271] [Server thread/DEBUG] [net.minecraftforge.common.ForgeHooks/WP]: ID Map collection complete OneBlock Reborn
[19Dec2025 03:55:00.271] [Server thread/DEBUG] [net.minecraftforge.common.ForgeHooks/WP]: Gathering id map for writing to world save OneBlock Reborn
[19Dec2025 03:55:00.274] [Server thread/DEBUG] [net.minecraftforge.common.ForgeHooks/WP]: ID Map collection complete OneBlock Reborn
[19Dec2025 04:00:00.270] [Server thread/DEBUG] [net.minecraftforge.common.ForgeHooks/WP]: Gathering id map for writing to world save OneBlock Reborn
[19Dec2025 04:00:00.274] [Server thread/DEBUG] [net.minecraftforge.common.ForgeHooks/WP]: ID Map collection complete OneBlock Reborn
[19Dec2025 04:05:00.269] [Server thread/DEBUG] [net.minecraftforge.common.ForgeHooks/WP]: Gathering id map for writing to world save OneBlock Reborn
[19Dec2025 04:05:00.272] [Server thread/DEBUG] [net.minecraftforge.common.ForgeHooks/WP]: ID Map collection complete OneBlock Reborn
[19Dec2025 04:10:00.270] [Server thread/DEBUG] [net.minecraftforge.common.ForgeHooks/WP]: Gathering id map for writing to world save OneBlock Reborn
[19Dec2025 04:10:00.273] [Server thread/DEBUG] [net.minecraftforge.common.ForgeHooks/WP]: ID Map collection complete OneBlock Reborn
[19Dec2025 04:15:00.269] [Server thread/DEBUG] [net.minecraftforge.common.ForgeHooks/WP]: Gathering id map for writing to world save OneBlock Reborn
[19Dec2025 04:15:00.272] [Server thread/DEBUG] [net.minecraftforge.common.ForgeHooks/WP]: ID Map collection complete OneBlock Reborn
[19Dec2025 04:20:00.270] [Server thread/DEBUG] [net.minecraftforge.common.ForgeHooks/WP]: Gathering id map for writing to world save OneBlock Reborn
[19Dec2025 04:20:00.273] [Server thread/DEBUG] [net.minecraftforge.common.ForgeHooks/WP]: ID Map collection complete OneBlock Reborn
[19Dec2025 04:25:00.269] [Server thread/DEBUG] [net.minecraftforge.common.ForgeHooks/WP]: Gathering id map for writing to world save OneBlock Reborn
[19Dec2025 04:25:00.273] [Server thread/DEBUG] [net.minecraftforge.common.ForgeHooks/WP]: ID Map collection complete OneBlock Reborn
[19Dec2025 04:30:00.269] [Server thread/DEBUG] [net.minecraftforge.common.ForgeHooks/WP]: Gathering id map for writing to world save OneBlock Reborn
[19Dec2025 04:30:00.273] [Server thread/DEBUG] [net.minecraftforge.common.ForgeHooks/WP]: ID Map collection complete OneBlock Reborn
[19Dec2025 04:35:00.270] [Server thread/DEBUG] [net.minecraftforge.common.ForgeHooks/WP]: Gathering id map for writing to world save OneBlock Reborn
[19Dec2025 04:35:00.273] [Server thread/DEBUG] [net.minecraftforge.common.ForgeHooks/WP]: ID Map collection complete OneBlock Reborn
[19Dec2025 04:40:00.270] [Server thread/DEBUG] [net.minecraftforge.common.ForgeHooks/WP]: Gathering id map for writing to world save OneBlock Reborn
[19Dec2025 04:40:00.273] [Server thread/DEBUG] [net.minecraftforge.common.ForgeHooks/WP]: ID Map collection complete OneBlock Reborn
[19Dec2025 04:45:00.270] [Server thread/DEBUG] [net.minecraftforge.common.ForgeHooks/WP]: Gathering id map for writing to world save OneBlock Reborn
[19Dec2025 04:45:00.273] [Server thread/DEBUG] [net.minecraftforge.common.ForgeHooks/WP]: ID Map collection complete OneBlock Reborn
[19Dec2025 04:50:00.271] [Server thread/DEBUG] [net.minecraftforge.common.ForgeHooks/WP]: Gathering id map for writing to world save OneBlock Reborn
[19Dec2025 04:50:00.274] [Server thread/DEBUG] [net.minecraftforge.common.ForgeHooks/WP]: ID Map collection complete OneBlock Reborn
[19Dec2025 04:55:00.269] [Server thread/DEBUG] [net.minecraftforge.common.ForgeHooks/WP]: Gathering id map for writing to world save OneBlock Reborn
[19Dec2025 04:55:00.272] [Server thread/DEBUG] [net.minecraftforge.common.ForgeHooks/WP]: ID Map collection complete OneBlock Reborn
[19Dec2025 05:00:00.271] [Server thread/DEBUG] [net.minecraftforge.common.ForgeHooks/WP]: Gathering id map for writing to world save OneBlock Reborn
[19Dec2025 05:00:00.274] [Server thread/DEBUG] [net.minecraftforge.common.ForgeHooks/WP]: ID Map collection complete OneBlock Reborn
[19Dec2025 05:05:00.270] [Server thread/DEBUG] [net.minecraftforge.common.ForgeHooks/WP]: Gathering id map for writing to world save OneBlock Reborn
[19Dec2025 05:05:00.273] [Server thread/DEBUG] [net.minecraftforge.common.ForgeHooks/WP]: ID Map collection complete OneBlock Reborn
[19Dec2025 05:10:00.271] [Server thread/DEBUG] [net.minecraftforge.common.ForgeHooks/WP]: Gathering id map for writing to world save OneBlock Reborn
[19Dec2025 05:10:00.274] [Server thread/DEBUG] [net.minecraftforge.common.ForgeHooks/WP]: ID Map collection complete OneBlock Reborn
[19Dec2025 05:15:00.270] [Server thread/DEBUG] [net.minecraftforge.common.ForgeHooks/WP]: Gathering id map for writing to world save OneBlock Reborn
[19Dec2025 05:15:00.273] [Server thread/DEBUG] [net.minecraftforge.common.ForgeHooks/WP]: ID Map collection complete OneBlock Reborn
[19Dec2025 05:20:00.270] [Server thread/DEBUG] [net.minecraftforge.common.ForgeHooks/WP]: Gathering id map for writing to world save OneBlock Reborn
[19Dec2025 05:20:00.273] [Server thread/DEBUG] [net.minecraftforge.common.ForgeHooks/WP]: ID Map collection complete OneBlock Reborn
